Timestamp,GHI,DNI,DHI,ModA,ModB,Tamb,RH,WS,WSgust,WSstdev,WD,WDstdev,BP,Cleaning,Precipitation,TModA,TModB,Comments,GHI_z,DNI_z,DHI_z,ModA_z,ModB_z,WS_z,WSgust_z,is_outlier
2021-08-09 00:01:00,-1.2,-0.2,-1.1,0.0,0.0,26.2,93.4,0.0,0.4,0.1,122.1,0.0,998,0,0.0,26.3,26.2,,-0.7301021151012299,-0.6395909786585526,-0.7338728559916987,-0.7237486766722807,-0.7230881194684287,-1.3228312879624045,-1.1873115095553934,False
2021-08-09 00:02:00,-1.1,-0.2,-1.1,0.0,0.0,26.2,93.6,0.0,0.0,0.0,0.0,0.0,998,0,0.0,26.3,26.2,,-0.7298001198295884,-0.6395909786585526,-0.7338728559916987,-0.7237486766722807,-0.7230881194684287,-1.3228312879624045,-1.3844415211681564,False
2021-08-09 00:03:00,-1.1,-0.2,-1.1,0.0,0.0,26.2,93.7,0.3,1.1,0.5,124.6,1.5,997,0,0.0,26.4,26.2,,-0.7298001198295884,-0.6395909786585526,-0.7338728559916987,-0.7237486766722807,-0.7230881194684287,-1.1357363904146458,-0.8423339892330581,False
2021-08-09 00:04:00,-1.1,-0.1,-1.0,0.0,0.0,26.2,93.3,0.2,0.7,0.4,120.3,1.3,997,0,0.0,26.4,26.3,,-0.7298001198295884,-0.6392088766989726,-0.7332427002261757,-0.7237486766722807,-0.7230881194684287,-1.198101356263899,-1.0394640008458211,False
2021-08-09 00:05:00,-1.0,-0.1,-1.0,0.0,0.0,26.2,93.3,0.1,0.7,0.3,113.2,1.0,997,0,0.0,26.4,26.3,,-0.7294981245579467,-0.6392088766989726,-0.7332427002261757,-0.7237486766722807,-0.7230881194684287,-1.2604663221131516,-1.0394640008458211,False
2021-08-09 00:06:00,-1.0,-0.1,-1.0,0.0,0.0,26.2,93.8,0.0,0.4,0.1,119.1,0.0,997,0,0.0,26.4,26.3,,-0.7294981245579467,-0.6392088766989726,-0.7332427002261757,-0.7237486766722807,-0.7230881194684287,-1.3228312879624045,-1.1873115095553934,False
2021-08-09 00:07:00,-1.0,-0.1,-1.0,0.0,0.0,26.2,93.7,0.0,0.0,0.0,0.0,0.0,997,0,0.0,26.5,26.3,,-0.7294981245579467,-0.6392088766989726,-0.7332427002261757,-0.7237486766722807,-0.7230881194684287,-1.3228312879624045,-1.3844415211681564,False
2021-08-09 00:08:00,-1.0,-0.1,-1.0,0.0,0.0,26.2,93.7,0.7,1.3,0.6,126.8,2.8,997,0,0.0,26.5,26.3,,-0.7294981245579467,-0.6392088766989726,-0.7332427002261757,-0.7237486766722807,-0.7230881194684287,-0.886276527017634,-0.7437689834266766,False
2021-08-09 00:09:00,-1.0,-0.1,-1.0,0.0,0.0,26.2,93.6,0.4,1.1,0.5,124.9,5.5,997,0,0.0,26.5,26.4,,-0.7294981245579467,-0.6392088766989726,-0.7332427002261757,-0.7237486766722807,-0.7230881194684287,-1.073371424565393,-0.8423339892330581,False
2021-08-09 00:10:00,-1.0,-0.1,-1.0,0.0,0.0,26.2,93.6,0.5,1.1,0.5,114.2,5.1,997,0,0.0,26.5,26.4,,-0.7294981245579467,-0.6392088766989726,-0.7332427002261757,-0.7237486766722807,-0.7230881194684287,-1.0110064587161398,-0.8423339892330581,False
2021-08-09 00:11:00,-1.1,-0.1,-1.0,0.0,0.0,26.2,93.6,0.2,1.1,0.4,119.9,2.7,997,0,0.0,26.5,26.4,,-0.7298001198295884,-0.6392088766989726,-0.7332427002261757,-0.7237486766722807,-0.7230881194684287,-1.198101356263899,-0.8423339892330581,False
2021-08-09 00:12:00,-1.1,-0.2,-1.1,0.0,0.0,26.2,93.7,0.3,1.1,0.5,112.7,1.4,997,0,0.0,26.5,26.4,,-0.7298001198295884,-0.6395909786585526,-0.7338728559916987,-0.7237486766722807,-0.7230881194684287,-1.1357363904146458,-0.8423339892330581,False
2021-08-09 00:13:00,-1.1,-0.2,-1.1,0.0,0.0,26.2,93.7,0.0,0.0,0.0,0.0,0.0,997,0,0.0,26.5,26.4,,-0.7298001198295884,-0.6395909786585526,-0.7338728559916987,-0.7237486766722807,-0.7230881194684287,-1.3228312879624045,-1.3844415211681564,False
2021-08-09 00:14:00,-1.2,-0.2,-1.1,0.0,0.0,26.2,93.9,0.0,0.0,0.0,0.0,0.0,997,0,0.0,26.5,26.4,,-0.7301021151012299,-0.6395909786585526,-0.7338728559916987,-0.7237486766722807,-0.7230881194684287,-1.3228312879624045,-1.3844415211681564,False
2021-08-09 00:15:00,-1.2,-0.2,-1.1,0.0,0.0,26.2,93.9,0.6,1.1,0.5,113.7,2.6,997,0,0.0,26.5,26.3,,-0.7301021151012299,-0.6395909786585526,-0.7338728559916987,-0.7237486766722807,-0.7230881194684287,-0.9486414928668868,-0.8423339892330581,False
2021-08-09 00:16:00,-1.2,-0.2,-1.1,0.0,0.0,26.2,93.8,0.6,1.3,0.6,115.5,3.3,997,0,0.0,26.5,26.3,,-0.7301021151012299,-0.6395909786585526,-0.7338728559916987,-0.7237486766722807,-0.7230881194684287,-0.9486414928668868,-0.7437689834266766,False
2021-08-09 00:17:00,-1.2,-0.2,-1.2,0.0,0.0,26.2,94.0,0.8,1.3,0.6,115.3,5.8,998,0,0.0,26.5,26.3,,-0.7301021151012299,-0.6395909786585526,-0.7345030117572219,-0.7237486766722807,-0.7230881194684287,-0.8239115611683812,-0.7437689834266766,False
2021-08-09 00:18:00,-1.2,-0.2,-1.1,0.0,0.0,26.2,94.0,0.6,1.3,0.6,116.7,2.1,998,0,0.0,26.5,26.3,,-0.7301021151012299,-0.6395909786585526,-0.7338728559916987,-0.7237486766722807,-0.7230881194684287,-0.9486414928668868,-0.7437689834266766,False
2021-08-09 00:19:00,-1.2,-0.2,-1.1,0.0,0.0,26.2,93.9,0.4,1.1,0.5,118.1,2.7,997,0,0.0,26.5,26.3,,-0.7301021151012299,-0.6395909786585526,-0.7338728559916987,-0.7237486766722807,-0.7230881194684287,-1.073371424565393,-0.8423339892330581,False
2021-08-09 00:20:00,-1.2,-0.2,-1.1,0.0,0.0,26.2,94.2,0.5,1.3,0.6,118.9,4.1,997,0,0.0,26.5,26.3,,-0.7301021151012299,-0.6395909786585526,-0.7338728559916987,-0.7237486766722807,-0.7230881194684287,-1.0110064587161398,-0.7437689834266766,False
2021-08-09 00:21:00,-1.1,-0.2,-1.1,0.0,0.0,26.2,93.9,0.1,0.7,0.3,117.1,1.8,997,0,0.0,26.5,26.3,,-0.7298001198295884,-0.6395909786585526,-0.7338728559916987,-0.7237486766722807,-0.7230881194684287,-1.2604663221131516,-1.0394640008458211,False
2021-08-09 00:22:00,-1.1,-0.2,-1.1,0.0,0.0,26.2,94.1,0.2,1.1,0.4,121.3,3.6,997,0,0.0,26.5,26.3,,-0.7298001198295884,-0.6395909786585526,-0.7338728559916987,-0.7237486766722807,-0.7230881194684287,-1.198101356263899,-0.8423339892330581,False
2021-08-09 00:23:00,-1.1,-0.1,-1.1,0.0,0.0,26.2,94.1,0.0,0.4,0.1,131.5,0.0,997,0,0.0,26.5,26.3,,-0.7298001198295884,-0.6392088766989726,-0.7338728559916987,-0.7237486766722807,-0.7230881194684287,-1.3228312879624045,-1.1873115095553934,False
2021-08-09 00:24:00,-1.1,-0.2,-1.0,0.0,0.0,26.2,94.1,0.4,1.1,0.5,120.3,2.1,997,0,0.0,26.5,26.3,,-0.7298001198295884,-0.6395909786585526,-0.7332427002261757,-0.7237486766722807,-0.7230881194684287,-1.073371424565393,-0.8423339892330581,False
2021-08-09 00:25:00,-1.1,-0.1,-1.0,0.0,0.0,26.2,94.1,0.1,0.7,0.2,95.7,0.0,997,0,0.0,26.5,26.3,,-0.7298001198295884,-0.6392088766989726,-0.7332427002261757,-0.7237486766722807,-0.7230881194684287,-1.2604663221131516,-1.0394640008458211,False
2021-08-09 00:26:00,-1.0,-0.1,-1.0,0.0,0.0,26.2,94.2,0.0,0.4,0.1,106.1,0.0,997,0,0.0,26.5,26.3,,-0.7294981245579467,-0.6392088766989726,-0.7332427002261757,-0.7237486766722807,-0.7230881194684287,-1.3228312879624045,-1.1873115095553934,False
2021-08-09 00:27:00,-1.0,-0.1,-0.9,0.0,0.0,26.2,94.3,0.0,0.0,0.0,0.0,0.0,997,0,0.0,26.5,26.3,,-0.7294981245579467,-0.6392088766989726,-0.7326125444606526,-0.7237486766722807,-0.7230881194684287,-1.3228312879624045,-1.3844415211681564,False
2021-08-09 00:28:00,-1.0,-0.1,-0.9,0.0,0.0,26.2,94.4,0.1,0.7,0.2,112.6,0.0,997,0,0.0,26.6,26.4,,-0.7294981245579467,-0.6392088766989726,-0.7326125444606526,-0.7237486766722807,-0.7230881194684287,-1.2604663221131516,-1.0394640008458211,False
2021-08-09 00:29:00,-1.0,-0.1,-0.9,0.0,0.0,26.2,94.1,0.1,0.7,0.3,123.6,0.7,997,0,0.0,26.6,26.4,,-0.7294981245579467,-0.6392088766989726,-0.7326125444606526,-0.7237486766722807,-0.7230881194684287,-1.2604663221131516,-1.0394640008458211,False
2021-08-09 00:30:00,-1.0,-0.1,-0.9,0.0,0.0,26.2,94.2,0.2,1.1,0.4,108.5,0.2,997,0,0.0,26.6,26.4,,-0.7294981245579467,-0.6392088766989726,-0.7326125444606526,-0.7237486766722807,-0.7230881194684287,-1.198101356263899,-0.8423339892330581,False
2021-08-09 00:31:00,-1.0,-0.1,-0.9,0.0,0.0,26.2,94.4,0.1,0.7,0.3,109.2,0.0,997,0,0.0,26.6,26.4,,-0.7294981245579467,-0.6392088766989726,-0.7326125444606526,-0.7237486766722807,-0.7230881194684287,-1.2604663221131516,-1.0394640008458211,False
2021-08-09 00:32:00,-1.0,-0.1,-0.9,0.0,0.0,26.2,94.4,0.0,0.0,0.0,0.0,0.0,998,0,0.0,26.6,26.4,,-0.7294981245579467,-0.6392088766989726,-0.7326125444606526,-0.7237486766722807,-0.7230881194684287,-1.3228312879624045,-1.3844415211681564,False
2021-08-09 00:33:00,-1.0,-0.1,-0.9,0.0,0.0,26.2,94.2,0.0,0.0,0.0,0.0,0.0,998,0,0.0,26.6,26.4,,-0.7294981245579467,-0.6392088766989726,-0.7326125444606526,-0.7237486766722807,-0.7230881194684287,-1.3228312879624045,-1.3844415211681564,False
2021-08-09 00:34:00,-0.9,-0.1,-0.9,0.0,0.0,26.2,94.5,0.0,0.0,0.0,0.0,0.0,997,0,0.0,26.6,26.4,,-0.7291961292863052,-0.6392088766989726,-0.7326125444606526,-0.7237486766722807,-0.7230881194684287,-1.3228312879624045,-1.3844415211681564,False
2021-08-09 00:35:00,-0.9,-0.1,-0.9,0.0,0.0,26.2,94.6,0.1,1.3,0.4,83.5,0.4,997,0,0.0,26.7,26.4,,-0.7291961292863052,-0.6392088766989726,-0.7326125444606526,-0.7237486766722807,-0.7230881194684287,-1.2604663221131516,-0.7437689834266766,False
2021-08-09 00:36:00,-0.9,-0.1,-0.9,0.0,0.0,26.2,94.7,0.5,1.3,0.5,107.0,4.3,997,0,0.0,26.7,26.4,,-0.7291961292863052,-0.6392088766989726,-0.7326125444606526,-0.7237486766722807,-0.7230881194684287,-1.0110064587161398,-0.7437689834266766,False
2021-08-09 00:37:00,-1.0,-0.1,-0.9,0.0,0.0,26.2,94.5,0.1,0.7,0.3,99.8,0.2,997,0,0.0,26.7,26.5,,-0.7294981245579467,-0.6392088766989726,-0.7326125444606526,-0.7237486766722807,-0.7230881194684287,-1.2604663221131516,-1.0394640008458211,False
2021-08-09 00:38:00,-1.0,-0.1,-1.0,0.0,0.0,26.2,94.3,0.3,1.1,0.5,111.5,5.1,997,0,0.0,26.7,26.5,,-0.7294981245579467,-0.6392088766989726,-0.7332427002261757,-0.7237486766722807,-0.7230881194684287,-1.1357363904146458,-0.8423339892330581,False
2021-08-09 00:39:00,-1.1,-0.1,-1.0,0.0,0.0,26.2,94.5,0.6,1.3,0.6,96.7,1.9,997,0,0.0,26.7,26.4,,-0.7298001198295884,-0.6392088766989726,-0.7332427002261757,-0.7237486766722807,-0.7230881194684287,-0.9486414928668868,-0.7437689834266766,False
2021-08-09 00:40:00,-1.1,-0.1,-1.1,0.0,0.0,26.2,94.5,1.2,1.9,0.5,97.1,5.3,997,0,0.0,26.7,26.4,,-0.7298001198295884,-0.6392088766989726,-0.7338728559916987,-0.7237486766722807,-0.7230881194684287,-0.5744516977713695,-0.4480739660075322,False
2021-08-09 00:41:00,-1.2,-0.1,-1.1,0.0,0.0,26.2,94.6,1.1,1.6,0.5,100.9,7.3,997,0,0.0,26.7,26.4,,-0.7301021151012299,-0.6392088766989726,-0.7338728559916987,-0.7237486766722807,-0.7230881194684287,-0.6368166636206223,-0.5959214747171043,False
2021-08-09 00:42:00,-1.2,-0.1,-1.1,0.0,0.0,26.2,94.7,1.1,1.6,0.6,103.2,3.5,997,0,0.0,26.7,26.4,,-0.7301021151012299,-0.6392088766989726,-0.7338728559916987,-0.7237486766722807,-0.7230881194684287,-0.6368166636206223,-0.5959214747171043,False
2021-08-09 00:43:00,-1.2,-0.1,-1.1,0.0,0.0,26.2,94.7,1.1,1.6,0.4,101.3,7.1,998,0,0.0,26.7,26.4,,-0.7301021151012299,-0.6392088766989726,-0.7338728559916987,-0.7237486766722807,-0.7230881194684287,-0.6368166636206223,-0.5959214747171043,False
2021-08-09 00:44:00,-1.2,-0.1,-1.1,0.0,0.0,26.2,94.6,0.7,1.3,0.5,105.9,2.5,997,0,0.0,26.6,26.4,,-0.7301021151012299,-0.6392088766989726,-0.7338728559916987,-0.7237486766722807,-0.7230881194684287,-0.886276527017634,-0.7437689834266766,False
2021-08-09 00:45:00,-1.2,-0.1,-1.1,0.0,0.0,26.2,94.7,0.9,1.3,0.4,107.9,2.8,997,0,0.0,26.6,26.4,,-0.7301021151012299,-0.6392088766989726,-0.7338728559916987,-0.7237486766722807,-0.7230881194684287,-0.7615465953191283,-0.7437689834266766,False
2021-08-09 00:46:00,-1.2,-0.2,-1.2,0.0,0.0,26.2,94.7,0.9,1.6,0.6,105.8,7.0,998,0,0.0,26.6,26.4,,-0.7301021151012299,-0.6395909786585526,-0.7345030117572219,-0.7237486766722807,-0.7230881194684287,-0.7615465953191283,-0.5959214747171043,False
2021-08-09 00:47:00,-1.2,-0.2,-1.2,0.0,0.0,26.2,94.5,1.3,1.9,0.5,109.1,7.2,997,0,0.0,26.6,26.3,,-0.7301021151012299,-0.6395909786585526,-0.7345030117572219,-0.7237486766722807,-0.7230881194684287,-0.5120867319221165,-0.4480739660075322,False
2021-08-09 00:48:00,-1.3,-0.2,-1.2,0.0,0.0,26.2,94.4,1.3,1.9,0.5,106.8,3.9,997,0,0.0,26.6,26.3,,-0.7304041103728716,-0.6395909786585526,-0.7345030117572219,-0.7237486766722807,-0.7230881194684287,-0.5120867319221165,-0.4480739660075322,False
2021-08-09 00:49:00,-1.3,-0.2,-1.2,0.0,0.0,26.2,94.6,1.5,2.1,0.4,109.5,6.8,997,0,0.0,26.5,26.3,,-0.7304041103728716,-0.6395909786585526,-0.7345030117572219,-0.7237486766722807,-0.7230881194684287,-0.3873568002236106,-0.3495089602011506,False
2021-08-09 00:50:00,-1.3,-0.2,-1.2,0.0,0.0,26.2,94.6,1.6,1.9,0.3,107.0,4.7,997,0,0.0,26.5,26.3,,-0.7304041103728716,-0.6395909786585526,-0.7345030117572219,-0.7237486766722807,-0.7230881194684287,-0.3249918343743577,-0.4480739660075322,False
2021-08-09 00:51:00,-1.3,-0.2,-1.3,0.0,0.0,26.2,94.3,1.3,1.9,0.4,108.8,3.2,997,0,0.0,26.4,26.2,,-0.7304041103728716,-0.6395909786585526,-0.7351331675227449,-0.7237486766722807,-0.7230881194684287,-0.5120867319221165,-0.4480739660075322,False
2021-08-09 00:52:00,-1.4,-0.2,-1.3,0.0,0.0,26.2,94.4,1.2,1.6,0.4,108.2,4.8,997,0,0.0,26.4,26.2,,-0.7307061056445131,-0.6395909786585526,-0.7351331675227449,-0.7237486766722807,-0.7230881194684287,-0.5744516977713695,-0.5959214747171043,False
2021-08-09 00:53:00,-1.4,-0.2,-1.3,0.0,0.0,26.2,94.4,1.1,1.9,0.5,112.5,5.7,997,0,0.0,26.4,26.2,,-0.7307061056445131,-0.6395909786585526,-0.7351331675227449,-0.7237486766722807,-0.7230881194684287,-0.6368166636206223,-0.4480739660075322,False
2021-08-09 00:54:00,-1.4,-0.2,-1.3,0.0,0.0,26.2,94.5,1.5,2.1,0.4,103.1,4.3,997,0,0.0,26.4,26.2,,-0.7307061056445131,-0.6395909786585526,-0.7351331675227449,-0.7237486766722807,-0.7230881194684287,-0.3873568002236106,-0.3495089602011506,False
2021-08-09 00:55:00,-1.4,-0.2,-1.4,0.0,0.0,26.2,94.0,1.2,1.9,0.4,105.4,5.4,997,0,0.0,26.3,26.1,,-0.7307061056445131,-0.6395909786585526,-0.7357633232882681,-0.7237486766722807,-0.7230881194684287,-0.5744516977713695,-0.4480739660075322,False
2021-08-09 00:56:00,-1.4,-0.2,-1.4,0.0,0.0,26.2,94.1,0.8,1.6,0.7,120.7,7.3,997,0,0.0,26.3,26.1,,-0.7307061056445131,-0.6395909786585526,-0.7357633232882681,-0.7237486766722807,-0.7230881194684287,-0.8239115611683812,-0.5959214747171043,False
2021-08-09 00:57:00,-1.5,-0.2,-1.4,0.0,0.0,26.2,94.2,0.5,1.1,0.5,113.4,8.4,997,0,0.0,26.2,26.1,,-0.7310081009161546,-0.6395909786585526,-0.7357633232882681,-0.7237486766722807,-0.7230881194684287,-1.0110064587161398,-0.8423339892330581,False
2021-08-09 00:58:00,-1.5,-0.2,-1.4,0.0,0.0,26.2,94.1,0.9,1.6,0.6,102.8,3.2,997,0,0.0,26.2,26.1,,-0.7310081009161546,-0.6395909786585526,-0.7357633232882681,-0.7237486766722807,-0.7230881194684287,-0.7615465953191283,-0.5959214747171043,False
2021-08-09 00:59:00,-1.5,-0.3,-1.4,0.0,0.0,26.2,94.3,0.4,1.1,0.5,110.9,5.6,997,0,0.0,26.2,26.0,,-0.7310081009161546,-0.6399730806181327,-0.7357633232882681,-0.7237486766722807,-0.7230881194684287,-1.073371424565393,-0.8423339892330581,False
2021-08-09 01:00:00,-1.5,-0.3,-1.4,0.0,0.0,26.1,94.4,0.7,1.3,0.6,109.5,6.6,997,0,0.0,26.1,26.0,,-0.7310081009161546,-0.6399730806181327,-0.7357633232882681,-0.7237486766722807,-0.7230881194684287,-0.886276527017634,-0.7437689834266766,False
2021-08-09 01:01:00,-1.5,-0.3,-1.4,0.0,0.0,26.1,94.1,1.2,1.9,0.5,106.1,9.4,997,0,0.0,26.1,25.9,,-0.7310081009161546,-0.6399730806181327,-0.7357633232882681,-0.7237486766722807,-0.7230881194684287,-0.5744516977713695,-0.4480739660075322,False
2021-08-09 01:02:00,-1.5,-0.3,-1.4,0.0,0.0,26.1,94.2,0.6,1.1,0.5,107.5,7.3,997,0,0.0,26.1,25.9,,-0.7310081009161546,-0.6399730806181327,-0.7357633232882681,-0.7237486766722807,-0.7230881194684287,-0.9486414928668868,-0.8423339892330581,False
2021-08-09 01:03:00,-1.5,-0.3,-1.4,0.0,0.0,26.1,94.2,0.4,1.3,0.6,110.6,5.0,997,0,0.0,26.1,25.9,,-0.7310081009161546,-0.6399730806181327,-0.7357633232882681,-0.7237486766722807,-0.7230881194684287,-1.073371424565393,-0.7437689834266766,False
2021-08-09 01:04:00,-1.5,-0.3,-1.4,0.0,0.0,26.1,94.3,0.9,1.6,0.6,114.2,5.0,997,0,0.0,26.1,25.9,,-0.7310081009161546,-0.6399730806181327,-0.7357633232882681,-0.7237486766722807,-0.7230881194684287,-0.7615465953191283,-0.5959214747171043,False
2021-08-09 01:05:00,-1.5,-0.3,-1.4,0.0,0.0,26.1,94.1,1.0,1.9,0.6,110.6,5.3,997,0,0.0,26.0,25.9,,-0.7310081009161546,-0.6399730806181327,-0.7357633232882681,-0.7237486766722807,-0.7230881194684287,-0.6991816294698753,-0.4480739660075322,False
2021-08-09 01:06:00,-1.5,-0.2,-1.4,0.0,0.0,26.1,94.1,1.4,1.9,0.5,112.1,4.9,997,0,0.0,26.0,25.9,,-0.7310081009161546,-0.6395909786585526,-0.7357633232882681,-0.7237486766722807,-0.7230881194684287,-0.4497217660728636,-0.4480739660075322,False
2021-08-09 01:07:00,-1.5,-0.3,-1.4,0.0,0.0,26.1,94.1,1.0,1.9,0.5,112.4,4.8,997,0,0.0,26.0,25.9,,-0.7310081009161546,-0.6399730806181327,-0.7357633232882681,-0.7237486766722807,-0.7230881194684287,-0.6991816294698753,-0.4480739660075322,False
2021-08-09 01:08:00,-1.5,-0.3,-1.4,0.0,0.0,26.1,94.0,0.7,1.6,0.7,122.3,6.4,997,0,0.0,26.0,25.9,,-0.7310081009161546,-0.6399730806181327,-0.7357633232882681,-0.7237486766722807,-0.7230881194684287,-0.886276527017634,-0.5959214747171043,False
2021-08-09 01:09:00,-1.5,-0.3,-1.4,0.0,0.0,26.1,94.0,0.4,1.6,0.6,112.2,3.5,997,0,0.0,26.0,25.9,,-0.7310081009161546,-0.6399730806181327,-0.7357633232882681,-0.7237486766722807,-0.7230881194684287,-1.073371424565393,-0.5959214747171043,False
2021-08-09 01:10:00,-1.5,-0.3,-1.4,0.0,0.0,26.0,93.9,1.0,1.3,0.4,119.9,8.6,997,0,0.0,25.9,25.8,,-0.7310081009161546,-0.6399730806181327,-0.7357633232882681,-0.7237486766722807,-0.7230881194684287,-0.6991816294698753,-0.7437689834266766,False
2021-08-09 01:11:00,-1.4,-0.3,-1.4,0.0,0.0,26.0,94.2,0.6,1.1,0.5,115.7,4.3,997,0,0.0,25.9,25.8,,-0.7307061056445131,-0.6399730806181327,-0.7357633232882681,-0.7237486766722807,-0.7230881194684287,-0.9486414928668868,-0.8423339892330581,False
2021-08-09 01:12:00,-1.4,-0.3,-1.4,0.0,0.0,26.0,94.1,0.4,1.1,0.5,121.6,3.4,997,0,0.0,25.9,25.8,,-0.7307061056445131,-0.6399730806181327,-0.7357633232882681,-0.7237486766722807,-0.7230881194684287,-1.073371424565393,-0.8423339892330581,False
2021-08-09 01:13:00,-1.4,-0.2,-1.4,0.0,0.0,26.0,94.3,1.6,2.4,0.5,116.1,5.4,997,0,0.0,25.9,25.8,,-0.7307061056445131,-0.6395909786585526,-0.7357633232882681,-0.7237486766722807,-0.7230881194684287,-0.3249918343743577,-0.2016614514915785,False
2021-08-09 01:14:00,-1.4,-0.2,-1.4,0.0,0.0,26.0,93.9,1.5,2.1,0.5,123.3,8.0,997,0,0.0,25.9,25.8,,-0.7307061056445131,-0.6395909786585526,-0.7357633232882681,-0.7237486766722807,-0.7230881194684287,-0.3873568002236106,-0.3495089602011506,False
2021-08-09 01:15:00,-1.4,-0.2,-1.3,0.0,0.0,26.0,93.8,1.0,1.6,0.6,119.0,9.8,997,0,0.0,25.9,25.8,,-0.7307061056445131,-0.6395909786585526,-0.7351331675227449,-0.7237486766722807,-0.7230881194684287,-0.6991816294698753,-0.5959214747171043,False
2021-08-09 01:16:00,-1.4,-0.3,-1.3,0.0,0.0,26.0,93.9,1.0,1.6,0.5,121.3,5.7,997,0,0.0,25.9,25.8,,-0.7307061056445131,-0.6399730806181327,-0.7351331675227449,-0.7237486766722807,-0.7230881194684287,-0.6991816294698753,-0.5959214747171043,False
2021-08-09 01:17:00,-1.4,-0.3,-1.4,0.0,0.0,26.0,94.2,0.7,1.9,0.6,121.9,6.4,997,0,0.0,25.8,25.8,,-0.7307061056445131,-0.6399730806181327,-0.7357633232882681,-0.7237486766722807,-0.7230881194684287,-0.886276527017634,-0.4480739660075322,False
2021-08-09 01:18:00,-1.4,-0.3,-1.4,0.0,0.0,26.0,94.0,0.7,1.3,0.6,119.4,6.6,997,0,0.0,25.8,25.8,,-0.7307061056445131,-0.6399730806181327,-0.7357633232882681,-0.7237486766722807,-0.7230881194684287,-0.886276527017634,-0.7437689834266766,False
2021-08-09 01:19:00,-1.4,-0.3,-1.4,0.0,0.0,26.0,93.7,1.1,1.6,0.6,113.6,6.4,997,0,0.0,25.8,25.7,,-0.7307061056445131,-0.6399730806181327,-0.7357633232882681,-0.7237486766722807,-0.7230881194684287,-0.6368166636206223,-0.5959214747171043,False
2021-08-09 01:20:00,-1.4,-0.3,-1.4,0.0,0.0,26.0,93.5,1.2,1.6,0.5,125.4,5.7,997,0,0.0,25.8,25.7,,-0.7307061056445131,-0.6399730806181327,-0.7357633232882681,-0.7237486766722807,-0.7230881194684287,-0.5744516977713695,-0.5959214747171043,False
2021-08-09 01:21:00,-1.4,-0.3,-1.4,0.0,0.0,26.0,93.5,0.5,1.3,0.6,111.7,4.1,997,0,0.0,25.8,25.7,,-0.7307061056445131,-0.6399730806181327,-0.7357633232882681,-0.7237486766722807,-0.7230881194684287,-1.0110064587161398,-0.7437689834266766,False
2021-08-09 01:22:00,-1.4,-0.3,-1.4,0.0,0.0,26.0,93.9,0.0,0.4,0.1,125.7,0.0,997,0,0.0,25.8,25.7,,-0.7307061056445131,-0.6399730806181327,-0.7357633232882681,-0.7237486766722807,-0.7230881194684287,-1.3228312879624045,-1.1873115095553934,False
2021-08-09 01:23:00,-1.4,-0.3,-1.4,0.0,0.0,26.0,93.8,0.5,1.3,0.6,133.6,2.9,997,0,0.0,25.7,25.7,,-0.7307061056445131,-0.6399730806181327,-0.7357633232882681,-0.7237486766722807,-0.7230881194684287,-1.0110064587161398,-0.7437689834266766,False
2021-08-09 01:24:00,-1.4,-0.3,-1.4,0.0,0.0,25.9,93.5,0.2,1.1,0.4,116.5,4.4,997,0,0.0,25.7,25.7,,-0.7307061056445131,-0.6399730806181327,-0.7357633232882681,-0.7237486766722807,-0.7230881194684287,-1.198101356263899,-0.8423339892330581,False
2021-08-09 01:25:00,-1.4,-0.3,-1.4,0.0,0.0,25.9,93.8,0.0,0.0,0.0,0.0,0.0,997,0,0.0,25.7,25.6,,-0.7307061056445131,-0.6399730806181327,-0.7357633232882681,-0.7237486766722807,-0.7230881194684287,-1.3228312879624045,-1.3844415211681564,False
2021-08-09 01:26:00,-1.4,-0.3,-1.4,0.0,0.0,25.9,93.9,0.5,1.1,0.5,116.7,4.3,997,0,0.0,25.7,25.6,,-0.7307061056445131,-0.6399730806181327,-0.7357633232882681,-0.7237486766722807,-0.7230881194684287,-1.0110064587161398,-0.8423339892330581,False
2021-08-09 01:27:00,-1.4,-0.3,-1.4,0.0,0.0,25.9,94.0,0.3,1.1,0.5,115.1,1.7,997,0,0.0,25.7,25.6,,-0.7307061056445131,-0.6399730806181327,-0.7357633232882681,-0.7237486766722807,-0.7230881194684287,-1.1357363904146458,-0.8423339892330581,False
2021-08-09 01:28:00,-1.4,-0.3,-1.4,0.0,0.0,25.9,94.2,1.2,1.9,0.4,116.8,6.5,997,0,0.0,25.7,25.6,,-0.7307061056445131,-0.6399730806181327,-0.7357633232882681,-0.7237486766722807,-0.7230881194684287,-0.5744516977713695,-0.4480739660075322,False
2021-08-09 01:29:00,-1.4,-0.3,-1.4,0.0,0.0,25.9,94.4,0.9,1.6,0.5,114.9,5.6,997,0,0.0,25.7,25.6,,-0.7307061056445131,-0.6399730806181327,-0.7357633232882681,-0.7237486766722807,-0.7230881194684287,-0.7615465953191283,-0.5959214747171043,False
2021-08-09 01:30:00,-1.4,-0.3,-1.4,0.0,0.0,25.9,94.5,1.1,1.6,0.5,115.7,7.4,997,0,0.0,25.7,25.6,,-0.7307061056445131,-0.6399730806181327,-0.7357633232882681,-0.7237486766722807,-0.7230881194684287,-0.6368166636206223,-0.5959214747171043,False
2021-08-09 01:31:00,-1.5,-0.3,-1.4,0.0,0.0,25.9,94.4,0.6,1.3,0.6,117.0,5.0,997,0,0.0,25.7,25.6,,-0.7310081009161546,-0.6399730806181327,-0.7357633232882681,-0.7237486766722807,-0.7230881194684287,-0.9486414928668868,-0.7437689834266766,False
2021-08-09 01:32:00,-1.5,-0.3,-1.4,0.0,0.0,25.9,94.0,1.0,1.9,0.6,116.1,7.1,997,0,0.0,25.7,25.6,,-0.7310081009161546,-0.6399730806181327,-0.7357633232882681,-0.7237486766722807,-0.7230881194684287,-0.6991816294698753,-0.4480739660075322,False
2021-08-09 01:33:00,-1.5,-0.3,-1.4,0.0,0.0,25.9,94.2,0.9,1.3,0.5,113.2,4.5,997,0,0.0,25.7,25.6,,-0.7310081009161546,-0.6399730806181327,-0.7357633232882681,-0.7237486766722807,-0.7230881194684287,-0.7615465953191283,-0.7437689834266766,False
2021-08-09 01:34:00,-1.5,-0.3,-1.4,0.0,0.0,25.8,94.2,0.6,1.3,0.6,112.5,1.2,997,0,0.0,25.7,25.6,,-0.7310081009161546,-0.6399730806181327,-0.7357633232882681,-0.7237486766722807,-0.7230881194684287,-0.9486414928668868,-0.7437689834266766,False
2021-08-09 01:35:00,-1.5,-0.3,-1.4,0.0,0.0,25.8,94.4,0.1,1.1,0.3,111.1,1.0,997,0,0.0,25.7,25.6,,-0.7310081009161546,-0.6399730806181327,-0.7357633232882681,-0.7237486766722807,-0.7230881194684287,-1.2604663221131516,-0.8423339892330581,False
2021-08-09 01:36:00,-1.5,-0.3,-1.4,0.0,0.0,25.8,94.3,0.5,1.1,0.5,108.4,3.4,997,0,0.0,25.7,25.6,,-0.7310081009161546,-0.6399730806181327,-0.7357633232882681,-0.7237486766722807,-0.7230881194684287,-1.0110064587161398,-0.8423339892330581,False
2021-08-09 01:37:00,-1.5,-0.3,-1.4,0.0,0.0,25.8,94.5,0.7,1.1,0.5,115.2,4.7,997,0,0.0,25.6,25.6,,-0.7310081009161546,-0.6399730806181327,-0.7357633232882681,-0.7237486766722807,-0.7230881194684287,-0.886276527017634,-0.8423339892330581,False
2021-08-09 01:38:00,-1.5,-0.3,-1.5,0.0,0.0,25.8,94.5,0.4,1.1,0.5,103.9,2.0,997,0,0.0,25.6,25.5,,-0.7310081009161546,-0.6399730806181327,-0.7363934790537912,-0.7237486766722807,-0.7230881194684287,-1.073371424565393,-0.8423339892330581,False
2021-08-09 01:39:00,-1.5,-0.3,-1.4,0.0,0.0,25.8,94.5,0.1,0.7,0.3,96.2,0.0,997,0,0.0,25.6,25.5,,-0.7310081009161546,-0.6399730806181327,-0.7357633232882681,-0.7237486766722807,-0.7230881194684287,-1.2604663221131516,-1.0394640008458211,False
2021-08-09 01:40:00,-1.5,-0.3,-1.4,0.0,0.0,25.8,94.5,0.9,1.6,0.6,102.7,4.0,997,0,0.0,25.6,25.5,,-0.7310081009161546,-0.6399730806181327,-0.7357633232882681,-0.7237486766722807,-0.7230881194684287,-0.7615465953191283,-0.5959214747171043,False
2021-08-09 01:41:00,-1.5,-0.3,-1.4,0.0,0.0,25.8,94.6,0.2,1.1,0.4,103.2,1.2,997,0,0.0,25.6,25.5,,-0.7310081009161546,-0.6399730806181327,-0.7357633232882681,-0.7237486766722807,-0.7230881194684287,-1.198101356263899,-0.8423339892330581,False
2021-08-09 01:42:00,-1.4,-0.2,-1.4,0.0,0.0,25.7,94.9,0.9,1.6,0.6,103.8,3.3,997,0,0.0,25.6,25.5,,-0.7307061056445131,-0.6395909786585526,-0.7357633232882681,-0.7237486766722807,-0.7230881194684287,-0.7615465953191283,-0.5959214747171043,False
2021-08-09 01:43:00,-1.4,-0.2,-1.3,0.0,0.0,25.7,94.9,0.5,1.3,0.6,105.8,5.5,997,0,0.0,25.7,25.5,,-0.7307061056445131,-0.6395909786585526,-0.7351331675227449,-0.7237486766722807,-0.7230881194684287,-1.0110064587161398,-0.7437689834266766,False
2021-08-09 01:44:00,-1.3,-0.2,-1.3,0.0,0.0,25.7,94.9,0.9,1.3,0.4,112.6,3.8,997,0,0.0,25.7,25.6,,-0.7304041103728716,-0.6395909786585526,-0.7351331675227449,-0.7237486766722807,-0.7230881194684287,-0.7615465953191283,-0.7437689834266766,False
2021-08-09 01:45:00,-1.2,-0.2,-1.2,0.0,0.0,25.7,94.9,0.8,1.3,0.5,107.1,3.4,997,0,0.0,25.7,25.6,,-0.7301021151012299,-0.6395909786585526,-0.7345030117572219,-0.7237486766722807,-0.7230881194684287,-0.8239115611683812,-0.7437689834266766,False
2021-08-09 01:46:00,-1.2,-0.2,-1.2,0.0,0.0,25.7,95.0,0.3,1.1,0.5,107.1,1.0,997,0,0.0,25.7,25.6,,-0.7301021151012299,-0.6395909786585526,-0.7345030117572219,-0.7237486766722807,-0.7230881194684287,-1.1357363904146458,-0.8423339892330581,False
2021-08-09 01:47:00,-1.2,-0.2,-1.1,0.0,0.0,25.7,95.1,0.7,1.6,0.7,112.3,8.5,997,0,0.0,25.8,25.6,,-0.7301021151012299,-0.6395909786585526,-0.7338728559916987,-0.7237486766722807,-0.7230881194684287,-0.886276527017634,-0.5959214747171043,False
2021-08-09 01:48:00,-1.1,-0.2,-1.1,0.0,0.0,25.7,95.0,0.8,1.6,0.6,107.8,4.4,997,0,0.0,25.8,25.6,,-0.7298001198295884,-0.6395909786585526,-0.7338728559916987,-0.7237486766722807,-0.7230881194684287,-0.8239115611683812,-0.5959214747171043,False
2021-08-09 01:49:00,-1.1,-0.2,-1.1,0.0,0.0,25.7,94.8,0.3,1.1,0.5,102.5,1.9,997,0,0.0,25.8,25.7,,-0.7298001198295884,-0.6395909786585526,-0.7338728559916987,-0.7237486766722807,-0.7230881194684287,-1.1357363904146458,-0.8423339892330581,False
2021-08-09 01:50:00,-1.1,-0.2,-1.1,0.0,0.0,25.7,94.7,1.0,1.6,0.5,100.3,4.1,997,0,0.0,25.8,25.7,,-0.7298001198295884,-0.6395909786585526,-0.7338728559916987,-0.7237486766722807,-0.7230881194684287,-0.6991816294698753,-0.5959214747171043,False
2021-08-09 01:51:00,-1.1,-0.1,-1.0,0.0,0.0,25.7,94.7,0.8,1.3,0.5,95.5,5.5,997,0,0.0,25.9,25.7,,-0.7298001198295884,-0.6392088766989726,-0.7332427002261757,-0.7237486766722807,-0.7230881194684287,-0.8239115611683812,-0.7437689834266766,False
2021-08-09 01:52:00,-1.1,-0.1,-1.0,0.0,0.0,25.7,94.8,0.1,1.1,0.3,98.7,1.3,997,0,0.0,25.9,25.8,,-0.7298001198295884,-0.6392088766989726,-0.7332427002261757,-0.7237486766722807,-0.7230881194684287,-1.2604663221131516,-0.8423339892330581,False
2021-08-09 01:53:00,-1.1,-0.1,-1.0,0.0,0.0,25.7,94.9,0.5,1.3,0.6,95.5,2.1,997,0,0.0,25.9,25.8,,-0.7298001198295884,-0.6392088766989726,-0.7332427002261757,-0.7237486766722807,-0.7230881194684287,-1.0110064587161398,-0.7437689834266766,False
2021-08-09 01:54:00,-1.0,-0.1,-1.0,0.0,0.0,25.7,95.1,0.0,0.0,0.0,0.0,0.0,997,0,0.0,25.9,25.8,,-0.7294981245579467,-0.6392088766989726,-0.7332427002261757,-0.7237486766722807,-0.7230881194684287,-1.3228312879624045,-1.3844415211681564,False
2021-08-09 01:55:00,-1.0,-0.1,-0.9,0.0,0.0,25.7,94.6,0.3,1.1,0.5,107.3,5.0,997,0,0.0,25.9,25.8,,-0.7294981245579467,-0.6392088766989726,-0.7326125444606526,-0.7237486766722807,-0.7230881194684287,-1.1357363904146458,-0.8423339892330581,False
2021-08-09 01:56:00,-0.9,-0.1,-0.9,0.0,0.0,25.7,94.9,0.0,0.0,0.0,0.0,0.0,997,0,0.0,25.9,25.9,,-0.7291961292863052,-0.6392088766989726,-0.7326125444606526,-0.7237486766722807,-0.7230881194684287,-1.3228312879624045,-1.3844415211681564,False
2021-08-09 01:57:00,-0.9,-0.1,-0.9,0.0,0.0,25.7,94.8,0.3,1.6,0.5,98.7,1.9,997,0,0.0,25.9,25.9,,-0.7291961292863052,-0.6392088766989726,-0.7326125444606526,-0.7237486766722807,-0.7230881194684287,-1.1357363904146458,-0.5959214747171043,False
2021-08-09 01:58:00,-0.9,-0.1,-0.9,0.0,0.0,25.7,94.7,0.5,1.6,0.6,104.5,9.8,997,0,0.0,25.9,25.9,,-0.7291961292863052,-0.6392088766989726,-0.7326125444606526,-0.7237486766722807,-0.7230881194684287,-1.0110064587161398,-0.5959214747171043,False
2021-08-09 01:59:00,-0.9,-0.1,-0.8,0.0,0.0,25.7,94.8,0.4,1.3,0.6,125.9,0.9,997,0,0.0,25.9,25.9,,-0.7291961292863052,-0.6392088766989726,-0.7319823886951294,-0.7237486766722807,-0.7230881194684287,-1.073371424565393,-0.7437689834266766,False
2021-08-09 02:00:00,-0.9,-0.1,-0.8,0.0,0.0,25.8,94.8,1.1,1.9,0.5,121.5,7.0,997,0,0.0,25.9,25.9,,-0.7291961292863052,-0.6392088766989726,-0.7319823886951294,-0.7237486766722807,-0.7230881194684287,-0.6368166636206223,-0.4480739660075322,False
2021-08-09 02:01:00,-0.9,-0.1,-0.8,0.0,0.0,25.8,94.5,1.0,1.6,0.5,131.4,12.4,997,0,0.0,25.9,25.9,,-0.7291961292863052,-0.6392088766989726,-0.7319823886951294,-0.7237486766722807,-0.7230881194684287,-0.6991816294698753,-0.5959214747171043,False
2021-08-09 02:02:00,-0.8,-0.1,-0.8,0.0,0.0,25.8,94.7,0.5,1.1,0.5,134.0,6.2,997,0,0.0,25.9,25.9,,-0.7288941340146636,-0.6392088766989726,-0.7319823886951294,-0.7237486766722807,-0.7230881194684287,-1.0110064587161398,-0.8423339892330581,False
2021-08-09 02:03:00,-0.8,-0.1,-0.8,0.0,0.0,25.8,94.8,0.4,1.1,0.5,136.2,1.1,997,0,0.0,26.0,26.0,,-0.7288941340146636,-0.6392088766989726,-0.7319823886951294,-0.7237486766722807,-0.7230881194684287,-1.073371424565393,-0.8423339892330581,False
2021-08-09 02:04:00,-0.8,-0.1,-0.8,0.0,0.0,25.8,94.5,1.4,2.1,0.5,120.7,9.4,997,0,0.0,26.0,26.0,,-0.7288941340146636,-0.6392088766989726,-0.7319823886951294,-0.7237486766722807,-0.7230881194684287,-0.4497217660728636,-0.3495089602011506,False
2021-08-09 02:05:00,-0.8,-0.1,-0.8,0.0,0.0,25.8,94.2,0.6,1.6,0.7,135.4,6.6,997,0,0.0,26.0,26.0,,-0.7288941340146636,-0.6392088766989726,-0.7319823886951294,-0.7237486766722807,-0.7230881194684287,-0.9486414928668868,-0.5959214747171043,False
2021-08-09 02:06:00,-0.8,-0.1,-0.7,0.0,0.0,25.8,94.8,1.5,2.4,0.4,131.1,4.3,997,0,0.0,26.0,26.1,,-0.7288941340146636,-0.6392088766989726,-0.7313522329296064,-0.7237486766722807,-0.7230881194684287,-0.3873568002236106,-0.2016614514915785,False
2021-08-09 02:07:00,-0.8,-0.1,-0.7,0.0,0.0,25.8,94.6,1.5,2.6,0.4,131.4,5.8,997,0,0.0,26.1,26.1,,-0.7288941340146636,-0.6392088766989726,-0.7313522329296064,-0.7237486766722807,-0.7230881194684287,-0.3873568002236106,-0.1030964456851969,False
2021-08-09 02:08:00,-0.8,-0.1,-0.7,0.0,0.0,25.9,94.2,2.2,2.9,0.4,136.4,9.7,997,0,0.0,26.1,26.1,,-0.7288941340146636,-0.6392088766989726,-0.7313522329296064,-0.7237486766722807,-0.7230881194684287,0.0491979607211599,0.0447510630243752,False
2021-08-09 02:09:00,-0.8,-0.1,-0.7,0.0,0.0,25.9,94.3,1.9,2.6,0.3,140.5,7.7,997,0,0.0,26.1,26.1,,-0.7288941340146636,-0.6392088766989726,-0.7313522329296064,-0.7237486766722807,-0.7230881194684287,-0.137896936826599,-0.1030964456851969,False
2021-08-09 02:10:00,-0.8,0.0,-0.7,0.0,0.0,25.9,94.1,2.4,2.9,0.4,141.0,8.8,997,0,0.0,26.2,26.1,,-0.7288941340146636,-0.6388267747393926,-0.7313522329296064,-0.7237486766722807,-0.7230881194684287,0.1739278924196656,0.0447510630243752,False
2021-08-09 02:11:00,-0.8,0.0,-0.7,0.0,0.0,25.9,94.0,2.6,3.1,0.5,145.8,5.9,997,0,0.0,26.2,26.2,,-0.7288941340146636,-0.6388267747393926,-0.7313522329296064,-0.7237486766722807,-0.7230881194684287,0.2986578241181716,0.1433160688307568,False
2021-08-09 02:12:00,-0.8,0.0,-0.7,0.0,0.0,25.9,93.6,2.6,3.1,0.4,134.2,6.9,997,0,0.0,26.2,26.2,,-0.7288941340146636,-0.6388267747393926,-0.7313522329296064,-0.7237486766722807,-0.7230881194684287,0.2986578241181716,0.1433160688307568,False
2021-08-09 02:13:00,-0.8,-0.1,-0.7,0.0,0.0,25.9,93.6,2.2,2.9,0.4,141.2,8.0,997,0,0.0,26.3,26.2,,-0.7288941340146636,-0.6392088766989726,-0.7313522329296064,-0.7237486766722807,-0.7230881194684287,0.0491979607211599,0.0447510630243752,False
2021-08-09 02:14:00,-0.8,-0.1,-0.7,0.0,0.0,25.9,93.7,2.3,3.1,0.4,141.1,14.1,997,0,0.0,26.3,26.2,,-0.7288941340146636,-0.6392088766989726,-0.7313522329296064,-0.7237486766722807,-0.7230881194684287,0.1115629265704126,0.1433160688307568,False
2021-08-09 02:15:00,-0.8,-0.1,-0.8,0.0,0.0,26.0,93.5,1.9,2.4,0.4,149.3,9.8,997,0,0.0,26.4,26.2,,-0.7288941340146636,-0.6392088766989726,-0.7319823886951294,-0.7237486766722807,-0.7230881194684287,-0.137896936826599,-0.2016614514915785,False
2021-08-09 02:16:00,-0.8,-0.1,-0.8,0.0,0.0,26.0,93.5,2.2,2.6,0.4,150.8,7.5,997,0,0.0,26.4,26.3,,-0.7288941340146636,-0.6392088766989726,-0.7319823886951294,-0.7237486766722807,-0.7230881194684287,0.0491979607211599,-0.1030964456851969,False
2021-08-09 02:17:00,-0.8,0.0,-0.7,0.0,0.0,26.0,93.3,2.4,3.1,0.6,151.4,8.1,997,0,0.0,26.4,26.3,,-0.7288941340146636,-0.6388267747393926,-0.7313522329296064,-0.7237486766722807,-0.7230881194684287,0.1739278924196656,0.1433160688307568,False
2021-08-09 02:18:00,-0.8,0.0,-0.7,0.0,0.0,26.0,93.6,1.5,2.1,0.4,166.1,5.2,997,0,0.0,26.5,26.3,,-0.7288941340146636,-0.6388267747393926,-0.7313522329296064,-0.7237486766722807,-0.7230881194684287,-0.3873568002236106,-0.3495089602011506,False
2021-08-09 02:19:00,-0.8,-0.1,-0.7,0.0,0.0,26.0,93.7,1.7,2.1,0.5,169.7,9.6,997,0,0.0,26.5,26.3,,-0.7288941340146636,-0.6392088766989726,-0.7313522329296064,-0.7237486766722807,-0.7230881194684287,-0.2626268685251048,-0.3495089602011506,False
2021-08-09 02:20:00,-0.9,-0.1,-0.8,0.0,0.0,26.0,93.6,1.6,2.4,0.5,167.1,6.2,997,0,0.0,26.5,26.3,,-0.7291961292863052,-0.6392088766989726,-0.7319823886951294,-0.7237486766722807,-0.7230881194684287,-0.3249918343743577,-0.2016614514915785,False
2021-08-09 02:21:00,-0.9,-0.1,-0.8,0.0,0.0,26.0,93.8,1.3,2.1,0.7,170.3,9.8,997,0,0.0,26.5,26.2,,-0.7291961292863052,-0.6392088766989726,-0.7319823886951294,-0.7237486766722807,-0.7230881194684287,-0.5120867319221165,-0.3495089602011506,False
2021-08-09 02:22:00,-1.0,-0.1,-0.9,0.0,0.0,26.0,93.7,1.1,1.9,0.4,179.6,7.0,997,0,0.0,26.5,26.2,,-0.7294981245579467,-0.6392088766989726,-0.7326125444606526,-0.7237486766722807,-0.7230881194684287,-0.6368166636206223,-0.4480739660075322,False
2021-08-09 02:23:00,-1.0,-0.1,-1.0,0.0,0.0,26.0,93.5,1.1,1.6,0.5,172.8,6.8,997,0,0.0,26.4,26.1,,-0.7294981245579467,-0.6392088766989726,-0.7332427002261757,-0.7237486766722807,-0.7230881194684287,-0.6368166636206223,-0.5959214747171043,False
2021-08-09 02:24:00,-1.1,-0.1,-1.0,0.0,0.0,25.9,93.5,1.0,1.6,0.5,172.7,3.5,997,0,0.0,26.4,26.1,,-0.7298001198295884,-0.6392088766989726,-0.7332427002261757,-0.7237486766722807,-0.7230881194684287,-0.6991816294698753,-0.5959214747171043,False
2021-08-09 02:25:00,-1.1,-0.1,-1.0,0.0,0.0,25.9,93.5,1.4,2.1,0.6,171.3,8.1,997,0,0.0,26.3,26.0,,-0.7298001198295884,-0.6392088766989726,-0.7332427002261757,-0.7237486766722807,-0.7230881194684287,-0.4497217660728636,-0.3495089602011506,False
2021-08-09 02:26:00,-1.1,-0.1,-1.0,0.0,0.0,25.9,93.6,1.7,2.4,0.4,157.9,14.5,997,0,0.0,26.3,26.0,,-0.7298001198295884,-0.6392088766989726,-0.7332427002261757,-0.7237486766722807,-0.7230881194684287,-0.2626268685251048,-0.2016614514915785,False
2021-08-09 02:27:00,-1.1,-0.1,-1.0,0.0,0.0,25.9,93.3,1.8,2.4,0.4,156.5,7.6,997,0,0.0,26.3,26.0,,-0.7298001198295884,-0.6392088766989726,-0.7332427002261757,-0.7237486766722807,-0.7230881194684287,-0.2002619026758518,-0.2016614514915785,False
2021-08-09 02:28:00,-1.0,-0.1,-1.0,0.0,0.0,25.9,93.5,1.2,2.6,0.5,158.4,7.2,997,0,0.0,26.3,25.9,,-0.7294981245579467,-0.6392088766989726,-0.7332427002261757,-0.7237486766722807,-0.7230881194684287,-0.5744516977713695,-0.1030964456851969,False
2021-08-09 02:29:00,-1.0,-0.1,-1.0,0.0,0.0,25.9,93.3,2.3,3.1,0.5,164.8,17.9,997,0,0.0,26.3,26.0,,-0.7294981245579467,-0.6392088766989726,-0.7332427002261757,-0.7237486766722807,-0.7230881194684287,0.1115629265704126,0.1433160688307568,False
2021-08-09 02:30:00,-1.0,-0.1,-1.0,0.0,0.0,26.0,92.9,3.2,3.9,0.4,169.3,7.5,997,0,0.0,26.3,26.0,,-0.7294981245579467,-0.6392088766989726,-0.7332427002261757,-0.7237486766722807,-0.7230881194684287,0.6728476192136892,0.5375760920562827,False
2021-08-09 02:31:00,-1.2,-0.1,-1.0,0.0,0.0,26.0,92.9,3.2,3.6,0.3,166.6,6.5,997,0,0.0,26.3,26.0,,-0.7301021151012299,-0.6392088766989726,-0.7332427002261757,-0.7237486766722807,-0.7230881194684287,0.6728476192136892,0.3897285833467105,False
2021-08-09 02:32:00,-1.6,-0.2,-1.3,0.0,0.0,26.0,93.3,2.7,3.1,0.4,167.4,6.7,997,0,0.0,26.3,26.0,,-0.7313100961877963,-0.6395909786585526,-0.7351331675227449,-0.7237486766722807,-0.7230881194684287,0.3610227899674246,0.1433160688307568,False
2021-08-09 02:33:00,-2.0,-0.2,-1.7,0.0,0.0,26.0,92.8,2.5,3.4,0.6,167.4,5.4,997,0,0.0,26.3,26.0,,-0.7325180772743626,-0.6395909786585526,-0.7376537905848374,-0.7237486766722807,-0.7230881194684287,0.2362928582689186,0.2911635775403289,False
2021-08-09 02:34:00,-2.1,-0.2,-1.9,0.0,0.0,26.0,93.1,2.4,3.4,0.6,167.3,7.6,997,0,0.0,26.3,26.0,,-0.7328200725460042,-0.6395909786585526,-0.7389141021158836,-0.7237486766722807,-0.7230881194684287,0.1739278924196656,0.2911635775403289,False
2021-08-09 02:35:00,-2.1,-0.2,-2.0,0.0,0.0,26.0,93.0,2.6,3.1,0.4,167.2,5.4,997,0,0.0,26.3,26.0,,-0.7328200725460042,-0.6395909786585526,-0.7395442578814068,-0.7237486766722807,-0.7230881194684287,0.2986578241181716,0.1433160688307568,False
2021-08-09 02:36:00,-2.0,-0.2,-2.0,0.0,0.0,26.0,93.1,2.9,3.6,0.5,161.2,5.1,997,0,0.0,26.3,26.0,,-0.7325180772743626,-0.6395909786585526,-0.7395442578814068,-0.7237486766722807,-0.7230881194684287,0.4857527216659302,0.3897285833467105,False
2021-08-09 02:37:00,-1.8,-0.2,-1.9,0.0,0.0,26.0,93.0,3.4,4.1,0.7,162.6,8.1,997,0,0.0,26.3,26.0,,-0.7319140867310795,-0.6395909786585526,-0.7389141021158836,-0.7237486766722807,-0.7230881194684287,0.797577550912195,0.636141097862664,False
2021-08-09 02:38:00,-1.7,-0.2,-1.8,0.0,0.0,26.0,92.7,3.2,3.9,0.5,158.4,9.5,997,0,0.0,26.3,26.0,,-0.7316120914594378,-0.6395909786585526,-0.7382839463503605,-0.7237486766722807,-0.7230881194684287,0.6728476192136892,0.5375760920562827,False
2021-08-09 02:39:00,-1.9,-0.2,-1.8,0.0,0.0,26.0,92.8,3.7,4.4,0.4,161.7,5.6,997,0,0.0,26.3,26.0,,-0.732216082002721,-0.6395909786585526,-0.7382839463503605,-0.7237486766722807,-0.7230881194684287,0.9846724484599538,0.7839886065722367,False
2021-08-09 02:40:00,-2.2,-0.2,-2.0,0.0,0.0,26.0,93.0,3.0,3.6,0.4,154.0,7.4,997,0,0.0,26.3,26.0,,-0.7331220678176458,-0.6395909786585526,-0.7395442578814068,-0.7237486766722807,-0.7230881194684287,0.5481176875151833,0.3897285833467105,False
2021-08-09 02:41:00,-2.5,-0.3,-2.2,0.0,0.0,26.0,93.6,2.8,3.6,0.5,158.7,9.1,997,0,0.0,26.3,26.0,,-0.7340280536325705,-0.6399730806181327,-0.740804569412453,-0.7237486766722807,-0.7230881194684287,0.4233877558166773,0.3897285833467105,False
2021-08-09 02:42:00,-2.8,-0.3,-2.5,0.0,0.0,26.0,93.5,3.5,4.4,0.7,156.9,9.6,997,0,0.0,26.3,26.0,,-0.7349340394474954,-0.6399730806181327,-0.7426950367090223,-0.7237486766722807,-0.7230881194684287,0.8599425167614478,0.7839886065722367,False
2021-08-09 02:43:00,-3.1,-0.3,-2.7,0.0,0.0,26.0,93.6,3.2,3.9,0.4,158.7,8.0,997,0,0.0,26.3,25.9,,-0.7358400252624201,-0.6399730806181327,-0.7439553482400685,-0.7237486766722807,-0.7230881194684287,0.6728476192136892,0.5375760920562827,False
2021-08-09 02:44:00,-3.2,-0.3,-2.8,0.0,0.0,25.9,93.6,2.9,3.6,0.5,163.9,4.6,997,0,0.0,26.2,25.9,,-0.7361420205340616,-0.6399730806181327,-0.7445855040055915,-0.7237486766722807,-0.7230881194684287,0.4857527216659302,0.3897285833467105,False
2021-08-09 02:45:00,-3.3,-0.3,-3.0,0.0,0.0,25.9,93.8,2.8,3.6,0.6,158.9,6.8,997,0,0.0,26.2,25.9,,-0.7364440158057033,-0.6399730806181327,-0.7458458155366378,-0.7237486766722807,-0.7230881194684287,0.4233877558166773,0.3897285833467105,False
2021-08-09 02:46:00,-3.3,-0.3,-3.1,0.0,0.0,25.9,94.2,2.8,3.6,0.5,162.9,7.0,997,0,0.0,26.2,25.9,,-0.7364440158057033,-0.6399730806181327,-0.7464759713021609,-0.7237486766722807,-0.7230881194684287,0.4233877558166773,0.3897285833467105,False
2021-08-09 02:47:00,-3.3,-0.3,-3.1,0.0,0.0,25.9,94.2,2.6,3.1,0.5,156.7,9.0,997,0,0.0,26.1,25.8,,-0.7364440158057033,-0.6399730806181327,-0.7464759713021609,-0.7237486766722807,-0.7230881194684287,0.2986578241181716,0.1433160688307568,False
2021-08-09 02:48:00,-3.3,-0.3,-3.1,0.0,0.0,25.8,94.3,2.6,3.4,0.5,155.1,7.5,997,0,0.0,26.1,25.8,,-0.7364440158057033,-0.6399730806181327,-0.7464759713021609,-0.7237486766722807,-0.7230881194684287,0.2986578241181716,0.2911635775403289,False
2021-08-09 02:49:00,-3.3,-0.3,-3.0,0.0,0.0,25.8,94.5,2.8,3.4,0.4,161.9,10.0,997,0,0.0,26.1,25.8,,-0.7364440158057033,-0.6399730806181327,-0.7458458155366378,-0.7237486766722807,-0.7230881194684287,0.4233877558166773,0.2911635775403289,False
2021-08-09 02:50:00,-3.2,-0.3,-3.0,0.0,0.0,25.8,94.4,2.4,2.9,0.4,160.9,6.7,997,0,0.0,26.1,25.7,,-0.7361420205340616,-0.6399730806181327,-0.7458458155366378,-0.7237486766722807,-0.7230881194684287,0.1739278924196656,0.0447510630243752,False
2021-08-09 02:51:00,-3.2,-0.3,-3.0,0.0,0.0,25.8,94.6,2.4,3.4,0.5,159.2,7.2,997,0,0.0,26.0,25.7,,-0.7361420205340616,-0.6399730806181327,-0.7458458155366378,-0.7237486766722807,-0.7230881194684287,0.1739278924196656,0.2911635775403289,False
2021-08-09 02:52:00,-3.2,-0.3,-3.0,0.0,0.0,25.8,94.5,2.2,2.9,0.4,163.6,8.6,997,0,0.0,26.0,25.7,,-0.7361420205340616,-0.6399730806181327,-0.7458458155366378,-0.7237486766722807,-0.7230881194684287,0.0491979607211599,0.0447510630243752,False
2021-08-09 02:53:00,-3.1,-0.3,-3.0,0.0,0.0,25.8,94.8,2.4,3.4,0.6,165.8,8.2,997,0,0.0,25.9,25.6,,-0.7358400252624201,-0.6399730806181327,-0.7458458155366378,-0.7237486766722807,-0.7230881194684287,0.1739278924196656,0.2911635775403289,False
2021-08-09 02:54:00,-3.0,-0.3,-2.9,0.0,0.0,25.8,94.7,2.3,2.9,0.4,168.3,4.6,997,0,0.0,25.9,25.6,,-0.7355380299907784,-0.6399730806181327,-0.7452156597711147,-0.7237486766722807,-0.7230881194684287,0.1115629265704126,0.0447510630243752,False
2021-08-09 02:55:00,-3.0,-0.3,-2.9,0.0,0.0,25.8,94.9,2.7,4.1,0.9,155.8,16.2,997,0,0.0,25.9,25.6,,-0.7355380299907784,-0.6399730806181327,-0.7452156597711147,-0.7237486766722807,-0.7230881194684287,0.3610227899674246,0.636141097862664,False
2021-08-09 02:56:00,-2.9,-0.3,-2.8,0.0,0.0,25.8,94.4,2.6,3.6,0.7,162.3,9.0,997,0,0.0,25.9,25.6,,-0.7352360347191369,-0.6399730806181327,-0.7445855040055915,-0.7237486766722807,-0.7230881194684287,0.2986578241181716,0.3897285833467105,False
2021-08-09 02:57:00,-3.0,-0.3,-2.8,0.0,0.0,25.7,94.3,3.3,4.1,0.5,168.1,8.6,997,0,0.0,25.8,25.6,,-0.7355380299907784,-0.6399730806181327,-0.7445855040055915,-0.7237486766722807,-0.7230881194684287,0.735212585062942,0.636141097862664,False
2021-08-09 02:58:00,-2.9,-0.3,-2.8,0.0,0.0,25.8,94.6,1.8,2.6,0.4,179.4,7.9,997,0,0.0,25.8,25.5,,-0.7352360347191369,-0.6399730806181327,-0.7445855040055915,-0.7237486766722807,-0.7230881194684287,-0.2002619026758518,-0.1030964456851969,False
2021-08-09 02:59:00,-2.9,-0.3,-2.8,0.0,0.0,25.7,94.4,2.9,3.4,0.5,180.1,7.2,997,0,0.0,25.8,25.5,,-0.7352360347191369,-0.6399730806181327,-0.7445855040055915,-0.7237486766722807,-0.7230881194684287,0.4857527216659302,0.2911635775403289,False
2021-08-09 03:00:00,-2.9,-0.3,-2.7,0.0,0.0,25.7,94.1,2.4,3.1,0.6,177.7,8.0,997,0,0.0,25.7,25.4,,-0.7352360347191369,-0.6399730806181327,-0.7439553482400685,-0.7237486766722807,-0.7230881194684287,0.1739278924196656,0.1433160688307568,False
2021-08-09 03:01:00,-2.8,-0.3,-2.7,0.0,0.0,25.7,94.2,1.9,2.6,0.6,176.4,9.3,997,0,0.0,25.7,25.4,,-0.7349340394474954,-0.6399730806181327,-0.7439553482400685,-0.7237486766722807,-0.7230881194684287,-0.137896936826599,-0.1030964456851969,False
2021-08-09 03:02:00,-2.8,-0.3,-2.7,0.0,0.0,25.7,94.1,1.5,2.4,0.7,185.6,12.7,997,0,0.0,25.6,25.3,,-0.7349340394474954,-0.6399730806181327,-0.7439553482400685,-0.7237486766722807,-0.7230881194684287,-0.3873568002236106,-0.2016614514915785,False
2021-08-09 03:03:00,-2.7,-0.3,-2.6,0.0,0.0,25.7,94.1,1.9,2.6,0.4,181.0,9.2,997,0,0.0,25.6,25.3,,-0.7346320441758537,-0.6399730806181327,-0.7433251924745453,-0.7237486766722807,-0.7230881194684287,-0.137896936826599,-0.1030964456851969,False
2021-08-09 03:04:00,-2.6,-0.3,-2.6,0.0,0.0,25.7,94.2,1.9,2.6,0.6,182.8,6.5,997,0,0.0,25.6,25.2,,-0.7343300489042122,-0.6399730806181327,-0.7433251924745453,-0.7237486766722807,-0.7230881194684287,-0.137896936826599,-0.1030964456851969,False
2021-08-09 03:05:00,-2.5,-0.3,-2.5,0.0,0.0,25.7,94.0,2.3,3.1,0.5,179.7,9.8,997,0,0.0,25.5,25.2,,-0.7340280536325705,-0.6399730806181327,-0.7426950367090223,-0.7237486766722807,-0.7230881194684287,0.1115629265704126,0.1433160688307568,False
2021-08-09 03:06:00,-2.4,-0.3,-2.4,0.0,0.0,25.7,93.8,1.6,2.6,0.7,189.6,15.3,997,0,0.0,25.5,25.1,,-0.733726058360929,-0.6399730806181327,-0.7420648809434992,-0.7237486766722807,-0.7230881194684287,-0.3249918343743577,-0.1030964456851969,False
2021-08-09 03:07:00,-2.3,-0.3,-2.4,0.0,0.0,25.7,93.9,2.0,2.9,0.6,175.2,10.1,997,0,0.0,25.5,25.1,,-0.7334240630892874,-0.6399730806181327,-0.7420648809434992,-0.7237486766722807,-0.7230881194684287,-0.075531970977346,0.0447510630243752,False
2021-08-09 03:08:00,-2.2,-0.3,-2.3,0.0,0.0,25.7,94.2,2.1,3.4,0.7,184.2,9.6,997,0,0.0,25.5,25.1,,-0.7331220678176458,-0.6399730806181327,-0.741434725177976,-0.7237486766722807,-0.7230881194684287,-0.013167005128093,0.2911635775403289,False
2021-08-09 03:09:00,-2.1,-0.3,-2.2,0.0,0.0,25.7,93.5,2.4,3.1,0.4,182.4,6.4,997,0,0.0,25.4,25.1,,-0.7328200725460042,-0.6399730806181327,-0.740804569412453,-0.7237486766722807,-0.7230881194684287,0.1739278924196656,0.1433160688307568,False
2021-08-09 03:10:00,-2.1,-0.3,-2.2,0.0,0.0,25.7,93.4,2.0,2.6,0.5,184.5,7.5,997,0,0.0,25.4,25.1,,-0.7328200725460042,-0.6399730806181327,-0.740804569412453,-0.7237486766722807,-0.7230881194684287,-0.075531970977346,-0.1030964456851969,False
2021-08-09 03:11:00,-2.0,-0.3,-2.1,0.0,0.0,25.7,93.6,1.4,2.4,0.7,192.4,7.7,997,0,0.0,25.4,25.1,,-0.7325180772743626,-0.6399730806181327,-0.7401744136469298,-0.7237486766722807,-0.7230881194684287,-0.4497217660728636,-0.2016614514915785,False
2021-08-09 03:12:00,-1.9,-0.3,-2.1,0.0,0.0,25.7,93.5,1.8,2.9,0.6,193.2,9.8,997,0,0.0,25.4,25.0,,-0.732216082002721,-0.6399730806181327,-0.7401744136469298,-0.7237486766722807,-0.7230881194684287,-0.2002619026758518,0.0447510630243752,False
2021-08-09 03:13:00,-1.8,-0.3,-2.0,0.0,0.0,25.7,93.0,2.0,2.6,0.5,192.2,9.1,997,0,0.0,25.4,25.0,,-0.7319140867310795,-0.6399730806181327,-0.7395442578814068,-0.7237486766722807,-0.7230881194684287,-0.075531970977346,-0.1030964456851969,False
2021-08-09 03:14:00,-1.8,-0.3,-2.0,0.0,0.0,25.7,93.2,1.5,2.6,0.8,195.8,14.0,997,0,0.0,25.3,25.0,,-0.7319140867310795,-0.6399730806181327,-0.7395442578814068,-0.7237486766722807,-0.7230881194684287,-0.3873568002236106,-0.1030964456851969,False
2021-08-09 03:15:00,-1.7,-0.3,-1.9,0.0,0.0,25.7,93.0,1.7,2.4,0.4,202.5,16.7,997,0,0.0,25.3,24.9,,-0.7316120914594378,-0.6399730806181327,-0.7389141021158836,-0.7237486766722807,-0.7230881194684287,-0.2626268685251048,-0.2016614514915785,False
2021-08-09 03:16:00,-1.7,-0.3,-1.8,0.0,0.0,25.7,92.8,1.9,2.6,0.4,193.9,9.8,997,0,0.0,25.3,24.9,,-0.7316120914594378,-0.6399730806181327,-0.7382839463503605,-0.7237486766722807,-0.7230881194684287,-0.137896936826599,-0.1030964456851969,False
2021-08-09 03:17:00,-1.6,-0.3,-1.8,0.0,0.0,25.7,92.5,2.1,2.6,0.4,202.6,9.0,997,0,0.0,25.3,24.9,,-0.7313100961877963,-0.6399730806181327,-0.7382839463503605,-0.7237486766722807,-0.7230881194684287,-0.013167005128093,-0.1030964456851969,False
2021-08-09 03:18:00,-1.6,-0.3,-1.7,0.0,0.0,25.7,92.4,1.8,2.4,0.5,199.7,12.6,997,0,0.0,25.2,24.9,,-0.7313100961877963,-0.6399730806181327,-0.7376537905848374,-0.7237486766722807,-0.7230881194684287,-0.2002619026758518,-0.2016614514915785,False
2021-08-09 03:19:00,-1.5,-0.3,-1.7,0.0,0.0,25.6,92.5,2.1,3.4,0.7,198.9,15.7,997,0,0.0,25.2,24.9,,-0.7310081009161546,-0.6399730806181327,-0.7376537905848374,-0.7237486766722807,-0.7230881194684287,-0.013167005128093,0.2911635775403289,False
2021-08-09 03:20:00,-1.5,-0.3,-1.6,0.0,0.0,25.6,92.6,1.3,2.6,0.7,202.4,13.2,997,0,0.0,25.2,24.9,,-0.7310081009161546,-0.6399730806181327,-0.7370236348193142,-0.7237486766722807,-0.7230881194684287,-0.5120867319221165,-0.1030964456851969,False
2021-08-09 03:21:00,-1.5,-0.3,-1.6,0.0,0.0,25.6,92.7,2.1,3.6,0.9,192.5,14.0,997,0,0.0,25.2,24.9,,-0.7310081009161546,-0.6399730806181327,-0.7370236348193142,-0.7237486766722807,-0.7230881194684287,-0.013167005128093,0.3897285833467105,False
2021-08-09 03:22:00,-1.5,-0.3,-1.5,0.0,0.0,25.6,92.6,2.6,3.6,0.7,192.8,10.2,997,0,0.0,25.2,24.9,,-0.7310081009161546,-0.6399730806181327,-0.7363934790537912,-0.7237486766722807,-0.7230881194684287,0.2986578241181716,0.3897285833467105,False
2021-08-09 03:23:00,-1.5,-0.3,-1.5,0.0,0.0,25.6,92.8,2.1,2.9,0.5,190.5,14.8,997,0,0.0,25.2,24.8,,-0.7310081009161546,-0.6399730806181327,-0.7363934790537912,-0.7237486766722807,-0.7230881194684287,-0.013167005128093,0.0447510630243752,False
2021-08-09 03:24:00,-1.5,-0.3,-1.5,0.0,0.0,25.6,92.6,2.4,3.1,0.5,191.6,11.8,997,0,0.0,25.2,24.8,,-0.7310081009161546,-0.6399730806181327,-0.7363934790537912,-0.7237486766722807,-0.7230881194684287,0.1739278924196656,0.1433160688307568,False
2021-08-09 03:25:00,-1.5,-0.3,-1.4,0.0,0.0,25.6,92.7,2.0,2.9,0.8,200.2,19.3,997,0,0.0,25.2,24.8,,-0.7310081009161546,-0.6399730806181327,-0.7357633232882681,-0.7237486766722807,-0.7230881194684287,-0.075531970977346,0.0447510630243752,False
2021-08-09 03:26:00,-1.5,-0.3,-1.4,0.0,0.0,25.6,92.5,2.0,3.4,0.9,195.0,10.6,997,0,0.0,25.1,24.8,,-0.7310081009161546,-0.6399730806181327,-0.7357633232882681,-0.7237486766722807,-0.7230881194684287,-0.075531970977346,0.2911635775403289,False
2021-08-09 03:27:00,-1.5,-0.3,-1.4,0.0,0.0,25.6,92.2,2.2,3.4,0.9,196.1,13.1,997,0,0.0,25.1,24.8,,-0.7310081009161546,-0.6399730806181327,-0.7357633232882681,-0.7237486766722807,-0.7230881194684287,0.0491979607211599,0.2911635775403289,False
2021-08-09 03:28:00,-1.5,-0.3,-1.4,0.0,0.0,25.6,92.2,2.4,3.4,0.6,194.1,11.5,997,0,0.0,25.1,24.7,,-0.7310081009161546,-0.6399730806181327,-0.7357633232882681,-0.7237486766722807,-0.7230881194684287,0.1739278924196656,0.2911635775403289,False
2021-08-09 03:29:00,-1.5,-0.3,-1.4,0.0,0.0,25.5,92.3,2.2,3.4,0.8,195.6,12.4,997,0,0.0,25.1,24.7,,-0.7310081009161546,-0.6399730806181327,-0.7357633232882681,-0.7237486766722807,-0.7230881194684287,0.0491979607211599,0.2911635775403289,False
2021-08-09 03:30:00,-1.5,-0.3,-1.4,0.0,0.0,25.5,92.5,1.7,2.6,0.5,204.2,18.2,997,0,0.0,25.1,24.7,,-0.7310081009161546,-0.6399730806181327,-0.7357633232882681,-0.7237486766722807,-0.7230881194684287,-0.2626268685251048,-0.1030964456851969,False
2021-08-09 03:31:00,-1.5,-0.3,-1.4,0.0,0.0,25.5,92.4,2.0,3.1,0.8,205.1,9.7,996,0,0.0,25.1,24.7,,-0.7310081009161546,-0.6399730806181327,-0.7357633232882681,-0.7237486766722807,-0.7230881194684287,-0.075531970977346,0.1433160688307568,False
2021-08-09 03:32:00,-1.5,-0.3,-1.4,0.0,0.0,25.5,92.4,1.8,2.9,0.7,196.5,11.0,996,0,0.0,25.0,24.6,,-0.7310081009161546,-0.6399730806181327,-0.7357633232882681,-0.7237486766722807,-0.7230881194684287,-0.2002619026758518,0.0447510630243752,False
2021-08-09 03:33:00,-1.5,-0.3,-1.4,0.0,0.0,25.5,92.7,1.6,2.9,0.6,195.8,14.7,997,0,0.0,25.0,24.6,,-0.7310081009161546,-0.6399730806181327,-0.7357633232882681,-0.7237486766722807,-0.7230881194684287,-0.3249918343743577,0.0447510630243752,False
2021-08-09 03:34:00,-1.5,-0.3,-1.4,0.0,0.0,25.5,92.5,2.3,3.1,0.6,196.3,10.0,997,0,0.0,25.0,24.6,,-0.7310081009161546,-0.6399730806181327,-0.7357633232882681,-0.7237486766722807,-0.7230881194684287,0.1115629265704126,0.1433160688307568,False
2021-08-09 03:35:00,-1.5,-0.3,-1.4,0.0,0.0,25.4,92.8,2.3,3.1,0.5,190.9,8.7,997,0,0.0,25.0,24.6,,-0.7310081009161546,-0.6399730806181327,-0.7357633232882681,-0.7237486766722807,-0.7230881194684287,0.1115629265704126,0.1433160688307568,False
2021-08-09 03:36:00,-1.5,-0.3,-1.4,0.0,0.0,25.4,92.9,2.5,3.4,0.6,190.5,10.9,997,0,0.0,25.0,24.6,,-0.7310081009161546,-0.6399730806181327,-0.7357633232882681,-0.7237486766722807,-0.7230881194684287,0.2362928582689186,0.2911635775403289,False
2021-08-09 03:37:00,-1.5,-0.3,-1.4,0.0,0.0,25.4,93.0,2.4,3.1,0.5,187.8,12.4,997,0,0.0,24.9,24.6,,-0.7310081009161546,-0.6399730806181327,-0.7357633232882681,-0.7237486766722807,-0.7230881194684287,0.1739278924196656,0.1433160688307568,False
2021-08-09 03:38:00,-1.5,-0.3,-1.4,0.0,0.0,25.4,93.2,2.2,2.9,0.4,191.8,10.2,997,0,0.0,24.9,24.6,,-0.7310081009161546,-0.6399730806181327,-0.7357633232882681,-0.7237486766722807,-0.7230881194684287,0.0491979607211599,0.0447510630243752,False
2021-08-09 03:39:00,-1.5,-0.3,-1.4,0.0,0.0,25.4,93.2,1.9,2.9,0.6,196.3,12.9,997,0,0.0,24.9,24.6,,-0.7310081009161546,-0.6399730806181327,-0.7357633232882681,-0.7237486766722807,-0.7230881194684287,-0.137896936826599,0.0447510630243752,False
2021-08-09 03:40:00,-1.5,-0.3,-1.4,0.0,0.0,25.4,93.0,1.9,3.1,0.5,199.4,9.6,997,0,0.0,24.9,24.6,,-0.7310081009161546,-0.6399730806181327,-0.7357633232882681,-0.7237486766722807,-0.7230881194684287,-0.137896936826599,0.1433160688307568,False
2021-08-09 03:41:00,-1.5,-0.3,-1.4,0.0,0.0,25.3,93.1,1.9,2.6,0.6,191.5,13.5,997,0,0.0,24.9,24.6,,-0.7310081009161546,-0.6399730806181327,-0.7357633232882681,-0.7237486766722807,-0.7230881194684287,-0.137896936826599,-0.1030964456851969,False
2021-08-09 03:42:00,-1.4,-0.3,-1.4,0.0,0.0,25.3,93.0,1.8,2.6,0.6,194.8,8.3,997,0,0.0,24.9,24.6,,-0.7307061056445131,-0.6399730806181327,-0.7357633232882681,-0.7237486766722807,-0.7230881194684287,-0.2002619026758518,-0.1030964456851969,False
2021-08-09 03:43:00,-1.4,-0.3,-1.4,0.0,0.0,25.3,93.4,1.9,2.6,0.4,190.1,14.1,997,0,0.0,24.9,24.6,,-0.7307061056445131,-0.6399730806181327,-0.7357633232882681,-0.7237486766722807,-0.7230881194684287,-0.137896936826599,-0.1030964456851969,False
2021-08-09 03:44:00,-1.4,-0.3,-1.4,0.0,0.0,25.3,93.6,1.7,2.6,0.5,194.8,10.0,997,0,0.0,24.9,24.5,,-0.7307061056445131,-0.6399730806181327,-0.7357633232882681,-0.7237486766722807,-0.7230881194684287,-0.2626268685251048,-0.1030964456851969,False
2021-08-09 03:45:00,-1.4,-0.3,-1.3,0.0,0.0,25.3,93.8,1.6,2.4,0.5,192.3,10.0,997,0,0.0,24.9,24.5,,-0.7307061056445131,-0.6399730806181327,-0.7351331675227449,-0.7237486766722807,-0.7230881194684287,-0.3249918343743577,-0.2016614514915785,False
2021-08-09 03:46:00,-1.3,-0.3,-1.3,0.0,0.0,25.3,93.7,1.8,2.4,0.4,191.0,12.1,997,0,0.0,24.9,24.5,,-0.7304041103728716,-0.6399730806181327,-0.7351331675227449,-0.7237486766722807,-0.7230881194684287,-0.2002619026758518,-0.2016614514915785,False
2021-08-09 03:47:00,-1.3,-0.3,-1.3,0.0,0.0,25.3,93.7,1.8,2.6,0.5,189.9,11.3,997,0,0.0,24.9,24.6,,-0.7304041103728716,-0.6399730806181327,-0.7351331675227449,-0.7237486766722807,-0.7230881194684287,-0.2002619026758518,-0.1030964456851969,False
2021-08-09 03:48:00,-1.3,-0.3,-1.2,0.0,0.0,25.3,93.8,1.8,2.6,0.5,192.0,9.6,997,0,0.0,25.0,24.6,,-0.7304041103728716,-0.6399730806181327,-0.7345030117572219,-0.7237486766722807,-0.7230881194684287,-0.2002619026758518,-0.1030964456851969,False
2021-08-09 03:49:00,-1.2,-0.3,-1.2,0.0,0.0,25.2,93.9,2.1,2.9,0.5,188.1,9.3,997,0,0.0,25.0,24.6,,-0.7301021151012299,-0.6399730806181327,-0.7345030117572219,-0.7237486766722807,-0.7230881194684287,-0.013167005128093,0.0447510630243752,False
2021-08-09 03:50:00,-1.2,-0.2,-1.2,0.0,0.0,25.2,93.9,2.0,2.6,0.4,191.2,14.8,997,0,0.0,25.0,24.6,,-0.7301021151012299,-0.6395909786585526,-0.7345030117572219,-0.7237486766722807,-0.7230881194684287,-0.075531970977346,-0.1030964456851969,False
2021-08-09 03:51:00,-1.2,-0.2,-1.1,0.0,0.0,25.2,93.9,2.4,3.1,0.5,182.9,6.3,997,0,0.0,25.0,24.6,,-0.7301021151012299,-0.6395909786585526,-0.7338728559916987,-0.7237486766722807,-0.7230881194684287,0.1739278924196656,0.1433160688307568,False
2021-08-09 03:52:00,-1.1,-0.2,-1.1,0.0,0.0,25.2,94.1,1.9,2.6,0.5,184.3,8.5,997,0,0.0,25.1,24.7,,-0.7298001198295884,-0.6395909786585526,-0.7338728559916987,-0.7237486766722807,-0.7230881194684287,-0.137896936826599,-0.1030964456851969,False
2021-08-09 03:53:00,-1.1,-0.2,-1.0,0.0,0.0,25.2,94.3,2.5,3.4,0.6,183.9,6.9,997,0,0.0,25.1,24.7,,-0.7298001198295884,-0.6395909786585526,-0.7332427002261757,-0.7237486766722807,-0.7230881194684287,0.2362928582689186,0.2911635775403289,False
2021-08-09 03:54:00,-1.1,-0.2,-1.0,0.0,0.0,25.2,94.2,2.5,3.4,0.5,185.8,8.5,997,0,0.0,25.1,24.7,,-0.7298001198295884,-0.6395909786585526,-0.7332427002261757,-0.7237486766722807,-0.7230881194684287,0.2362928582689186,0.2911635775403289,False
2021-08-09 03:55:00,-1.1,-0.2,-1.0,0.0,0.0,25.2,94.2,2.6,3.1,0.4,185.0,6.7,997,0,0.0,25.1,24.8,,-0.7298001198295884,-0.6395909786585526,-0.7332427002261757,-0.7237486766722807,-0.7230881194684287,0.2986578241181716,0.1433160688307568,False
2021-08-09 03:56:00,-1.0,-0.2,-1.0,0.0,0.0,25.2,94.3,2.5,3.1,0.5,180.9,6.9,997,0,0.0,25.1,24.8,,-0.7294981245579467,-0.6395909786585526,-0.7332427002261757,-0.7237486766722807,-0.7230881194684287,0.2362928582689186,0.1433160688307568,False
2021-08-09 03:57:00,-1.0,-0.1,-1.0,0.0,0.0,25.2,94.3,2.3,3.1,0.5,186.4,8.4,997,0,0.0,25.2,24.8,,-0.7294981245579467,-0.6392088766989726,-0.7332427002261757,-0.7237486766722807,-0.7230881194684287,0.1115629265704126,0.1433160688307568,False
2021-08-09 03:58:00,-1.0,-0.1,-1.0,0.0,0.0,25.2,94.4,2.5,3.1,0.5,188.3,12.3,997,0,0.0,25.2,24.8,,-0.7294981245579467,-0.6392088766989726,-0.7332427002261757,-0.7237486766722807,-0.7230881194684287,0.2362928582689186,0.1433160688307568,False
2021-08-09 03:59:00,-1.0,-0.1,-0.9,0.0,0.0,25.2,94.1,2.4,2.6,0.4,191.8,13.0,997,0,0.0,25.2,24.8,,-0.7294981245579467,-0.6392088766989726,-0.7326125444606526,-0.7237486766722807,-0.7230881194684287,0.1739278924196656,-0.1030964456851969,False
2021-08-09 04:00:00,-1.0,-0.1,-0.9,0.0,0.0,25.2,94.0,2.1,3.1,0.6,188.9,14.6,997,0,0.0,25.2,24.8,,-0.7294981245579467,-0.6392088766989726,-0.7326125444606526,-0.7237486766722807,-0.7230881194684287,-0.013167005128093,0.1433160688307568,False
2021-08-09 04:01:00,-0.9,-0.1,-0.9,0.0,0.0,25.2,94.0,1.6,2.6,0.7,196.1,13.0,997,0,0.0,25.2,24.8,,-0.7291961292863052,-0.6392088766989726,-0.7326125444606526,-0.7237486766722807,-0.7230881194684287,-0.3249918343743577,-0.1030964456851969,False
2021-08-09 04:02:00,-0.9,-0.1,-0.8,0.0,0.0,25.2,93.9,1.7,2.6,0.5,204.4,12.1,997,0,0.0,25.2,24.8,,-0.7291961292863052,-0.6392088766989726,-0.7319823886951294,-0.7237486766722807,-0.7230881194684287,-0.2626268685251048,-0.1030964456851969,False
2021-08-09 04:03:00,-0.8,-0.1,-0.8,0.0,0.0,25.2,93.8,1.6,2.9,0.7,209.6,10.8,997,0,0.0,25.3,24.9,,-0.7288941340146636,-0.6392088766989726,-0.7319823886951294,-0.7237486766722807,-0.7230881194684287,-0.3249918343743577,0.0447510630243752,False
2021-08-09 04:04:00,-0.8,-0.1,-0.8,0.0,0.0,25.2,93.8,1.6,2.9,0.5,215.0,8.9,997,0,0.0,25.3,24.9,,-0.7288941340146636,-0.6392088766989726,-0.7319823886951294,-0.7237486766722807,-0.7230881194684287,-0.3249918343743577,0.0447510630243752,False
2021-08-09 04:05:00,-0.8,-0.1,-0.8,0.0,0.0,25.2,94.0,1.3,1.9,0.5,217.6,8.2,997,0,0.0,25.3,24.9,,-0.7288941340146636,-0.6392088766989726,-0.7319823886951294,-0.7237486766722807,-0.7230881194684287,-0.5120867319221165,-0.4480739660075322,False
2021-08-09 04:06:00,-0.8,-0.1,-0.7,0.0,0.0,25.2,94.1,1.7,2.4,0.4,223.8,9.4,997,0,0.0,25.3,24.9,,-0.7288941340146636,-0.6392088766989726,-0.7313522329296064,-0.7237486766722807,-0.7230881194684287,-0.2626268685251048,-0.2016614514915785,False
2021-08-09 04:07:00,-0.8,-0.1,-0.7,0.0,0.0,25.2,94.2,1.4,2.1,0.5,222.5,8.7,997,0,0.0,25.4,24.9,,-0.7288941340146636,-0.6392088766989726,-0.7313522329296064,-0.7237486766722807,-0.7230881194684287,-0.4497217660728636,-0.3495089602011506,False
2021-08-09 04:08:00,-0.8,-0.1,-0.7,0.0,0.0,25.2,94.3,0.9,1.6,0.6,222.8,5.8,997,0,0.0,25.4,25.0,,-0.7288941340146636,-0.6392088766989726,-0.7313522329296064,-0.7237486766722807,-0.7230881194684287,-0.7615465953191283,-0.5959214747171043,False
2021-08-09 04:09:00,-0.8,-0.1,-0.7,0.0,0.0,25.2,94.4,1.2,1.9,0.4,229.3,7.3,997,0,0.0,25.4,25.0,,-0.7288941340146636,-0.6392088766989726,-0.7313522329296064,-0.7237486766722807,-0.7230881194684287,-0.5744516977713695,-0.4480739660075322,False
2021-08-09 04:10:00,-0.8,-0.1,-0.7,0.0,0.0,25.1,94.4,0.5,1.9,0.7,231.0,7.7,997,0,0.0,25.4,25.0,,-0.7288941340146636,-0.6392088766989726,-0.7313522329296064,-0.7237486766722807,-0.7230881194684287,-1.0110064587161398,-0.4480739660075322,False
2021-08-09 04:11:00,-0.8,-0.1,-0.8,0.0,0.0,25.1,94.3,1.3,1.6,0.3,241.2,12.6,997,0,0.0,25.4,25.0,,-0.7288941340146636,-0.6392088766989726,-0.7319823886951294,-0.7237486766722807,-0.7230881194684287,-0.5120867319221165,-0.5959214747171043,False
2021-08-09 04:12:00,-0.9,-0.1,-0.8,0.0,0.0,25.1,94.6,1.1,1.9,0.6,240.9,8.5,997,0,0.0,25.4,25.0,,-0.7291961292863052,-0.6392088766989726,-0.7319823886951294,-0.7237486766722807,-0.7230881194684287,-0.6368166636206223,-0.4480739660075322,False
2021-08-09 04:13:00,-0.9,-0.1,-0.8,0.0,0.0,25.1,94.7,1.4,1.9,0.4,245.8,5.7,997,0,0.0,25.4,25.0,,-0.7291961292863052,-0.6392088766989726,-0.7319823886951294,-0.7237486766722807,-0.7230881194684287,-0.4497217660728636,-0.4480739660075322,False
2021-08-09 04:14:00,-1.0,-0.1,-0.9,0.0,0.0,25.1,94.9,1.2,1.3,0.3,241.3,8.0,997,0,0.0,25.4,24.9,,-0.7294981245579467,-0.6392088766989726,-0.7326125444606526,-0.7237486766722807,-0.7230881194684287,-0.5744516977713695,-0.7437689834266766,False
2021-08-09 04:15:00,-1.0,-0.1,-0.9,0.0,0.0,25.1,94.9,1.3,2.1,0.7,241.5,5.7,997,0,0.0,25.3,24.9,,-0.7294981245579467,-0.6392088766989726,-0.7326125444606526,-0.7237486766722807,-0.7230881194684287,-0.5120867319221165,-0.3495089602011506,False
2021-08-09 04:16:00,-1.0,-0.1,-0.9,0.0,0.0,25.1,94.8,1.4,2.4,0.5,237.7,11.6,997,0,0.0,25.3,24.9,,-0.7294981245579467,-0.6392088766989726,-0.7326125444606526,-0.7237486766722807,-0.7230881194684287,-0.4497217660728636,-0.2016614514915785,False
2021-08-09 04:17:00,-1.0,-0.1,-0.9,0.0,0.0,25.1,94.7,1.3,1.9,0.5,231.7,7.8,997,0,0.0,25.3,24.9,,-0.7294981245579467,-0.6392088766989726,-0.7326125444606526,-0.7237486766722807,-0.7230881194684287,-0.5120867319221165,-0.4480739660075322,False
2021-08-09 04:18:00,-1.0,-0.1,-0.9,0.0,0.0,25.1,94.6,1.8,2.6,0.6,232.1,8.2,997,0,0.0,25.3,24.9,,-0.7294981245579467,-0.6392088766989726,-0.7326125444606526,-0.7237486766722807,-0.7230881194684287,-0.2002619026758518,-0.1030964456851969,False
2021-08-09 04:19:00,-1.0,-0.1,-0.9,0.0,0.0,25.1,94.5,1.4,2.1,0.6,229.1,9.3,997,0,0.0,25.3,24.9,,-0.7294981245579467,-0.6392088766989726,-0.7326125444606526,-0.7237486766722807,-0.7230881194684287,-0.4497217660728636,-0.3495089602011506,False
2021-08-09 04:20:00,-1.0,-0.1,-0.9,0.0,0.0,25.1,94.5,1.8,2.4,0.4,218.7,9.6,997,0,0.0,25.2,24.8,,-0.7294981245579467,-0.6392088766989726,-0.7326125444606526,-0.7237486766722807,-0.7230881194684287,-0.2002619026758518,-0.2016614514915785,False
2021-08-09 04:21:00,-1.0,-0.1,-0.9,0.0,0.0,25.1,94.6,1.7,2.4,0.5,221.9,9.2,997,0,0.0,25.2,24.8,,-0.7294981245579467,-0.6392088766989726,-0.7326125444606526,-0.7237486766722807,-0.7230881194684287,-0.2626268685251048,-0.2016614514915785,False
2021-08-09 04:22:00,-1.0,-0.1,-0.9,0.0,0.0,25.1,94.5,1.6,2.1,0.4,218.7,4.9,997,0,0.0,25.2,24.8,,-0.7294981245579467,-0.6392088766989726,-0.7326125444606526,-0.7237486766722807,-0.7230881194684287,-0.3249918343743577,-0.3495089602011506,False
2021-08-09 04:23:00,-1.0,-0.2,-1.0,0.0,0.0,25.1,94.7,1.1,1.9,0.5,214.5,4.4,997,0,0.0,25.2,24.8,,-0.7294981245579467,-0.6395909786585526,-0.7332427002261757,-0.7237486766722807,-0.7230881194684287,-0.6368166636206223,-0.4480739660075322,False
2021-08-09 04:24:00,-1.0,-0.2,-1.0,0.0,0.0,25.0,94.9,1.2,1.9,0.4,218.9,8.2,997,0,0.0,25.2,24.8,,-0.7294981245579467,-0.6395909786585526,-0.7332427002261757,-0.7237486766722807,-0.7230881194684287,-0.5744516977713695,-0.4480739660075322,False
2021-08-09 04:25:00,-1.1,-0.2,-1.0,0.0,0.0,25.0,95.0,1.5,2.4,0.5,210.7,8.3,997,0,0.0,25.2,24.8,,-0.7298001198295884,-0.6395909786585526,-0.7332427002261757,-0.7237486766722807,-0.7230881194684287,-0.3873568002236106,-0.2016614514915785,False
2021-08-09 04:26:00,-1.1,-0.2,-1.1,0.0,0.0,25.0,94.6,1.5,2.1,0.5,212.6,10.2,997,0,0.0,25.1,24.7,,-0.7298001198295884,-0.6395909786585526,-0.7338728559916987,-0.7237486766722807,-0.7230881194684287,-0.3873568002236106,-0.3495089602011506,False
2021-08-09 04:27:00,-1.2,-0.2,-1.1,0.0,0.0,25.0,95.0,1.3,2.1,0.6,210.2,5.2,997,0,0.0,25.1,24.7,,-0.7301021151012299,-0.6395909786585526,-0.7338728559916987,-0.7237486766722807,-0.7230881194684287,-0.5120867319221165,-0.3495089602011506,False
2021-08-09 04:28:00,-1.2,-0.2,-1.1,0.0,0.0,25.0,95.0,1.1,1.9,0.6,192.6,9.6,997,0,0.0,25.1,24.7,,-0.7301021151012299,-0.6395909786585526,-0.7338728559916987,-0.7237486766722807,-0.7230881194684287,-0.6368166636206223,-0.4480739660075322,False
2021-08-09 04:29:00,-1.3,-0.2,-1.2,0.0,0.0,25.0,95.2,1.1,1.6,0.6,200.4,8.1,997,0,0.0,25.0,24.6,,-0.7304041103728716,-0.6395909786585526,-0.7345030117572219,-0.7237486766722807,-0.7230881194684287,-0.6368166636206223,-0.5959214747171043,False
2021-08-09 04:30:00,-1.3,-0.2,-1.3,0.0,0.0,25.0,95.2,1.3,1.9,0.5,199.4,9.7,997,0,0.0,25.0,24.6,,-0.7304041103728716,-0.6395909786585526,-0.7351331675227449,-0.7237486766722807,-0.7230881194684287,-0.5120867319221165,-0.4480739660075322,False
2021-08-09 04:31:00,-1.3,-0.3,-1.3,0.0,0.0,25.0,95.6,0.7,1.6,0.7,203.5,6.5,997,0,0.0,24.9,24.5,,-0.7304041103728716,-0.6399730806181327,-0.7351331675227449,-0.7237486766722807,-0.7230881194684287,-0.886276527017634,-0.5959214747171043,False
2021-08-09 04:32:00,-1.4,-0.3,-1.4,0.0,0.0,25.0,95.6,1.0,1.9,0.7,207.7,9.5,997,0,0.0,24.9,24.5,,-0.7307061056445131,-0.6399730806181327,-0.7357633232882681,-0.7237486766722807,-0.7230881194684287,-0.6991816294698753,-0.4480739660075322,False
2021-08-09 04:33:00,-1.5,-0.3,-1.4,0.0,0.0,24.9,95.5,1.0,1.3,0.5,198.7,7.1,997,0,0.0,24.8,24.5,,-0.7310081009161546,-0.6399730806181327,-0.7357633232882681,-0.7237486766722807,-0.7230881194684287,-0.6991816294698753,-0.7437689834266766,False
2021-08-09 04:34:00,-1.5,-0.3,-1.4,0.0,0.0,24.9,95.7,0.7,1.3,0.6,200.6,11.3,997,0,0.0,24.8,24.4,,-0.7310081009161546,-0.6399730806181327,-0.7357633232882681,-0.7237486766722807,-0.7230881194684287,-0.886276527017634,-0.7437689834266766,False
2021-08-09 04:35:00,-1.5,-0.3,-1.5,0.0,0.0,24.9,95.9,0.6,1.6,0.7,202.4,6.7,997,0,0.0,24.8,24.4,,-0.7310081009161546,-0.6399730806181327,-0.7363934790537912,-0.7237486766722807,-0.7230881194684287,-0.9486414928668868,-0.5959214747171043,False
2021-08-09 04:36:00,-1.5,-0.3,-1.5,0.0,0.0,24.9,95.8,1.1,1.6,0.5,201.9,8.5,997,0,0.0,24.8,24.4,,-0.7310081009161546,-0.6399730806181327,-0.7363934790537912,-0.7237486766722807,-0.7230881194684287,-0.6368166636206223,-0.5959214747171043,False
2021-08-09 04:37:00,-1.5,-0.3,-1.5,0.0,0.0,24.9,95.9,1.2,1.9,0.5,205.0,7.8,997,0,0.0,24.7,24.4,,-0.7310081009161546,-0.6399730806181327,-0.7363934790537912,-0.7237486766722807,-0.7230881194684287,-0.5744516977713695,-0.4480739660075322,False
2021-08-09 04:38:00,-1.6,-0.3,-1.5,0.0,0.0,24.9,96.0,1.1,1.9,0.4,211.0,3.9,997,0,0.0,24.7,24.3,,-0.7313100961877963,-0.6399730806181327,-0.7363934790537912,-0.7237486766722807,-0.7230881194684287,-0.6368166636206223,-0.4480739660075322,False
2021-08-09 04:39:00,-1.6,-0.3,-1.5,0.0,0.0,24.8,96.0,1.7,2.1,0.4,208.6,6.3,997,0,0.0,24.7,24.3,,-0.7313100961877963,-0.6399730806181327,-0.7363934790537912,-0.7237486766722807,-0.7230881194684287,-0.2626268685251048,-0.3495089602011506,False
2021-08-09 04:40:00,-1.6,-0.3,-1.5,0.0,0.0,24.8,96.1,1.7,2.4,0.4,216.3,5.9,997,0,0.0,24.7,24.3,,-0.7313100961877963,-0.6399730806181327,-0.7363934790537912,-0.7237486766722807,-0.7230881194684287,-0.2626268685251048,-0.2016614514915785,False
2021-08-09 04:41:00,-1.6,-0.3,-1.5,0.0,0.0,24.8,96.3,1.1,1.6,0.5,214.5,5.5,997,0,0.0,24.7,24.3,,-0.7313100961877963,-0.6399730806181327,-0.7363934790537912,-0.7237486766722807,-0.7230881194684287,-0.6368166636206223,-0.5959214747171043,False
2021-08-09 04:42:00,-1.6,-0.3,-1.5,0.0,0.0,24.8,96.6,0.9,1.3,0.4,212.1,4.6,997,0,0.0,24.7,24.3,,-0.7313100961877963,-0.6399730806181327,-0.7363934790537912,-0.7237486766722807,-0.7230881194684287,-0.7615465953191283,-0.7437689834266766,False
2021-08-09 04:43:00,-1.6,-0.3,-1.5,0.0,0.0,24.8,96.5,0.9,1.6,0.6,216.8,5.0,997,0,0.0,24.7,24.3,,-0.7313100961877963,-0.6399730806181327,-0.7363934790537912,-0.7237486766722807,-0.7230881194684287,-0.7615465953191283,-0.5959214747171043,False
2021-08-09 04:44:00,-1.6,-0.3,-1.5,0.0,0.0,24.7,96.5,0.7,1.3,0.6,206.0,6.5,997,0,0.0,24.7,24.3,,-0.7313100961877963,-0.6399730806181327,-0.7363934790537912,-0.7237486766722807,-0.7230881194684287,-0.886276527017634,-0.7437689834266766,False
2021-08-09 04:45:00,-1.5,-0.3,-1.5,0.0,0.0,24.7,96.8,0.7,1.6,0.7,201.0,5.9,997,0,0.0,24.6,24.3,,-0.7310081009161546,-0.6399730806181327,-0.7363934790537912,-0.7237486766722807,-0.7230881194684287,-0.886276527017634,-0.5959214747171043,False
2021-08-09 04:46:00,-1.5,-0.3,-1.5,0.0,0.0,24.7,96.7,0.3,1.3,0.5,195.2,5.0,997,0,0.0,24.6,24.2,,-0.7310081009161546,-0.6399730806181327,-0.7363934790537912,-0.7237486766722807,-0.7230881194684287,-1.1357363904146458,-0.7437689834266766,False
2021-08-09 04:47:00,-1.5,-0.3,-1.4,0.0,0.0,24.7,96.7,0.2,1.1,0.4,207.7,5.3,997,0,0.0,24.6,24.2,,-0.7310081009161546,-0.6399730806181327,-0.7357633232882681,-0.7237486766722807,-0.7230881194684287,-1.198101356263899,-0.8423339892330581,False
2021-08-09 04:48:00,-1.5,-0.3,-1.5,0.0,0.0,24.7,96.8,0.5,1.1,0.5,190.3,6.9,997,0,0.0,24.6,24.2,,-0.7310081009161546,-0.6399730806181327,-0.7363934790537912,-0.7237486766722807,-0.7230881194684287,-1.0110064587161398,-0.8423339892330581,False
2021-08-09 04:49:00,-1.5,-0.3,-1.5,0.0,0.0,24.7,96.9,0.9,1.3,0.5,188.6,8.8,997,0,0.0,24.5,24.1,,-0.7310081009161546,-0.6399730806181327,-0.7363934790537912,-0.7237486766722807,-0.7230881194684287,-0.7615465953191283,-0.7437689834266766,False
2021-08-09 04:50:00,-1.5,-0.3,-1.5,0.0,0.0,24.7,96.9,0.4,1.1,0.5,185.7,3.7,997,0,0.0,24.5,24.1,,-0.7310081009161546,-0.6399730806181327,-0.7363934790537912,-0.7237486766722807,-0.7230881194684287,-1.073371424565393,-0.8423339892330581,False
2021-08-09 04:51:00,-1.5,-0.3,-1.5,0.0,0.0,24.6,97.1,0.2,1.3,0.5,186.8,3.1,997,0,0.0,24.5,24.1,,-0.7310081009161546,-0.6399730806181327,-0.7363934790537912,-0.7237486766722807,-0.7230881194684287,-1.198101356263899,-0.7437689834266766,False
2021-08-09 04:52:00,-1.5,-0.3,-1.5,0.0,0.0,24.6,97.3,0.8,1.3,0.6,180.6,5.3,997,0,0.0,24.5,24.1,,-0.7310081009161546,-0.6399730806181327,-0.7363934790537912,-0.7237486766722807,-0.7230881194684287,-0.8239115611683812,-0.7437689834266766,False
2021-08-09 04:53:00,-1.5,-0.3,-1.4,0.0,0.0,24.6,97.3,0.8,1.3,0.5,174.7,4.7,997,0,0.0,24.5,24.2,,-0.7310081009161546,-0.6399730806181327,-0.7357633232882681,-0.7237486766722807,-0.7230881194684287,-0.8239115611683812,-0.7437689834266766,False
2021-08-09 04:54:00,-1.5,-0.3,-1.4,0.0,0.0,24.6,97.4,1.1,1.6,0.5,174.2,2.3,997,0,0.0,24.5,24.2,,-0.7310081009161546,-0.6399730806181327,-0.7357633232882681,-0.7237486766722807,-0.7230881194684287,-0.6368166636206223,-0.5959214747171043,False
2021-08-09 04:55:00,-1.5,-0.3,-1.4,0.0,0.0,24.6,97.3,0.6,1.1,0.5,172.1,4.1,997,0,0.0,24.5,24.2,,-0.7310081009161546,-0.6399730806181327,-0.7357633232882681,-0.7237486766722807,-0.7230881194684287,-0.9486414928668868,-0.8423339892330581,False
2021-08-09 04:56:00,-1.5,-0.2,-1.4,0.0,0.0,24.6,97.3,0.3,1.1,0.5,165.1,0.7,997,0,0.0,24.6,24.3,,-0.7310081009161546,-0.6395909786585526,-0.7357633232882681,-0.7237486766722807,-0.7230881194684287,-1.1357363904146458,-0.8423339892330581,False
2021-08-09 04:57:00,-1.5,-0.2,-1.4,0.0,0.0,24.6,97.4,0.4,1.1,0.5,173.4,2.5,997,0,0.0,24.6,24.3,,-0.7310081009161546,-0.6395909786585526,-0.7357633232882681,-0.7237486766722807,-0.7230881194684287,-1.073371424565393,-0.8423339892330581,False
2021-08-09 04:58:00,-1.5,-0.2,-1.4,0.0,0.0,24.6,97.5,0.2,0.7,0.4,170.5,2.6,997,0,0.0,24.6,24.3,,-0.7310081009161546,-0.6395909786585526,-0.7357633232882681,-0.7237486766722807,-0.7230881194684287,-1.198101356263899,-1.0394640008458211,False
2021-08-09 04:59:00,-1.5,-0.2,-1.4,0.0,0.0,24.6,97.6,0.0,0.0,0.0,0.0,0.0,997,0,0.0,24.6,24.3,,-0.7310081009161546,-0.6395909786585526,-0.7357633232882681,-0.7237486766722807,-0.7230881194684287,-1.3228312879624045,-1.3844415211681564,False
2021-08-09 05:00:00,-1.5,-0.2,-1.4,0.0,0.0,24.6,97.6,0.0,0.0,0.0,0.0,0.0,997,0,0.0,24.6,24.3,,-0.7310081009161546,-0.6395909786585526,-0.7357633232882681,-0.7237486766722807,-0.7230881194684287,-1.3228312879624045,-1.3844415211681564,False
2021-08-09 05:01:00,-1.5,-0.2,-1.4,0.0,0.0,24.6,97.6,0.1,1.1,0.3,169.8,0.0,997,0,0.0,24.6,24.3,,-0.7310081009161546,-0.6395909786585526,-0.7357633232882681,-0.7237486766722807,-0.7230881194684287,-1.2604663221131516,-0.8423339892330581,False
2021-08-09 05:02:00,-1.5,-0.2,-1.4,0.0,0.0,24.5,97.6,0.0,0.7,0.1,169.8,0.0,997,0,0.0,24.5,24.2,,-0.7310081009161546,-0.6395909786585526,-0.7357633232882681,-0.7237486766722807,-0.7230881194684287,-1.3228312879624045,-1.0394640008458211,False
2021-08-09 05:03:00,-1.5,-0.2,-1.4,0.0,0.0,24.5,97.6,0.0,0.0,0.0,0.0,0.0,997,0,0.0,24.5,24.2,,-0.7310081009161546,-0.6395909786585526,-0.7357633232882681,-0.7237486766722807,-0.7230881194684287,-1.3228312879624045,-1.3844415211681564,False
2021-08-09 05:04:00,-1.5,-0.2,-1.4,0.0,0.0,24.5,97.7,0.0,0.0,0.0,0.0,0.0,997,0,0.0,24.5,24.2,,-0.7310081009161546,-0.6395909786585526,-0.7357633232882681,-0.7237486766722807,-0.7230881194684287,-1.3228312879624045,-1.3844415211681564,False
2021-08-09 05:05:00,-1.5,-0.2,-1.5,0.0,0.0,24.5,97.8,0.0,0.4,0.1,182.2,0.0,997,0,0.0,24.4,24.1,,-0.7310081009161546,-0.6395909786585526,-0.7363934790537912,-0.7237486766722807,-0.7230881194684287,-1.3228312879624045,-1.1873115095553934,False
2021-08-09 05:06:00,-1.5,-0.2,-1.5,0.0,0.0,24.5,97.7,0.1,0.7,0.3,184.3,0.2,997,0,0.0,24.4,24.1,,-0.7310081009161546,-0.6395909786585526,-0.7363934790537912,-0.7237486766722807,-0.7230881194684287,-1.2604663221131516,-1.0394640008458211,False
2021-08-09 05:07:00,-1.5,-0.2,-1.5,0.0,0.0,24.5,97.8,0.1,0.7,0.3,182.1,0.0,997,0,0.0,24.4,24.1,,-0.7310081009161546,-0.6395909786585526,-0.7363934790537912,-0.7237486766722807,-0.7230881194684287,-1.2604663221131516,-1.0394640008458211,False
2021-08-09 05:08:00,-1.5,-0.2,-1.4,0.0,0.0,24.5,97.9,0.1,0.7,0.4,181.7,0.0,997,0,0.0,24.4,24.0,,-0.7310081009161546,-0.6395909786585526,-0.7357633232882681,-0.7237486766722807,-0.7230881194684287,-1.2604663221131516,-1.0394640008458211,False
2021-08-09 05:09:00,-1.4,-0.2,-1.4,0.0,0.0,24.5,98.0,0.0,0.4,0.2,181.9,0.0,997,0,0.0,24.4,24.0,,-0.7307061056445131,-0.6395909786585526,-0.7357633232882681,-0.7237486766722807,-0.7230881194684287,-1.3228312879624045,-1.1873115095553934,False
2021-08-09 05:10:00,-1.4,-0.2,-1.4,0.0,0.0,24.5,98.0,0.1,0.7,0.4,181.9,0.1,997,0,0.0,24.4,24.0,,-0.7307061056445131,-0.6395909786585526,-0.7357633232882681,-0.7237486766722807,-0.7230881194684287,-1.2604663221131516,-1.0394640008458211,False
2021-08-09 05:11:00,-1.4,-0.2,-1.4,0.0,0.0,24.5,98.0,0.0,0.0,0.0,0.0,0.0,997,0,0.0,24.4,24.0,,-0.7307061056445131,-0.6395909786585526,-0.7357633232882681,-0.7237486766722807,-0.7230881194684287,-1.3228312879624045,-1.3844415211681564,False
2021-08-09 05:12:00,-1.3,-0.2,-1.3,0.0,0.0,24.5,97.9,0.0,0.0,0.0,0.0,0.0,997,0,0.0,24.4,24.0,,-0.7304041103728716,-0.6395909786585526,-0.7351331675227449,-0.7237486766722807,-0.7230881194684287,-1.3228312879624045,-1.3844415211681564,False
2021-08-09 05:13:00,-1.3,-0.2,-1.3,0.0,0.0,24.5,98.0,0.0,0.4,0.1,195.4,0.0,997,0,0.0,24.4,24.0,,-0.7304041103728716,-0.6395909786585526,-0.7351331675227449,-0.7237486766722807,-0.7230881194684287,-1.3228312879624045,-1.1873115095553934,False
2021-08-09 05:14:00,-1.3,-0.2,-1.2,0.0,0.0,24.5,97.9,0.0,0.7,0.1,195.3,0.0,997,0,0.0,24.4,24.0,,-0.7304041103728716,-0.6395909786585526,-0.7345030117572219,-0.7237486766722807,-0.7230881194684287,-1.3228312879624045,-1.0394640008458211,False
2021-08-09 05:15:00,-1.2,-0.2,-1.2,0.0,0.0,24.5,97.9,0.0,0.0,0.0,0.0,0.0,997,0,0.0,24.4,24.1,,-0.7301021151012299,-0.6395909786585526,-0.7345030117572219,-0.7237486766722807,-0.7230881194684287,-1.3228312879624045,-1.3844415211681564,False
2021-08-09 05:16:00,-1.2,-0.2,-1.2,0.0,0.0,24.5,97.9,0.0,0.0,0.0,0.0,0.0,997,0,0.0,24.4,24.1,,-0.7301021151012299,-0.6395909786585526,-0.7345030117572219,-0.7237486766722807,-0.7230881194684287,-1.3228312879624045,-1.3844415211681564,False
2021-08-09 05:17:00,-1.2,-0.2,-1.1,0.0,0.0,24.5,98.0,0.0,0.0,0.0,0.0,0.0,997,0,0.0,24.5,24.1,,-0.7301021151012299,-0.6395909786585526,-0.7338728559916987,-0.7237486766722807,-0.7230881194684287,-1.3228312879624045,-1.3844415211681564,False
2021-08-09 05:18:00,-1.1,-0.2,-1.1,0.0,0.0,24.5,98.0,0.0,0.0,0.0,0.0,0.0,997,0,0.0,24.5,24.1,,-0.7298001198295884,-0.6395909786585526,-0.7338728559916987,-0.7237486766722807,-0.7230881194684287,-1.3228312879624045,-1.3844415211681564,False
2021-08-09 05:19:00,-1.1,-0.2,-1.1,0.0,0.0,24.5,98.1,0.0,0.0,0.0,0.0,0.0,997,0,0.0,24.5,24.1,,-0.7298001198295884,-0.6395909786585526,-0.7338728559916987,-0.7237486766722807,-0.7230881194684287,-1.3228312879624045,-1.3844415211681564,False
2021-08-09 05:20:00,-1.1,-0.2,-1.1,0.0,0.0,24.5,98.1,0.1,0.7,0.3,182.2,0.0,997,0,0.0,24.6,24.2,,-0.7298001198295884,-0.6395909786585526,-0.7338728559916987,-0.7237486766722807,-0.7230881194684287,-1.2604663221131516,-1.0394640008458211,False
2021-08-09 05:21:00,-1.1,-0.1,-1.0,0.0,0.0,24.5,98.2,0.0,0.0,0.0,0.0,0.0,997,0,0.0,24.6,24.2,,-0.7298001198295884,-0.6392088766989726,-0.7332427002261757,-0.7237486766722807,-0.7230881194684287,-1.3228312879624045,-1.3844415211681564,False
2021-08-09 05:22:00,-1.0,-0.1,-1.0,0.0,0.0,24.5,98.3,0.1,0.7,0.3,180.5,0.0,997,0,0.0,24.6,24.2,,-0.7294981245579467,-0.6392088766989726,-0.7332427002261757,-0.7237486766722807,-0.7230881194684287,-1.2604663221131516,-1.0394640008458211,False
2021-08-09 05:23:00,-1.0,-0.1,-1.0,0.0,0.0,24.5,98.2,0.1,0.7,0.4,175.7,0.0,997,0,0.0,24.6,24.3,,-0.7294981245579467,-0.6392088766989726,-0.7332427002261757,-0.7237486766722807,-0.7230881194684287,-1.2604663221131516,-1.0394640008458211,False
2021-08-09 05:24:00,-1.0,-0.1,-1.0,0.0,0.0,24.4,98.2,0.5,1.1,0.5,176.9,0.3,997,0,0.0,24.7,24.3,,-0.7294981245579467,-0.6392088766989726,-0.7332427002261757,-0.7237486766722807,-0.7230881194684287,-1.0110064587161398,-0.8423339892330581,False
2021-08-09 05:25:00,-1.0,-0.1,-1.0,0.0,0.0,24.4,98.1,0.2,0.7,0.4,174.5,1.2,997,0,0.0,24.7,24.3,,-0.7294981245579467,-0.6392088766989726,-0.7332427002261757,-0.7237486766722807,-0.7230881194684287,-1.198101356263899,-1.0394640008458211,False
2021-08-09 05:26:00,-1.0,-0.1,-1.0,0.0,0.0,24.4,98.0,0.0,0.0,0.0,0.0,0.0,997,0,0.0,24.7,24.3,,-0.7294981245579467,-0.6392088766989726,-0.7332427002261757,-0.7237486766722807,-0.7230881194684287,-1.3228312879624045,-1.3844415211681564,False
2021-08-09 05:27:00,-1.0,-0.1,-1.0,0.0,0.0,24.4,98.0,0.0,0.0,0.0,0.0,0.0,997,0,0.0,24.7,24.3,,-0.7294981245579467,-0.6392088766989726,-0.7332427002261757,-0.7237486766722807,-0.7230881194684287,-1.3228312879624045,-1.3844415211681564,False
2021-08-09 05:28:00,-1.0,-0.1,-1.0,0.0,0.0,24.4,98.0,0.0,0.4,0.2,169.4,0.0,997,0,0.0,24.7,24.3,,-0.7294981245579467,-0.6392088766989726,-0.7332427002261757,-0.7237486766722807,-0.7230881194684287,-1.3228312879624045,-1.1873115095553934,False
2021-08-09 05:29:00,-0.9,-0.1,-0.9,0.0,0.0,24.4,98.0,0.0,0.0,0.0,0.0,0.0,997,0,0.0,24.8,24.4,,-0.7291961292863052,-0.6392088766989726,-0.7326125444606526,-0.7237486766722807,-0.7230881194684287,-1.3228312879624045,-1.3844415211681564,False
2021-08-09 05:30:00,-0.9,-0.1,-0.9,0.0,0.0,24.5,98.1,0.0,0.0,0.0,0.0,0.0,997,0,0.0,24.8,24.4,,-0.7291961292863052,-0.6392088766989726,-0.7326125444606526,-0.7237486766722807,-0.7230881194684287,-1.3228312879624045,-1.3844415211681564,False
2021-08-09 05:31:00,-0.9,-0.1,-0.9,0.0,0.0,24.4,98.1,0.0,0.0,0.0,0.0,0.0,997,0,0.0,24.8,24.4,,-0.7291961292863052,-0.6392088766989726,-0.7326125444606526,-0.7237486766722807,-0.7230881194684287,-1.3228312879624045,-1.3844415211681564,False
2021-08-09 05:32:00,-0.9,-0.1,-0.9,0.0,0.0,24.5,98.1,0.1,0.7,0.3,186.1,0.1,997,0,0.0,24.8,24.4,,-0.7291961292863052,-0.6392088766989726,-0.7326125444606526,-0.7237486766722807,-0.7230881194684287,-1.2604663221131516,-1.0394640008458211,False
2021-08-09 05:33:00,-1.0,-0.1,-1.0,0.0,0.0,24.5,98.0,0.0,0.0,0.0,0.0,0.0,997,0,0.0,24.8,24.4,,-0.7294981245579467,-0.6392088766989726,-0.7332427002261757,-0.7237486766722807,-0.7230881194684287,-1.3228312879624045,-1.3844415211681564,False
2021-08-09 05:34:00,-1.0,-0.1,-1.0,0.0,0.0,24.5,98.1,0.0,0.0,0.0,0.0,0.0,997,0,0.0,24.8,24.3,,-0.7294981245579467,-0.6392088766989726,-0.7332427002261757,-0.7237486766722807,-0.7230881194684287,-1.3228312879624045,-1.3844415211681564,False
2021-08-09 05:35:00,-1.0,-0.1,-1.0,0.0,0.0,24.5,98.1,0.0,0.0,0.0,0.0,0.0,997,0,0.0,24.7,24.3,,-0.7294981245579467,-0.6392088766989726,-0.7332427002261757,-0.7237486766722807,-0.7230881194684287,-1.3228312879624045,-1.3844415211681564,False
2021-08-09 05:36:00,-1.1,-0.1,-1.1,0.0,0.0,24.5,98.0,0.0,0.0,0.0,0.0,0.0,997,0,0.0,24.7,24.3,,-0.7298001198295884,-0.6392088766989726,-0.7338728559916987,-0.7237486766722807,-0.7230881194684287,-1.3228312879624045,-1.3844415211681564,False
2021-08-09 05:37:00,-1.1,-0.2,-1.1,0.0,0.0,24.5,97.9,0.0,0.0,0.0,0.0,0.0,998,0,0.0,24.7,24.3,,-0.7298001198295884,-0.6395909786585526,-0.7338728559916987,-0.7237486766722807,-0.7230881194684287,-1.3228312879624045,-1.3844415211681564,False
2021-08-09 05:38:00,-1.2,-0.2,-1.1,0.0,0.0,24.5,97.8,0.1,0.7,0.3,205.2,1.0,998,0,0.0,24.7,24.2,,-0.7301021151012299,-0.6395909786585526,-0.7338728559916987,-0.7237486766722807,-0.7230881194684287,-1.2604663221131516,-1.0394640008458211,False
2021-08-09 05:39:00,-1.2,-0.2,-1.2,0.0,0.0,24.5,97.8,0.0,0.0,0.0,0.0,0.0,998,0,0.0,24.6,24.2,,-0.7301021151012299,-0.6395909786585526,-0.7345030117572219,-0.7237486766722807,-0.7230881194684287,-1.3228312879624045,-1.3844415211681564,False
2021-08-09 05:40:00,-1.2,-0.2,-1.2,0.0,0.0,24.5,97.8,0.1,0.7,0.2,209.1,0.1,998,0,0.0,24.6,24.2,,-0.7301021151012299,-0.6395909786585526,-0.7345030117572219,-0.7237486766722807,-0.7230881194684287,-1.2604663221131516,-1.0394640008458211,False
2021-08-09 05:41:00,-1.3,-0.2,-1.2,0.0,0.0,24.5,97.9,0.1,0.7,0.2,209.0,0.0,998,0,0.0,24.6,24.2,,-0.7304041103728716,-0.6395909786585526,-0.7345030117572219,-0.7237486766722807,-0.7230881194684287,-1.2604663221131516,-1.0394640008458211,False
2021-08-09 05:42:00,-1.3,-0.2,-1.2,0.0,0.0,24.5,97.7,0.0,0.0,0.0,0.0,0.0,998,0,0.0,24.6,24.2,,-0.7304041103728716,-0.6395909786585526,-0.7345030117572219,-0.7237486766722807,-0.7230881194684287,-1.3228312879624045,-1.3844415211681564,False
2021-08-09 05:43:00,-1.3,-0.2,-1.2,0.0,0.0,24.5,97.8,0.0,0.0,0.0,0.0,0.0,998,0,0.0,24.5,24.1,,-0.7304041103728716,-0.6395909786585526,-0.7345030117572219,-0.7237486766722807,-0.7230881194684287,-1.3228312879624045,-1.3844415211681564,False
2021-08-09 05:44:00,-1.3,-0.2,-1.3,0.0,0.0,24.5,97.8,0.0,0.0,0.0,0.0,0.0,998,0,0.0,24.5,24.1,,-0.7304041103728716,-0.6395909786585526,-0.7351331675227449,-0.7237486766722807,-0.7230881194684287,-1.3228312879624045,-1.3844415211681564,False
2021-08-09 05:45:00,-1.3,-0.2,-1.3,0.0,0.0,24.5,97.7,0.0,0.0,0.0,0.0,0.0,998,0,0.0,24.5,24.1,,-0.7304041103728716,-0.6395909786585526,-0.7351331675227449,-0.7237486766722807,-0.7230881194684287,-1.3228312879624045,-1.3844415211681564,False
2021-08-09 05:46:00,-1.3,-0.2,-1.3,0.0,0.0,24.5,97.7,0.0,0.0,0.0,0.0,0.0,998,0,0.0,24.5,24.1,,-0.7304041103728716,-0.6395909786585526,-0.7351331675227449,-0.7237486766722807,-0.7230881194684287,-1.3228312879624045,-1.3844415211681564,False
2021-08-09 05:47:00,-1.3,-0.2,-1.3,0.0,0.0,24.5,97.8,0.0,0.0,0.0,0.0,0.0,998,0,0.0,24.5,24.1,,-0.7304041103728716,-0.6395909786585526,-0.7351331675227449,-0.7237486766722807,-0.7230881194684287,-1.3228312879624045,-1.3844415211681564,False
2021-08-09 05:48:00,-1.3,-0.2,-1.3,0.0,0.0,24.5,97.8,0.1,0.7,0.2,214.3,0.0,998,0,0.0,24.5,24.1,,-0.7304041103728716,-0.6395909786585526,-0.7351331675227449,-0.7237486766722807,-0.7230881194684287,-1.2604663221131516,-1.0394640008458211,False
2021-08-09 05:49:00,-1.3,-0.2,-1.3,0.0,0.0,24.5,97.7,0.0,0.7,0.1,214.2,0.0,998,0,0.0,24.5,24.1,,-0.7304041103728716,-0.6395909786585526,-0.7351331675227449,-0.7237486766722807,-0.7230881194684287,-1.3228312879624045,-1.0394640008458211,False
2021-08-09 05:50:00,-1.3,-0.2,-1.2,0.0,0.0,24.5,97.9,0.2,1.1,0.4,204.5,2.7,998,0,0.0,24.5,24.1,,-0.7304041103728716,-0.6395909786585526,-0.7345030117572219,-0.7237486766722807,-0.7230881194684287,-1.198101356263899,-0.8423339892330581,False
2021-08-09 05:51:00,-1.3,-0.2,-1.2,0.0,0.0,24.5,97.7,0.0,0.4,0.1,208.4,0.0,998,0,0.0,24.5,24.0,,-0.7304041103728716,-0.6395909786585526,-0.7345030117572219,-0.7237486766722807,-0.7230881194684287,-1.3228312879624045,-1.1873115095553934,False
2021-08-09 05:52:00,-1.3,-0.2,-1.2,0.0,0.0,24.5,97.8,0.2,1.1,0.4,214.5,2.8,998,0,0.0,24.4,24.0,,-0.7304041103728716,-0.6395909786585526,-0.7345030117572219,-0.7237486766722807,-0.7230881194684287,-1.198101356263899,-0.8423339892330581,False
2021-08-09 05:53:00,-1.3,-0.2,-1.2,0.0,0.0,24.5,97.4,0.1,0.7,0.3,186.5,0.4,998,0,0.0,24.4,24.0,,-0.7304041103728716,-0.6395909786585526,-0.7345030117572219,-0.7237486766722807,-0.7230881194684287,-1.2604663221131516,-1.0394640008458211,False
2021-08-09 05:54:00,-1.3,-0.2,-1.2,0.0,0.0,24.5,97.5,0.0,0.0,0.0,0.0,0.0,998,0,0.0,24.4,23.9,,-0.7304041103728716,-0.6395909786585526,-0.7345030117572219,-0.7237486766722807,-0.7230881194684287,-1.3228312879624045,-1.3844415211681564,False
2021-08-09 05:55:00,-1.3,-0.2,-1.2,0.0,0.0,24.5,97.2,0.4,1.3,0.6,208.7,5.3,998,0,0.0,24.4,23.9,,-0.7304041103728716,-0.6395909786585526,-0.7345030117572219,-0.7237486766722807,-0.7230881194684287,-1.073371424565393,-0.7437689834266766,False
2021-08-09 05:56:00,-1.3,-0.2,-1.3,0.0,0.0,24.4,96.9,0.1,0.7,0.3,203.7,0.7,998,0,0.0,24.4,23.9,,-0.7304041103728716,-0.6395909786585526,-0.7351331675227449,-0.7237486766722807,-0.7230881194684287,-1.2604663221131516,-1.0394640008458211,False
2021-08-09 05:57:00,-1.3,-0.3,-1.3,0.0,0.0,24.5,96.7,0.1,1.1,0.3,223.6,4.4,998,0,0.0,24.3,23.9,,-0.7304041103728716,-0.6399730806181327,-0.7351331675227449,-0.7237486766722807,-0.7230881194684287,-1.2604663221131516,-0.8423339892330581,False
2021-08-09 05:58:00,-1.3,-0.3,-1.3,0.0,0.0,24.5,96.7,0.8,1.3,0.6,207.8,5.3,998,0,0.0,24.3,23.9,,-0.7304041103728716,-0.6399730806181327,-0.7351331675227449,-0.7237486766722807,-0.7230881194684287,-0.8239115611683812,-0.7437689834266766,False
2021-08-09 05:59:00,-1.3,-0.3,-1.3,0.0,0.0,24.5,96.2,0.5,1.6,0.6,214.0,3.1,998,0,0.0,24.3,23.9,,-0.7304041103728716,-0.6399730806181327,-0.7351331675227449,-0.7237486766722807,-0.7230881194684287,-1.0110064587161398,-0.5959214747171043,False
2021-08-09 06:00:00,-1.4,-0.3,-1.3,0.0,0.0,24.5,96.2,0.7,1.3,0.6,212.7,6.2,998,0,0.0,24.3,23.9,,-0.7307061056445131,-0.6399730806181327,-0.7351331675227449,-0.7237486766722807,-0.7230881194684287,-0.886276527017634,-0.7437689834266766,False
2021-08-09 06:01:00,-1.4,-0.3,-1.3,0.0,0.0,24.5,96.1,0.4,1.3,0.6,211.1,2.3,998,0,0.0,24.3,23.9,,-0.7307061056445131,-0.6399730806181327,-0.7351331675227449,-0.7237486766722807,-0.7230881194684287,-1.073371424565393,-0.7437689834266766,False
2021-08-09 06:02:00,-1.4,-0.3,-1.3,0.0,0.0,24.5,96.2,0.9,1.3,0.5,212.7,2.7,998,0,0.0,24.3,23.9,,-0.7307061056445131,-0.6399730806181327,-0.7351331675227449,-0.7237486766722807,-0.7230881194684287,-0.7615465953191283,-0.7437689834266766,False
2021-08-09 06:03:00,-1.4,-0.3,-1.4,0.0,0.0,24.5,96.2,0.7,1.6,0.6,210.0,4.6,998,0,0.0,24.3,23.9,,-0.7307061056445131,-0.6399730806181327,-0.7357633232882681,-0.7237486766722807,-0.7230881194684287,-0.886276527017634,-0.5959214747171043,False
2021-08-09 06:04:00,-1.4,-0.3,-1.4,0.0,0.0,24.5,96.1,0.5,1.3,0.6,214.9,3.9,998,0,0.0,24.3,23.9,,-0.7307061056445131,-0.6399730806181327,-0.7357633232882681,-0.7237486766722807,-0.7230881194684287,-1.0110064587161398,-0.7437689834266766,False
2021-08-09 06:05:00,-1.4,-0.3,-1.3,0.0,0.0,24.5,96.2,0.5,1.6,0.6,204.7,7.0,998,0,0.0,24.2,23.9,,-0.7307061056445131,-0.6399730806181327,-0.7351331675227449,-0.7237486766722807,-0.7230881194684287,-1.0110064587161398,-0.5959214747171043,False
2021-08-09 06:06:00,-1.4,-0.3,-1.3,0.0,0.0,24.4,96.2,0.7,1.3,0.5,207.0,4.7,998,0,0.0,24.2,23.8,,-0.7307061056445131,-0.6399730806181327,-0.7351331675227449,-0.7237486766722807,-0.7230881194684287,-0.886276527017634,-0.7437689834266766,False
2021-08-09 06:07:00,-1.3,-0.3,-1.3,0.0,0.0,24.5,96.4,0.0,0.4,0.0,0.0,0.0,998,0,0.0,24.2,23.8,,-0.7304041103728716,-0.6399730806181327,-0.7351331675227449,-0.7237486766722807,-0.7230881194684287,-1.3228312879624045,-1.1873115095553934,False
2021-08-09 06:08:00,-1.3,-0.3,-1.3,0.0,0.0,24.4,96.3,0.1,0.7,0.4,200.7,1.6,998,0,0.0,24.2,23.8,,-0.7304041103728716,-0.6399730806181327,-0.7351331675227449,-0.7237486766722807,-0.7230881194684287,-1.2604663221131516,-1.0394640008458211,False
2021-08-09 06:09:00,-1.3,-0.3,-1.3,0.0,0.0,24.4,96.4,0.1,1.1,0.3,191.9,0.1,998,0,0.0,24.2,23.8,,-0.7304041103728716,-0.6399730806181327,-0.7351331675227449,-0.7237486766722807,-0.7230881194684287,-1.2604663221131516,-0.8423339892330581,False
2021-08-09 06:10:00,-1.4,-0.3,-1.3,0.0,0.0,24.4,96.3,0.0,0.0,0.0,0.0,0.0,998,0,0.0,24.2,23.8,,-0.7307061056445131,-0.6399730806181327,-0.7351331675227449,-0.7237486766722807,-0.7230881194684287,-1.3228312879624045,-1.3844415211681564,False
2021-08-09 06:11:00,-1.4,-0.3,-1.3,0.0,0.0,24.4,96.5,0.4,1.1,0.5,192.2,4.2,998,0,0.0,24.1,23.8,,-0.7307061056445131,-0.6399730806181327,-0.7351331675227449,-0.7237486766722807,-0.7230881194684287,-1.073371424565393,-0.8423339892330581,False
2021-08-09 06:12:00,-1.4,-0.3,-1.4,0.0,0.0,24.4,96.4,1.1,1.3,0.4,192.4,3.2,998,0,0.0,24.1,23.8,,-0.7307061056445131,-0.6399730806181327,-0.7357633232882681,-0.7237486766722807,-0.7230881194684287,-0.6368166636206223,-0.7437689834266766,False
2021-08-09 06:13:00,-1.4,-0.2,-1.4,0.0,0.0,24.4,96.6,0.2,0.7,0.4,186.6,3.7,998,0,0.0,24.1,23.7,,-0.7307061056445131,-0.6395909786585526,-0.7357633232882681,-0.7237486766722807,-0.7230881194684287,-1.198101356263899,-1.0394640008458211,False
2021-08-09 06:14:00,-1.4,-0.3,-1.4,0.0,0.0,24.4,96.8,0.1,0.7,0.3,188.2,3.8,998,0,0.0,24.1,23.7,,-0.7307061056445131,-0.6399730806181327,-0.7357633232882681,-0.7237486766722807,-0.7230881194684287,-1.2604663221131516,-1.0394640008458211,False
2021-08-09 06:15:00,-1.4,-0.2,-1.4,0.0,0.0,24.4,96.9,0.4,1.1,0.5,180.0,4.5,998,0,0.0,24.1,23.7,,-0.7307061056445131,-0.6395909786585526,-0.7357633232882681,-0.7237486766722807,-0.7230881194684287,-1.073371424565393,-0.8423339892330581,False
2021-08-09 06:16:00,-1.4,-0.3,-1.4,0.0,0.0,24.4,97.1,0.0,0.7,0.1,190.3,0.0,998,0,0.0,24.1,23.7,,-0.7307061056445131,-0.6399730806181327,-0.7357633232882681,-0.7237486766722807,-0.7230881194684287,-1.3228312879624045,-1.0394640008458211,False
2021-08-09 06:17:00,-1.4,-0.2,-1.4,0.0,0.0,24.4,97.1,0.6,1.3,0.6,186.8,3.0,998,0,0.0,24.1,23.7,,-0.7307061056445131,-0.6395909786585526,-0.7357633232882681,-0.7237486766722807,-0.7230881194684287,-0.9486414928668868,-0.7437689834266766,False
2021-08-09 06:18:00,-1.4,-0.3,-1.4,0.0,0.0,24.4,97.2,0.3,1.1,0.5,192.5,1.1,998,0,0.0,24.1,23.7,,-0.7307061056445131,-0.6399730806181327,-0.7357633232882681,-0.7237486766722807,-0.7230881194684287,-1.1357363904146458,-0.8423339892330581,False
2021-08-09 06:19:00,-1.4,-0.3,-1.4,0.1,0.1,24.4,97.1,0.1,0.7,0.3,194.7,1.1,998,0,0.0,24.1,23.7,,-0.7307061056445131,-0.6399730806181327,-0.7357633232882681,-0.7234427676237757,-0.7227721998500884,-1.2604663221131516,-1.0394640008458211,False
2021-08-09 06:20:00,-1.3,-0.3,-1.3,0.1,0.1,24.4,97.4,0.1,0.7,0.3,202.2,1.4,998,0,0.0,24.1,23.7,,-0.7304041103728716,-0.6399730806181327,-0.7351331675227449,-0.7234427676237757,-0.7227721998500884,-1.2604663221131516,-1.0394640008458211,False
2021-08-09 06:21:00,-1.3,-0.3,-1.3,0.1,0.1,24.4,97.4,0.3,1.1,0.5,210.8,1.1,998,0,0.0,24.1,23.6,,-0.7304041103728716,-0.6399730806181327,-0.7351331675227449,-0.7234427676237757,-0.7227721998500884,-1.1357363904146458,-0.8423339892330581,False
2021-08-09 06:22:00,-1.3,-0.3,-1.3,0.1,0.1,24.4,97.3,0.0,0.4,0.1,195.1,0.0,998,0,0.0,24.1,23.7,,-0.7304041103728716,-0.6399730806181327,-0.7351331675227449,-0.7234427676237757,-0.7227721998500884,-1.3228312879624045,-1.1873115095553934,False
2021-08-09 06:23:00,-1.3,-0.3,-1.2,0.2,0.2,24.3,97.3,0.1,0.7,0.3,201.5,0.4,998,0,0.0,24.1,23.7,,-0.7304041103728716,-0.6399730806181327,-0.7345030117572219,-0.7231368585752708,-0.7224562802317483,-1.2604663221131516,-1.0394640008458211,False
2021-08-09 06:24:00,-1.2,-0.3,-1.2,0.2,0.2,24.3,97.3,0.0,0.0,0.0,0.0,0.0,998,0,0.0,24.1,23.6,,-0.7301021151012299,-0.6399730806181327,-0.7345030117572219,-0.7231368585752708,-0.7224562802317483,-1.3228312879624045,-1.3844415211681564,False
2021-08-09 06:25:00,-1.1,-0.3,-1.1,0.3,0.3,24.3,97.3,0.0,0.0,0.0,0.0,0.0,998,0,0.0,24.1,23.6,,-0.7298001198295884,-0.6399730806181327,-0.7338728559916987,-0.7228309495267657,-0.7221403606134081,-1.3228312879624045,-1.3844415211681564,False
2021-08-09 06:26:00,-1.0,-0.3,-1.0,0.4,0.4,24.3,97.4,0.0,0.0,0.0,0.0,0.0,998,0,0.0,24.1,23.6,,-0.7294981245579467,-0.6399730806181327,-0.7332427002261757,-0.7225250404782608,-0.7218244409950679,-1.3228312879624045,-1.3844415211681564,False
2021-08-09 06:27:00,-0.9,-0.3,-0.9,0.5,0.5,24.3,97.5,0.0,0.7,0.2,189.6,2.7,998,0,0.0,24.0,23.6,,-0.7291961292863052,-0.6399730806181327,-0.7326125444606526,-0.7222191314297559,-0.7215085213767278,-1.3228312879624045,-1.0394640008458211,False
2021-08-09 06:28:00,-0.8,-0.3,-0.7,0.6,0.6,24.3,97.6,0.0,0.0,0.0,0.0,0.0,998,0,0.0,24.0,23.5,,-0.7288941340146636,-0.6399730806181327,-0.7313522329296064,-0.7219132223812509,-0.7211926017583877,-1.3228312879624045,-1.3844415211681564,False
2021-08-09 06:29:00,-0.6,-0.3,-0.6,0.8,0.8,24.3,97.7,0.0,0.0,0.0,0.0,0.0,998,0,0.0,23.9,23.5,,-0.7282901434713804,-0.6399730806181327,-0.7307220771640832,-0.7213014042842409,-0.7205607625217073,-1.3228312879624045,-1.3844415211681564,False
2021-08-09 06:30:00,-0.4,-0.3,-0.4,0.9,0.9,24.3,97.7,0.0,0.0,0.0,0.0,0.0,997,0,0.0,23.9,23.5,,-0.7276861529280972,-0.6399730806181327,-0.729461765633037,-0.720995495235736,-0.7202448429033672,-1.3228312879624045,-1.3844415211681564,False
2021-08-09 06:31:00,-0.2,-0.3,-0.2,1.1,1.1,24.3,97.8,0.0,0.0,0.0,0.0,0.0,997,0,0.0,23.9,23.5,,-0.727082162384814,-0.6399730806181327,-0.7282014541019908,-0.7203836771387261,-0.7196130036666869,-1.3228312879624045,-1.3844415211681564,False
2021-08-09 06:32:00,0.0,-0.3,0.0,1.3,1.3,24.2,97.8,0.0,0.0,0.0,0.0,0.0,997,0,0.0,23.9,23.5,,-0.726478171841531,-0.6399730806181327,-0.7269411425709446,-0.7197718590417161,-0.7189811644300065,-1.3228312879624045,-1.3844415211681564,False
2021-08-09 06:33:00,0.2,-0.3,0.3,1.5,1.5,24.2,97.9,0.1,0.7,0.3,195.2,0.0,997,0,0.0,24.0,23.6,,-0.7258741812982478,-0.6399730806181327,-0.7250506752743753,-0.7191600409447062,-0.7183493251933262,-1.2604663221131516,-1.0394640008458211,False
2021-08-09 06:34:00,0.5,-0.3,0.5,1.8,1.8,24.2,98.0,0.0,0.4,0.1,193.1,0.0,997,0,0.0,24.0,23.6,,-0.724968195483323,-0.6399730806181327,-0.7237903637433291,-0.7182423137991912,-0.7174015663383057,-1.3228312879624045,-1.1873115095553934,False
2021-08-09 06:35:00,0.8,-0.3,0.9,2.1,2.1,24.2,98.0,0.0,0.0,0.0,0.0,0.0,997,0,0.0,24.0,23.6,,-0.7240622096683982,-0.6399730806181327,-0.7212697406812365,-0.7173245866536764,-0.7164538074832852,-1.3228312879624045,-1.3844415211681564,False
2021-08-09 06:36:00,1.2,-0.3,1.2,2.4,2.4,24.2,98.0,0.0,0.0,0.0,0.0,0.0,997,0,0.0,24.0,23.6,,-0.7228542285818319,-0.6399730806181327,-0.7193792733846672,-0.7164068595081615,-0.7155060486282647,-1.3228312879624045,-1.3844415211681564,False
2021-08-09 06:37:00,1.6,-0.2,1.6,2.7,2.7,24.2,98.1,0.0,0.0,0.0,0.0,0.0,997,0,0.0,23.9,23.6,,-0.7216462474952655,-0.6395909786585526,-0.7168586503225749,-0.7154891323626467,-0.7145582897732443,-1.3228312879624045,-1.3844415211681564,False
2021-08-09 06:38:00,1.9,-0.2,1.9,3.0,3.1,24.2,98.2,0.0,0.0,0.0,0.0,0.0,997,0,0.0,23.9,23.6,,-0.7207402616803408,-0.6395909786585526,-0.7149681830260055,-0.7145714052171317,-0.7132946112998837,-1.3228312879624045,-1.3844415211681564,False
2021-08-09 06:39:00,2.3,-0.2,2.3,3.4,3.4,24.2,98.3,0.0,0.0,0.0,0.0,0.0,997,0,0.0,23.9,23.5,,-0.7195322805937744,-0.6395909786585526,-0.7124475599639131,-0.7133477690231118,-0.7123468524448632,-1.3228312879624045,-1.3844415211681564,False
2021-08-09 06:40:00,2.7,-0.2,2.7,3.7,3.7,24.2,98.2,0.0,0.0,0.0,0.0,0.0,997,0,0.0,23.9,23.5,,-0.7183242995072081,-0.6395909786585526,-0.7099269369018206,-0.712430041877597,-0.7113990935898427,-1.3228312879624045,-1.3844415211681564,False
2021-08-09 06:41:00,3.2,-0.2,3.2,4.1,4.1,24.2,98.2,0.0,0.0,0.0,0.0,0.0,997,0,0.0,23.9,23.5,,-0.7168143231490002,-0.6395909786585526,-0.706776158074205,-0.7112064056835771,-0.710135415116482,-1.3228312879624045,-1.3844415211681564,False
2021-08-09 06:42:00,3.7,-0.2,3.6,4.5,4.5,24.2,98.3,0.0,0.0,0.0,0.0,0.0,997,0,0.0,23.9,23.5,,-0.7153043467907922,-0.6395909786585526,-0.7042555350121127,-0.7099827694895572,-0.7088717366431213,-1.3228312879624045,-1.3844415211681564,False
2021-08-09 06:43:00,4.2,-0.2,4.1,4.9,4.9,24.2,98.3,0.0,0.0,0.0,0.0,0.0,997,0,0.0,23.9,23.5,,-0.7137943704325843,-0.6395909786585526,-0.7011047561844972,-0.7087591332955373,-0.7076080581697607,-1.3228312879624045,-1.3844415211681564,False
2021-08-09 06:44:00,4.7,-0.2,4.7,5.4,5.4,24.2,98.3,0.0,0.0,0.0,0.0,0.0,997,0,0.0,23.9,23.5,,-0.7122843940743764,-0.6395909786585526,-0.6973238215913584,-0.7072295880530125,-0.7060284600780599,-1.3228312879624045,-1.3844415211681564,False
2021-08-09 06:45:00,5.3,-0.2,5.3,5.9,6.0,24.2,98.5,0.0,0.0,0.0,0.0,0.0,997,0,0.0,23.9,23.5,,-0.7104724224445268,-0.6395909786585526,-0.6935428869982199,-0.7057000428104877,-0.7041329423680189,-1.3228312879624045,-1.3844415211681564,False
2021-08-09 06:46:00,6.0,-0.2,6.0,6.6,6.6,24.2,98.6,0.0,0.0,0.0,0.0,0.0,997,0,0.0,23.9,23.5,,-0.7083584555430358,-0.6395909786585526,-0.689131796639558,-0.703558679470953,-0.702237424657978,-1.3228312879624045,-1.3844415211681564,False
2021-08-09 06:47:00,6.9,-0.2,6.8,7.3,7.4,24.2,98.7,0.0,0.0,0.0,0.0,0.0,997,0,0.0,23.9,23.5,,-0.7056404980982615,-0.6395909786585526,-0.6840905505153732,-0.7014173161314181,-0.6997100677112567,-1.3228312879624045,-1.3844415211681564,False
2021-08-09 06:48:00,7.9,-0.2,7.9,8.3,8.3,24.2,98.7,0.0,0.0,0.0,0.0,0.0,997,0,0.0,23.9,23.5,,-0.7026205453818456,-0.6395909786585526,-0.677158837094619,-0.6983582256463685,-0.6968667911461952,-1.3228312879624045,-1.3844415211681564,False
2021-08-09 06:49:00,9.2,-0.2,9.1,9.4,9.4,24.2,98.8,0.0,0.0,0.0,0.0,0.0,997,0,0.0,24.0,23.5,,-0.6986946068505051,-0.6395909786585526,-0.6695969679083418,-0.6949932261128139,-0.6933916753444535,-1.3228312879624045,-1.3844415211681564,False
2021-08-09 06:50:00,10.5,-0.2,10.4,10.6,10.7,24.2,98.9,0.0,0.0,0.0,0.0,0.0,997,0,0.0,24.1,23.6,,-0.6947686683191644,-0.6395909786585526,-0.6614049429565413,-0.6913223175307543,-0.6892847203060314,-1.3228312879624045,-1.3844415211681564,False
2021-08-09 06:51:00,12.0,-0.2,11.9,12.0,12.1,24.2,98.8,0.0,0.0,0.0,0.0,0.0,997,0,0.0,24.1,23.6,,-0.6902387392445407,-0.6395909786585526,-0.6519526064736946,-0.6870395908516849,-0.6848618456492691,-1.3228312879624045,-1.3844415211681564,False
2021-08-09 06:52:00,13.6,-0.1,13.5,13.4,13.5,24.2,98.7,0.0,0.0,0.0,0.0,0.0,997,0,0.0,24.1,23.6,,-0.6854068148982753,-0.6392088766989726,-0.6418701142253249,-0.6827568641726153,-0.6804389709925068,-1.3228312879624045,-1.3844415211681564,False
2021-08-09 06:53:00,15.1,-0.1,15.0,14.8,14.9,24.2,98.7,0.0,0.0,0.0,0.0,0.0,997,0,0.0,24.2,23.7,,-0.6808768858236516,-0.6392088766989726,-0.6324177777424783,-0.6784741374935458,-0.6760160963357446,-1.3228312879624045,-1.3844415211681564,False
2021-08-09 06:54:00,16.7,0.0,16.5,16.1,16.3,24.2,98.8,0.0,0.0,0.0,0.0,0.0,997,0,0.0,24.2,23.7,,-0.6760449614773861,-0.6388267747393926,-0.6229654412596317,-0.6744973198629812,-0.6715932216789823,-1.3228312879624045,-1.3844415211681564,False
2021-08-09 06:55:00,18.2,0.1,18.0,17.4,17.6,24.2,98.8,0.0,0.0,0.0,0.0,0.0,997,0,0.0,24.3,23.8,,-0.6715150324027624,-0.6384446727798126,-0.613513104776785,-0.6705205022324167,-0.6674862666405602,-1.3228312879624045,-1.3844415211681564,False
2021-08-09 06:56:00,19.7,0.3,19.5,18.7,18.9,24.2,98.8,0.0,0.0,0.0,0.0,0.0,997,0,0.0,24.3,23.9,,-0.6669851033281387,-0.6376804688606524,-0.6040607682939384,-0.6665436846018522,-0.663379311602138,-1.3228312879624045,-1.3844415211681564,False
2021-08-09 06:57:00,21.1,0.6,20.9,19.9,20.1,24.2,98.9,0.0,0.0,0.0,0.0,0.0,997,0,0.0,24.4,23.9,,-0.6627571695251564,-0.6365341629819125,-0.595238587576615,-0.6628727760197926,-0.6595882761820562,-1.3228312879624045,-1.3844415211681564,False
2021-08-09 06:58:00,22.5,1.1,22.2,21.1,21.3,24.2,98.9,0.0,0.0,0.0,0.0,0.0,997,0,0.0,24.5,24.0,,-0.6585292357221741,-0.6346236531840123,-0.5870465626248145,-0.659201867437733,-0.6557972407619741,-1.3228312879624045,-1.3844415211681564,False
2021-08-09 06:59:00,23.9,1.9,23.5,22.2,22.4,24.2,98.9,0.0,0.0,0.0,0.0,0.0,997,0,0.0,24.5,24.0,,-0.654301301919192,-0.631566837507372,-0.5788545376730141,-0.6558368679041784,-0.6523221249602323,-1.3228312879624045,-1.3844415211681564,False
2021-08-09 07:00:00,25.2,2.8,24.6,23.3,23.5,24.2,98.9,0.0,0.0,0.0,0.0,0.0,997,0,0.0,24.6,24.1,,-0.6503753633878514,-0.6281279198711516,-0.5719228242522598,-0.6524718683706237,-0.6488470091584906,-1.3228312879624045,-1.3844415211681564,False
2021-08-09 07:01:00,26.5,3.8,25.8,24.3,24.5,24.2,98.8,0.0,0.0,0.0,0.0,0.0,997,0,0.0,24.7,24.1,,-0.6464494248565108,-0.6243069002753513,-0.5643609550659826,-0.649412777885574,-0.645687812975089,-1.3228312879624045,-1.3844415211681564,False
2021-08-09 07:02:00,27.8,5.0,27.0,25.4,25.6,24.2,98.8,0.0,0.0,0.0,0.0,0.0,997,0,0.0,24.7,24.2,,-0.6425234863251701,-0.6197216767603909,-0.5567990858797053,-0.6460477783520194,-0.6422126971733473,-1.3228312879624045,-1.3844415211681564,False
2021-08-09 07:03:00,29.4,6.6,28.3,26.6,26.8,24.2,98.7,0.0,0.0,0.0,0.0,0.0,997,0,0.0,24.8,24.3,,-0.6376915619789048,-0.6136080454071103,-0.5486070609279049,-0.6423768697699599,-0.6384216617532652,-1.3228312879624045,-1.3844415211681564,False
2021-08-09 07:04:00,30.9,8.7,29.6,27.8,28.0,24.2,98.7,0.0,0.0,0.0,0.0,0.0,997,0,0.0,24.9,24.3,,-0.633161632904281,-0.6055839042559297,-0.5404150359761044,-0.6387059611879002,-0.6346306263331833,-1.3228312879624045,-1.3844415211681564,False
2021-08-09 07:05:00,32.6,11.7,30.9,29.1,29.3,24.3,98.7,0.0,0.0,0.0,0.0,0.0,997,0,0.0,24.9,24.4,,-0.6280277132863741,-0.5941208454685287,-0.5322230110243041,-0.6347291435573357,-0.6305236712947612,-1.3228312879624045,-1.3844415211681564,False
2021-08-09 07:06:00,34.2,14.4,32.1,30.3,30.6,24.3,98.7,0.0,0.0,0.0,0.0,0.0,997,0,0.0,25.0,24.4,,-0.6231957889401086,-0.5838040925598676,-0.5246611418380267,-0.631058234975276,-0.6264167162563391,-1.3228312879624045,-1.3844415211681564,False
2021-08-09 07:07:00,35.1,12.7,33.2,31.1,31.5,24.3,98.6,0.0,0.0,0.0,0.0,0.0,997,0,0.0,25.1,24.5,,-0.6204778314953344,-0.5902998258727283,-0.5177294284172725,-0.6286109625872364,-0.6235734396912777,-1.3228312879624045,-1.3844415211681564,False
2021-08-09 07:08:00,36.2,11.4,34.4,32.1,32.5,24.3,98.6,0.0,0.0,0.0,0.0,0.0,998,0,0.0,25.1,24.6,,-0.6171558835072769,-0.5952671513472687,-0.5101675592309953,-0.6255518721021868,-0.6204142435078761,-1.3228312879624045,-1.3844415211681564,False
2021-08-09 07:09:00,37.8,12.7,35.7,33.5,33.8,24.3,98.8,0.0,0.0,0.0,0.0,0.0,998,0,0.0,25.2,24.6,,-0.6123239591610117,-0.5902998258727283,-0.5019755342791948,-0.6212691454231172,-0.6163072884694539,-1.3228312879624045,-1.3844415211681564,False
2021-08-09 07:10:00,39.4,14.9,37.0,34.9,35.3,24.3,98.7,0.0,0.0,0.0,0.0,0.0,998,0,0.0,25.3,24.7,,-0.6074920348147462,-0.5818935827619676,-0.4937835093273944,-0.6169864187440477,-0.6115684941943514,-1.3228312879624045,-1.3844415211681564,False
2021-08-09 07:11:00,40.6,15.0,38.1,36.0,36.4,24.3,98.6,0.0,0.0,0.0,0.0,0.0,998,0,0.0,25.4,24.7,,-0.6038680915550473,-0.5815114808023875,-0.4868517959066402,-0.6136214192104931,-0.6080933783926097,-1.3228312879624045,-1.3844415211681564,False
2021-08-09 07:12:00,40.8,9.0,39.2,36.5,36.8,24.3,98.6,0.0,0.0,0.0,0.0,0.0,997,0,0.0,25.4,24.8,,-0.6032641010117641,-0.6044375983771896,-0.4799200824858861,-0.6120918739679683,-0.6068296999192491,-1.3228312879624045,-1.3844415211681564,False
2021-08-09 07:13:00,40.9,3.5,40.0,36.8,37.1,24.3,98.7,0.0,0.0,0.0,0.0,0.0,997,0,0.0,25.4,24.8,,-0.6029621057401224,-0.6254532061540914,-0.4748788363617012,-0.6111741468224533,-0.6058819410642287,-1.3228312879624045,-1.3844415211681564,False
2021-08-09 07:14:00,41.2,1.9,40.5,37.1,37.5,24.3,98.7,0.0,0.0,0.0,0.0,0.0,997,0,0.0,25.5,24.9,,-0.6020561199251977,-0.631566837507372,-0.4717280575340856,-0.6102564196769384,-0.6046182625908679,-1.3228312879624045,-1.3844415211681564,False
2021-08-09 07:15:00,41.4,1.5,40.7,37.2,37.6,24.3,98.6,0.0,0.0,0.0,0.0,0.0,997,0,0.0,25.5,24.9,,-0.6014521293819145,-0.6330952453456921,-0.4704677460030394,-0.6099505106284335,-0.6043023429725278,-1.3228312879624045,-1.3844415211681564,False
2021-08-09 07:16:00,41.5,2.6,40.7,37.2,37.6,24.3,98.6,0.0,0.0,0.0,0.0,0.0,997,0,0.0,25.6,24.9,,-0.601150134110273,-0.6288921237903118,-0.4704677460030394,-0.6099505106284335,-0.6043023429725278,-1.3228312879624045,-1.3844415211681564,False
2021-08-09 07:17:00,42.3,8.5,40.4,37.5,37.8,24.3,98.6,0.0,0.0,0.0,0.0,0.0,997,0,0.0,25.6,25.0,,-0.5987341719371403,-0.6063481081750898,-0.4723582132996088,-0.6090327834829186,-0.6036705037358474,-1.3228312879624045,-1.3844415211681564,False
2021-08-09 07:18:00,43.0,10.1,40.8,37.8,38.1,24.3,98.6,0.0,0.0,0.0,0.0,0.0,997,0,0.0,25.6,25.0,,-0.5966202050356492,-0.6002344768218092,-0.4698375902375163,-0.6081150563374037,-0.602722744880827,-1.3228312879624045,-1.3844415211681564,False
2021-08-09 07:19:00,43.4,6.1,41.9,38.2,38.6,24.3,98.7,0.0,0.0,0.0,0.0,0.0,997,0,0.0,25.7,25.0,,-0.5954122239490829,-0.6155185552050105,-0.4629058768167622,-0.6068914201433838,-0.6011431467891262,-1.3228312879624045,-1.3844415211681564,False
2021-08-09 07:20:00,43.8,3.0,42.9,38.6,39.0,24.3,98.6,0.0,0.0,0.0,0.0,0.0,998,0,0.0,25.7,25.1,,-0.5942042428625166,-0.6273637159519916,-0.4566043191615311,-0.6056677839493639,-0.5998794683157656,-1.3228312879624045,-1.3844415211681564,False
2021-08-09 07:21:00,44.9,1.7,44.1,39.4,39.9,24.4,98.5,0.0,0.0,0.0,0.0,0.0,998,0,0.0,25.7,25.1,,-0.5908822948744591,-0.6323310414265321,-0.4490424499752537,-0.6032205115613242,-0.5970361917507041,-1.3228312879624045,-1.3844415211681564,False
2021-08-09 07:22:00,46.5,1.2,45.9,40.8,41.3,24.4,98.5,0.0,0.0,0.0,0.0,0.0,998,0,0.0,25.7,25.1,,-0.5860503705281938,-0.6342415512244323,-0.4376996461958378,-0.5989377848822547,-0.5926133170939418,-1.3228312879624045,-1.3844415211681564,False
2021-08-09 07:23:00,48.2,1.0,47.6,42.2,42.8,24.4,98.4,0.0,0.0,0.0,0.0,0.0,998,0,0.0,25.7,25.1,,-0.5809164509102867,-0.6350057551435923,-0.4269869981819449,-0.5946550582031852,-0.5878745228188393,-1.3228312879624045,-1.3844415211681564,False
2021-08-09 07:24:00,50.2,1.1,49.5,43.9,44.5,24.4,98.4,0.0,0.0,0.0,0.0,0.0,998,0,0.0,25.8,25.1,,-0.574876545477455,-0.6346236531840123,-0.4150140386370059,-0.5894546043786008,-0.5825038893070567,-1.3228312879624045,-1.3844415211681564,False
2021-08-09 07:25:00,52.4,1.4,51.6,45.8,46.5,24.4,98.6,0.0,0.0,0.0,0.0,0.0,997,0,0.0,25.8,25.2,,-0.5682326495013401,-0.6334773473052722,-0.4017807675610206,-0.5836423324570064,-0.5761854969402534,-1.3228312879624045,-1.3844415211681564,False
2021-08-09 07:26:00,54.6,1.8,53.8,47.9,48.6,24.4,98.5,0.0,0.0,0.0,0.0,0.0,998,0,0.0,25.8,25.2,,-0.5615887535252253,-0.631948939466952,-0.3879173407195123,-0.5772182424384021,-0.56955118495511,-1.3228312879624045,-1.3844415211681564,False
2021-08-09 07:27:00,56.5,1.8,55.7,49.6,50.3,24.4,98.6,0.0,0.0,0.0,0.0,0.0,998,0,0.0,25.9,25.3,,-0.5558508433640351,-0.631948939466952,-0.3759443811745732,-0.5720177886138178,-0.5641805514433272,-1.3228312879624045,-1.3844415211681564,False
2021-08-09 07:28:00,58.1,1.5,57.3,51.0,51.7,24.4,98.4,0.0,0.0,0.0,0.0,0.0,998,0,0.0,25.9,25.3,,-0.5510189190177698,-0.6330952453456921,-0.3658618889262034,-0.5677350619347482,-0.5597576767865651,-1.3228312879624045,-1.3844415211681564,False
2021-08-09 07:29:00,59.7,1.3,59.0,52.4,53.1,24.5,98.4,0.0,0.0,0.0,0.0,0.0,998,0,0.0,26.0,25.4,,-0.5461869946715043,-0.6338594492648522,-0.3551492409123106,-0.5634523352556787,-0.5553348021298027,-1.3228312879624045,-1.3844415211681564,False
2021-08-09 07:30:00,61.6,1.3,60.9,54.0,54.7,24.5,98.6,0.5,1.3,0.6,177.0,2.3,998,0,0.0,26.0,25.4,,-0.5404490845103144,-0.6338594492648522,-0.3431762813673715,-0.5585577904795993,-0.5502800882363602,-1.0110064587161398,-0.7437689834266766,False
2021-08-09 07:31:00,63.5,1.4,62.7,55.5,56.2,24.5,98.4,0.8,1.3,0.5,172.7,5.0,998,0,0.0,26.1,25.4,,-0.5347111743491242,-0.6334773473052722,-0.3318334775879556,-0.5539691547520248,-0.5455412939612577,-0.8239115611683812,-0.7437689834266766,False
2021-08-09 07:32:00,65.0,1.5,64.1,56.7,57.3,24.5,98.1,0.6,1.3,0.6,173.0,5.0,998,0,0.0,26.1,25.5,,-0.5301812452745004,-0.6330952453456921,-0.3230112968706321,-0.5502982461699653,-0.5420661781595159,-0.9486414928668868,-0.7437689834266766,False
2021-08-09 07:33:00,66.1,1.3,65.3,57.6,58.2,24.6,98.4,0.4,1.1,0.5,185.8,3.2,998,0,0.0,26.1,25.5,,-0.526859297286443,-0.6338594492648522,-0.3154494276843548,-0.5475450647334205,-0.5392229015944545,-1.073371424565393,-0.8423339892330581,False
2021-08-09 07:34:00,67.5,1.1,66.7,58.8,59.4,24.6,98.6,1.1,1.6,0.5,170.8,8.6,998,0,0.0,26.2,25.6,,-0.5226313634834607,-0.6346236531840123,-0.3066272469670312,-0.5438741561513609,-0.5354318661743726,-0.6368166636206223,-0.5959214747171043,False
2021-08-09 07:35:00,69.3,0.9,68.5,60.4,61.1,24.6,98.5,1.2,1.9,0.4,181.4,7.7,998,0,0.0,26.3,25.6,,-0.5171954485939123,-0.6353878571031722,-0.2952844431876153,-0.5389796113752814,-0.5300612326625898,-0.5744516977713695,-0.4480739660075322,False
2021-08-09 07:36:00,71.2,0.8,70.4,62.1,62.8,24.7,98.1,1.8,2.4,0.4,174.8,5.4,998,0,0.0,26.4,25.7,,-0.511457538432722,-0.6357699590627524,-0.2833114836426762,-0.533779157550697,-0.524690599150807,-0.2002619026758518,-0.2016614514915785,False
2021-08-09 07:37:00,72.9,0.9,72.1,63.6,64.2,24.7,97.7,1.4,1.9,0.4,173.4,7.2,998,0,0.0,26.4,25.7,,-0.5063236188148151,-0.6353878571031722,-0.2725988356287834,-0.5291905218231225,-0.5202677244940448,-0.4497217660728636,-0.4480739660075322,False
2021-08-09 07:38:00,74.4,1.2,73.5,64.9,65.4,24.7,97.8,1.3,1.9,0.4,185.4,7.0,998,0,0.0,26.4,25.8,,-0.5017936897401913,-0.6342415512244323,-0.2637766549114599,-0.525213704192558,-0.5164766890739628,-0.5120867319221165,-0.4480739660075322,False
2021-08-09 07:39:00,76.0,2.0,74.9,66.3,66.8,24.7,97.9,1.3,1.6,0.3,179.4,10.3,998,0,0.0,26.5,25.8,,-0.496961765393926,-0.631184735547792,-0.2549544741941363,-0.5209309775134885,-0.5120538144172005,-0.5120867319221165,-0.5959214747171043,False
2021-08-09 07:40:00,78.0,3.6,76.5,68.0,68.5,24.8,97.6,1.3,1.9,0.4,181.3,7.3,998,0,0.0,26.6,25.9,,-0.4909218599610943,-0.6250711041945114,-0.2448719819457666,-0.515730523688904,-0.5066831809054178,-0.5120867319221165,-0.4480739660075322,False
2021-08-09 07:41:00,81.0,8.1,78.1,70.5,71.0,24.8,97.2,1.4,1.9,0.5,178.2,7.8,998,0,0.0,26.7,26.0,,-0.4818620018118467,-0.6078765160134099,-0.2347894896973969,-0.5080827974762799,-0.4987851904469138,-0.4497217660728636,-0.4480739660075322,False
2021-08-09 07:42:00,98.2,65.2,80.0,83.4,84.2,24.8,97.4,0.6,1.6,0.6,188.1,16.8,998,0,0.0,26.8,26.1,,-0.429918815089494,-0.3896962970932104,-0.2228165301524578,-0.4686205302191393,-0.4570838008260124,-0.9486414928668868,-0.5959214747171043,False
2021-08-09 07:43:00,92.5,37.9,81.4,79.0,79.7,24.8,97.3,1.9,2.6,0.8,174.9,6.2,998,0,0.0,27.0,26.3,,-0.4471325455730644,-0.4940101320585597,-0.2139943494351343,-0.4820805283533578,-0.4713001836513197,-0.137896936826599,-0.1030964456851969,False
2021-08-09 07:44:00,94.8,39.5,83.0,80.5,81.2,24.8,96.9,1.7,2.6,0.5,180.5,6.0,998,0,0.0,27.1,26.4,,-0.440186654325308,-0.4878965007052792,-0.2039118571867646,-0.4774918926257833,-0.4665613893762173,-0.2626268685251048,-0.1030964456851969,False
2021-08-09 07:45:00,93.3,25.6,85.2,79.5,80.2,24.9,97.1,1.7,2.4,0.5,175.0,4.8,998,0,0.0,27.1,26.4,,-0.4447165833999318,-0.5410086730869039,-0.1900484303452562,-0.480550983110833,-0.4697205855596189,-0.2626268685251048,-0.2016614514915785,False
2021-08-09 07:46:00,95.9,22.9,88.4,81.9,82.7,24.9,97.1,1.4,2.1,0.6,177.0,8.1,998,0,0.0,27.1,26.5,,-0.4368647063372505,-0.5513254259955648,-0.1698834458485167,-0.4732091659467138,-0.4618225951011148,-0.4497217660728636,-0.3495089602011506,False
2021-08-09 07:47:00,102.3,29.4,92.9,87.2,88.0,24.9,97.2,0.6,1.6,0.6,186.5,6.5,998,0,0.0,27.2,26.6,,-0.4175370089521891,-0.5264887986228626,-0.1415264363999768,-0.4569959863759507,-0.4450788553290862,-0.9486414928668868,-0.5959214747171043,False
2021-08-09 07:48:00,112.5,45.0,98.3,95.6,96.6,24.9,96.7,2.0,2.6,0.4,183.6,7.3,998,0,0.0,27.4,26.8,,-0.3867334912447473,-0.4668808929283773,-0.107498025061729,-0.4312996263015335,-0.4179097681518323,-0.075531970977346,-0.1030964456851969,False
2021-08-09 07:49:00,118.8,46.6,103.7,100.9,102.0,24.9,96.4,1.6,2.4,0.6,187.7,6.2,998,0,0.0,27.5,27.0,,-0.3677077891313274,-0.4607672615750968,-0.0734696137234811,-0.4150864467307704,-0.4008501087614636,-0.3249918343743577,-0.2016614514915785,False
2021-08-09 07:50:00,138.1,92.5,108.8,116.4,117.9,24.9,96.1,1.6,2.1,0.5,173.9,6.9,998,0,0.0,27.7,27.2,,-0.3094227017045015,-0.2853824621278611,-0.0413316696818026,-0.3676705442125006,-0.3506188894453778,-0.3249918343743577,-0.3495089602011506,False
2021-08-09 07:51:00,142.7,90.3,113.5,118.8,120.5,25.0,95.7,1.7,2.4,0.4,176.2,8.9,998,0,0.0,28.0,27.5,,-0.2955309192089886,-0.2937887052386219,-0.0117143487022165,-0.3603287270483815,-0.3424049793685336,-0.2626268685251048,-0.2016614514915785,False
2021-08-09 07:52:00,137.5,59.1,117.4,115.1,117.0,25.0,95.8,0.8,1.1,0.5,174.1,11.1,998,0,0.0,28.3,27.7,,-0.311234673334351,-0.4130045166275925,0.0128617261531847,-0.3716473618430653,-0.3534621660104393,-0.8239115611683812,-0.8423339892330581,False
2021-08-09 07:53:00,137.7,47.4,120.9,114.9,116.9,25.0,96.1,0.4,1.1,0.5,183.7,8.3,998,0,0.0,28.6,27.9,,-0.3106306827910678,-0.4577104458984564,0.0349171779464934,-0.3722591799400752,-0.3537780856287795,-1.073371424565393,-0.8423339892330581,False
2021-08-09 07:54:00,135.0,27.3,124.5,113.1,115.1,25.1,95.9,0.7,1.9,0.7,182.6,11.7,998,0,0.0,28.8,28.1,,-0.3187845551253906,-0.5345129397740432,0.0576027855053253,-0.3777655428131646,-0.3594646387589024,-0.886276527017634,-0.4480739660075322,False
2021-08-09 07:55:00,137.3,20.4,129.2,115.6,117.6,25.1,95.7,0.9,1.9,0.7,185.5,7.1,998,0,0.0,29.0,28.2,,-0.3118386638776341,-0.5608779749850656,0.0872201064849113,-0.3701178166005404,-0.3515666483003983,-0.7615465953191283,-0.4480739660075322,False
2021-08-09 07:56:00,143.4,22.3,134.6,121.3,123.4,25.1,94.9,1.6,2.1,0.4,167.8,6.8,998,0,0.0,29.1,28.4,,-0.2934169523074974,-0.553618037753045,0.1212485178231592,-0.3526810008357574,-0.3332433104366689,-0.3249918343743577,-0.3495089602011506,False
2021-08-09 07:57:00,151.4,27.8,140.6,128.3,130.3,25.1,94.6,1.2,1.9,0.5,170.1,4.6,998,0,0.0,29.3,28.5,,-0.2692573305761706,-0.5326024299761432,0.1590578637545457,-0.3312673674404097,-0.3114448567711977,-0.5744516977713695,-0.4480739660075322,False
2021-08-09 07:58:00,157.4,28.2,146.4,133.8,135.8,25.2,94.6,1.1,1.6,0.4,168.4,8.5,998,0,0.0,29.5,28.7,,-0.2511376142776755,-0.5310740221378231,0.1956068981548861,-0.3144423697726367,-0.2940692777624888,-0.6368166636206223,-0.5959214747171043,False
2021-08-09 07:59:00,165.9,37.8,151.6,140.5,142.5,25.2,94.9,0.9,1.6,0.5,174.2,11.4,998,0,0.0,29.7,29.0,,-0.2254680161881407,-0.4943922340181397,0.2283749979620876,-0.293946463522804,-0.272902663333698,-0.7615465953191283,-0.5959214747171043,False
2021-08-09 08:00:00,166.8,28.4,155.7,141.6,143.7,25.2,94.5,1.0,1.9,0.5,165.9,8.4,998,0,0.0,30.0,29.3,,-0.2227500587433664,-0.530309818218663,0.2542113843485351,-0.2905814639892494,-0.2691116279136161,-0.6991816294698753,-0.4480739660075322,False
2021-08-09 08:01:00,177.4,48.8,159.2,149.8,152.0,25.3,94.6,0.7,1.6,0.7,165.5,3.0,998,0,0.0,30.3,29.6,,-0.1907385599493584,-0.452361018464336,0.2762668361418439,-0.2654969220118421,-0.2428902995913827,-0.886276527017634,-0.5959214747171043,False
2021-08-09 08:02:00,178.8,43.5,162.1,151.3,153.4,25.3,94.1,0.4,1.3,0.6,175.6,3.7,998,0,0.0,30.6,29.9,,-0.1865106261463762,-0.4726124223220778,0.2945413533420141,-0.2609082862842676,-0.2384674249346204,-1.073371424565393,-0.7437689834266766,False
2021-08-09 08:03:00,187.0,57.6,165.1,157.7,159.9,25.4,94.1,1.5,2.1,0.5,163.4,6.0,998,0,0.0,30.9,30.1,,-0.1617470138717662,-0.418736046021293,0.3134460263077073,-0.2413301071799499,-0.2179326497425099,-0.3873568002236106,-0.3495089602011506,False
2021-08-09 08:04:00,182.4,36.7,167.9,154.3,156.4,25.4,94.1,1.6,2.6,0.4,176.7,8.2,998,0,0.0,31.1,30.3,,-0.1756387963672791,-0.4985953555735201,0.3310903877423544,-0.2517310148291187,-0.2289898363844155,-0.3249918343743577,-0.1030964456851969,False
2021-08-09 08:05:00,180.2,23.4,170.4,153.0,155.0,25.5,93.8,1.4,1.9,0.5,165.8,2.3,998,0,0.0,31.2,30.4,,-0.182282692343394,-0.5494149161976646,0.3468442818804321,-0.2557078324596833,-0.2334127110411778,-0.4497217660728636,-0.4480739660075322,False
2021-08-09 08:06:00,180.7,18.6,172.6,153.7,155.7,25.5,93.1,1.1,1.6,0.4,168.1,1.3,998,0,0.0,31.3,30.5,,-0.1807727159851861,-0.5677558102575063,0.3607077087219404,-0.2535664691201486,-0.2312012737127967,-0.6368166636206223,-0.5959214747171043,False
2021-08-09 08:07:00,183.2,20.1,174.5,156.0,158.0,25.5,92.6,1.1,1.6,0.5,175.4,5.3,998,0,0.0,31.4,30.6,,-0.1732228341941465,-0.5620242808638058,0.3726806682668795,-0.2465305610045343,-0.223935122490973,-0.6368166636206223,-0.5959214747171043,False
2021-08-09 08:08:00,186.3,22.4,176.6,158.6,160.6,25.6,92.9,1.2,1.6,0.4,183.2,5.9,998,0,0.0,31.6,30.8,,-0.1638609807732572,-0.553235935793465,0.3859139393428648,-0.2385769257434052,-0.2157212124141288,-0.5744516977713695,-0.5959214747171043,False
2021-08-09 08:09:00,192.2,30.5,179.2,163.6,165.7,25.5,92.5,0.9,1.3,0.5,178.9,7.1,998,0,0.0,31.8,31.0,,-0.1460432597464038,-0.5222856770674822,0.4022979892464656,-0.2232814733181569,-0.1996093118787805,-0.7615465953191283,-0.7437689834266766,False
2021-08-09 08:10:00,203.5,49.3,182.9,172.6,174.7,25.6,92.9,1.6,2.1,0.4,177.6,6.6,998,0,0.0,32.2,31.3,,-0.1119177940509046,-0.4504505086664358,0.4256137525708207,-0.19574965895271,-0.171176546228166,-0.3249918343743577,-0.3495089602011506,False
2021-08-09 08:11:00,230.7,106.2,187.9,194.8,197.0,25.6,92.1,2.0,2.9,0.4,189.9,5.4,998,0,0.0,32.5,31.6,,-0.0297750801643934,-0.2330344936653964,0.4571215408469761,-0.1278378501846076,-0.1007264713383098,-0.075531970977346,0.0447510630243752,False
2021-08-09 08:12:00,285.7,232.4,193.8,237.1,239.6,25.6,91.9,1.7,2.4,0.4,192.5,9.6,998,0,0.0,33.2,32.1,,0.1363223192384785,0.2491781793246065,0.4943007310128395,0.0015616773329927,0.033855286074599,-0.2626268685251048,-0.2016614514915785,False
2021-08-09 08:13:00,318.0,299.3,198.8,265.1,267.9,25.6,92.5,0.9,1.9,0.7,177.0,9.3,998,0,0.0,34.3,33.0,,0.2338667919787106,0.5048043902836494,0.525808519288995,0.0872162109143832,0.1232605380648647,-0.7615465953191283,-0.4480739660075322,False
2021-08-09 08:14:00,398.5,480.5,205.6,325.4,328.5,25.7,92.4,1.6,2.1,0.4,178.4,6.5,998,0,0.0,36.0,34.2,,0.4769729856501868,1.1971731410426711,0.5686591113445663,0.2716793671628773,0.3147078267790029,-0.3249918343743577,-0.3495089602011506,False
2021-08-09 08:15:00,415.3,500.4,212.4,338.9,342.2,25.8,92.1,1.1,1.9,0.6,191.2,11.8,998,0,0.0,37.9,35.5,,0.5277081912859732,1.2732114309990978,0.6115097034001377,0.3129770887110477,0.357988814491605,-0.6368166636206223,-0.4480739660075322,False
2021-08-09 08:16:00,371.1,373.2,218.2,306.4,309.8,25.8,91.2,1.2,2.4,0.9,177.5,8.6,998,0,0.0,39.6,36.6,,0.3942262812203925,0.7871777384132944,0.6480587378004778,0.2135566479469338,0.2556308581493927,-0.5744516977713695,-0.2016614514915785,False
2021-08-09 08:17:00,396.7,417.6,224.0,326.5,330.2,25.9,91.5,2.1,2.6,0.5,181.4,7.4,998,0,0.0,41.0,37.4,,0.4715370707606383,0.9568310084668296,0.6846077722008181,0.275044366696432,0.3200784602907856,-0.013167005128093,-0.1030964456851969,False
2021-08-09 08:18:00,376.9,358.8,226.7,312.6,316.4,26.0,90.8,1.9,2.6,0.5,188.5,13.7,998,0,0.0,42.2,37.9,,0.4117420069756043,0.7321550562337696,0.7016219778699421,0.2325230089542418,0.2764815529598432,-0.137896936826599,-0.1030964456851969,False
2021-08-09 08:19:00,321.3,227.1,224.1,267.6,270.9,26.1,90.0,1.4,1.9,0.5,199.1,11.3,998,0,0.0,43.3,38.6,,0.2438326359428829,0.2289267754668647,0.6852379279663413,0.0948639371270073,0.1327381266150696,-0.4497217660728636,-0.4480739660075322,False
2021-08-09 08:20:00,254.5,79.0,218.6,216.9,219.6,26.0,89.9,1.6,2.1,0.4,191.5,12.3,998,0,0.0,43.4,38.7,,0.0420997944863039,-0.3369662266711657,0.6505793608625703,-0.0602319504650102,-0.0293286375934333,-0.3249918343743577,-0.3495089602011506,False
2021-08-09 08:21:00,230.2,34.1,213.2,197.9,200.3,26.0,90.1,1.4,2.1,0.4,202.4,24.4,998,0,0.0,43.0,38.4,,-0.0312850565226013,-0.508530006522601,0.6165509495243224,-0.1183546696809537,-0.0903011239330845,-0.4497217660728636,-0.3495089602011506,False
2021-08-09 08:22:00,215.2,11.9,208.1,186.2,188.5,26.0,89.9,0.6,1.9,0.7,196.2,13.6,998,0,0.0,42.3,37.9,,-0.0765843472688391,-0.5933566415493685,0.584413005482644,-0.1541460283560347,-0.1275796388972236,-0.9486414928668868,-0.4480739660075322,False
2021-08-09 08:23:00,207.8,4.7,204.2,180.6,182.7,26.0,90.7,2.0,2.6,0.6,179.5,9.9,998,0,0.0,41.5,37.4,,-0.0989319973703164,-0.620867982639131,0.5598369306272426,-0.1712769350723128,-0.145902976760953,-0.075531970977346,-0.1030964456851969,False
2021-08-09 08:24:00,204.3,3.3,201.4,178.7,180.7,26.1,90.2,2.0,2.6,0.4,179.9,5.4,998,0,0.0,40.8,36.7,,-0.1095018318777719,-0.6262174100732515,0.5421925691925957,-0.1770892069939071,-0.1522213691277563,-0.075531970977346,-0.1030964456851969,False
2021-08-09 08:25:00,203.6,4.1,200.3,179.1,181.0,26.1,89.8,1.8,2.4,0.5,181.0,7.2,998,0,0.0,40.0,36.1,,-0.111615798779263,-0.6231605943966112,0.5352608557718416,-0.1758655707998873,-0.1512736102727357,-0.2002619026758518,-0.2016614514915785,False
2021-08-09 08:26:00,203.9,5.0,200.3,180.4,182.1,26.1,89.5,1.9,2.6,0.5,184.1,8.0,998,0,0.0,39.5,35.6,,-0.1107098129643382,-0.6197216767603909,0.5352608557718416,-0.1718887531693227,-0.147798494470994,-0.137896936826599,-0.1030964456851969,False
2021-08-09 08:27:00,205.0,7.3,200.2,182.5,184.0,26.1,89.8,1.8,2.4,0.5,214.8,12.6,998,0,0.0,38.9,35.1,,-0.1073878649762808,-0.61093333169005,0.5346307000063183,-0.1654646631507184,-0.1417960217225309,-0.2002619026758518,-0.2016614514915785,False
2021-08-09 08:28:00,207.0,10.8,200.8,185.2,186.6,26.1,89.6,1.5,2.4,0.6,213.3,9.1,998,0,0.0,38.5,34.8,,-0.1013479595434491,-0.5975597631047489,0.5384116345994571,-0.1572051188410844,-0.1335821116456867,-0.3873568002236106,-0.2016614514915785,False
2021-08-09 08:29:00,204.9,3.2,202.2,184.5,185.8,26.0,90.4,1.0,1.9,0.7,207.8,11.2,998,0,0.0,38.1,34.6,,-0.1076898602479224,-0.6265995120328316,0.5472338153167805,-0.1593464821806191,-0.1361094685924079,-0.6991816294698753,-0.4480739660075322,False
2021-08-09 08:30:00,206.5,1.6,204.6,186.8,188.0,26.0,90.3,2.4,3.1,0.7,183.2,8.1,998,0,0.0,37.9,34.5,,-0.102857935901657,-0.6327131433861121,0.5623575536893352,-0.1523105740650049,-0.1291592369889244,0.1739278924196656,0.1433160688307568,False
2021-08-09 08:31:00,209.0,1.3,207.1,189.9,191.0,26.0,89.7,1.1,2.4,0.8,189.2,12.4,998,0,0.0,37.7,34.5,,-0.0953080541106174,-0.6338594492648522,0.5781114478274129,-0.1428273935613509,-0.1196816484387195,-0.6368166636206223,-0.2016614514915785,False
2021-08-09 08:32:00,211.8,2.1,209.7,193.1,194.2,26.0,90.6,0.6,1.6,0.6,202.2,9.8,998,0,0.0,37.6,34.5,,-0.086852186504653,-0.6308026335882119,0.5944954977310136,-0.1330383040091921,-0.1095722206518344,-0.9486414928668868,-0.5959214747171043,False
2021-08-09 08:33:00,214.4,2.4,212.0,195.7,196.8,26.1,90.4,1.6,2.4,0.6,188.2,9.6,998,0,0.0,37.6,34.5,,-0.0790003094419718,-0.6296563277094718,0.6089890803380452,-0.125084668748063,-0.1013583105749901,-0.3249918343743577,-0.2016614514915785,False
2021-08-09 08:34:00,216.3,2.1,214.2,197.8,198.9,26.2,89.4,1.0,2.1,0.7,200.2,13.8,998,0,0.0,37.6,34.5,,-0.0732623992807816,-0.6308026335882119,0.6228525071795535,-0.1186605787294586,-0.0947239985898467,-0.6991816294698753,-0.3495089602011506,False
2021-08-09 08:35:00,217.9,1.8,215.8,199.2,200.4,26.2,89.6,2.1,3.6,0.7,187.1,14.0,998,0,0.0,37.5,34.6,,-0.0684304749345163,-0.631948939466952,0.6329349994279234,-0.1143778520503892,-0.0899852043147443,-0.013167005128093,0.3897285833467105,False
2021-08-09 08:36:00,219.4,2.2,217.0,200.5,201.7,26.3,88.9,2.6,3.4,0.5,192.6,10.5,998,0,0.0,37.5,34.6,,-0.0639005458598925,-0.6304205316286319,0.6404968686142006,-0.1104010344198246,-0.0858782492763223,0.2986578241181716,0.2911635775403289,False
2021-08-09 08:37:00,220.8,2.7,218.2,201.7,203.0,26.2,88.8,2.6,3.4,0.5,187.4,10.2,998,0,0.0,37.4,34.5,,-0.0596726120569103,-0.6285100218307318,0.6480587378004778,-0.106730125837765,-0.0817712942379001,0.2986578241181716,0.2911635775403289,False
2021-08-09 08:38:00,222.4,2.4,219.8,203.2,204.5,26.2,89.3,1.9,2.6,0.6,201.6,15.9,998,0,0.0,37.4,34.5,,-0.0548406877106449,-0.6296563277094718,0.6581412300488477,-0.1021414901101906,-0.0770324999627977,-0.137896936826599,-0.1030964456851969,False
2021-08-09 08:39:00,227.2,7.3,222.3,207.7,209.1,26.2,89.4,1.2,2.9,0.9,184.3,9.6,998,0,0.0,37.4,34.5,,-0.0403449146718489,-0.61093333169005,0.6738951241869254,-0.0883755829274671,-0.0625001975191503,-0.5744516977713695,0.0447510630243752,False
2021-08-09 08:40:00,228.8,4.0,225.3,209.1,210.6,26.2,89.7,2.2,3.9,0.8,215.4,15.1,998,0,0.0,37.5,34.5,,-0.0355129903255835,-0.6235426963561913,0.6927997971526186,-0.0840928562483976,-0.0577614032440478,0.0491979607211599,0.5375760920562827,False
2021-08-09 08:41:00,230.4,0.9,228.5,211.0,212.5,26.2,88.8,2.3,3.9,1.0,199.3,12.5,998,0,0.0,37.4,34.5,,-0.0306810659793181,-0.6353878571031722,0.7129647816493581,-0.0782805843268032,-0.0517589304955848,0.1115629265704126,0.5375760920562827,False
2021-08-09 08:42:00,234.1,1.4,232.0,214.4,215.8,26.2,88.8,2.6,4.4,1.2,199.5,14.1,998,0,0.0,37.3,34.3,,-0.0195072409285795,-0.6334773473052722,0.7350202334426669,-0.0678796766776343,-0.0413335830903594,0.2986578241181716,0.7839886065722367,False
2021-08-09 08:43:00,237.6,1.9,235.2,217.7,219.2,26.2,87.9,3.0,4.1,0.7,192.1,12.9,998,0,0.0,37.3,34.2,,-0.008937406421124,-0.631566837507372,0.7551852179394063,-0.0577846780769705,-0.0305923160667939,0.5481176875151833,0.636141097862664,False
2021-08-09 08:44:00,240.3,2.4,237.6,220.2,221.7,26.2,88.1,2.1,3.1,0.5,197.1,16.7,998,0,0.0,37.2,34.1,,-0.0007835340868011,-0.6296563277094718,0.7703089563119608,-0.0501369518643464,-0.0226943256082899,-0.013167005128093,0.1433160688307568,False
2021-08-09 08:45:00,242.9,5.3,238.2,222.8,224.2,26.2,88.2,3.0,4.1,0.8,196.2,13.2,999,0,0.0,37.1,34.1,,0.00706834297588,-0.6185753708816508,0.7740898909050995,-0.0421833166032172,-0.0147963351497859,0.5481176875151833,0.636141097862664,False
2021-08-09 08:46:00,244.5,9.0,237.3,224.0,225.4,26.2,88.3,2.7,4.1,0.8,189.7,9.4,999,0,0.0,37.1,34.1,,0.0119002673221453,-0.6044375983771896,0.7684184890153917,-0.0385124080211577,-0.0110052997297039,0.3610227899674246,0.636141097862664,False
2021-08-09 08:47:00,239.6,4.9,234.8,219.5,220.9,26.2,87.8,3.2,4.4,0.8,201.7,11.8,999,0,0.0,37.2,34.1,,-0.0028975009882923,-0.6201037787199709,0.752664594877314,-0.0522783152038811,-0.0252216825550111,0.6728476192136892,0.7839886065722367,False
2021-08-09 08:48:00,234.1,1.3,231.9,214.9,216.3,26.2,87.5,2.8,3.9,0.8,193.2,17.9,999,0,0.0,37.0,34.0,,-0.0195072409285795,-0.6338594492648522,0.7343900776771438,-0.0663501314351095,-0.0397539849986586,0.4233877558166773,0.5375760920562827,False
2021-08-09 08:49:00,231.6,0.6,229.9,212.9,214.2,26.2,87.6,3.2,3.9,0.6,193.0,10.5,999,0,0.0,36.9,34.0,,-0.0270571227196191,-0.6365341629819125,0.7217869623666816,-0.0724683124052088,-0.046388296983802,0.6728476192136892,0.5375760920562827,False
2021-08-09 08:50:00,230.2,0.6,228.4,211.9,213.1,26.3,87.8,1.8,2.9,0.5,210.3,16.0,999,0,0.0,36.8,34.0,,-0.0312850565226013,-0.6365341629819125,0.712334625883835,-0.0755274028902585,-0.0498634127855438,-0.2002619026758518,0.0447510630243752,False
2021-08-09 08:51:00,228.7,0.6,227.0,210.8,212.0,26.3,87.8,2.1,3.4,0.7,204.4,11.2,999,0,0.0,36.7,34.0,,-0.0358149855972251,-0.6365341629819125,0.7035124451665115,-0.0788924024238131,-0.0533385285872856,-0.013167005128093,0.2911635775403289,False
2021-08-09 08:52:00,227.2,0.7,225.5,209.7,210.9,26.2,87.6,3.7,4.4,0.5,218.6,6.3,999,0,0.0,36.5,33.8,,-0.0403449146718489,-0.6361520610223325,0.6940601086836649,-0.0822574019573678,-0.0568136443890273,0.9846724484599538,0.7839886065722367,False
2021-08-09 08:53:00,226.2,0.8,224.5,209.3,210.4,26.2,87.9,2.7,3.4,0.5,214.9,8.9,999,0,0.0,36.2,33.6,,-0.0433648673882647,-0.6357699590627524,0.6877585510284338,-0.0834810381513876,-0.0583932424807281,0.3610227899674246,0.2911635775403289,False
2021-08-09 08:54:00,226.7,0.8,224.9,209.9,211.1,26.2,88.8,2.3,3.1,0.6,191.8,18.7,999,0,0.0,36.0,33.5,,-0.0418548910300568,-0.6357699590627524,0.6902791740905262,-0.0816455838603578,-0.056181805152347,0.1115629265704126,0.1433160688307568,False
2021-08-09 08:55:00,227.8,0.7,226.0,211.2,212.4,26.3,88.2,2.7,3.4,0.4,193.0,11.0,999,0,0.0,36.1,33.6,,-0.0385329430419993,-0.6361520610223325,0.6972108875112804,-0.0776687662297933,-0.0520748501139249,0.3610227899674246,0.2911635775403289,False
2021-08-09 08:56:00,228.5,0.8,226.6,211.9,213.2,26.3,87.5,2.3,3.4,0.7,192.9,19.6,999,0,0.0,36.3,33.8,,-0.0364189761405082,-0.6357699590627524,0.700991822104419,-0.0755274028902585,-0.0495474931672037,0.1115629265704126,0.2911635775403289,False
2021-08-09 08:57:00,229.6,1.8,227.0,212.8,214.1,26.4,88.1,1.8,3.1,0.7,197.2,11.8,999,0,0.0,36.5,33.9,,-0.0330970281524508,-0.631948939466952,0.7035124451665115,-0.0727742214537138,-0.0467042166021422,-0.2002619026758518,0.1433160688307568,False
2021-08-09 08:58:00,234.8,11.3,226.9,218.0,219.4,26.5,87.3,3.1,4.4,1.2,196.5,6.4,999,0,0.0,36.6,34.0,,-0.0173932740270883,-0.5956492533068487,0.7028822894009884,-0.0568669509314556,-0.0299604768301136,0.6104826533644362,0.7839886065722367,False
2021-08-09 08:59:00,243.0,19.8,230.2,225.7,227.1,26.5,86.6,2.6,3.4,0.6,185.4,14.1,999,0,0.0,37.0,34.3,,0.0073703382475215,-0.5631705867425458,0.7236774296632509,-0.0333119541965733,-0.0056346662179211,0.2986578241181716,0.2911635775403289,False
2021-08-09 09:00:00,245.5,12.0,236.8,227.4,228.7,26.5,86.9,3.1,3.9,0.6,187.2,12.5,999,0,0.0,37.3,34.5,,0.0149202200385612,-0.5929745395897885,0.7652677101877762,-0.0281115003719888,-0.0005799523244786,0.6104826533644362,0.5375760920562827,False
2021-08-09 09:01:00,247.4,6.0,242.3,228.7,230.2,26.6,86.6,2.1,3.1,0.6,186.1,13.4,999,0,0.0,37.6,34.7,,0.0206581301997513,-0.6159006571645905,0.7999262772915471,-0.0241346827414243,0.0041588419506238,-0.013167005128093,0.1433160688307568,False
2021-08-09 09:02:00,251.4,2.5,248.2,231.6,233.2,26.6,86.3,2.5,3.6,0.8,204.3,12.9,999,0,0.0,37.8,34.9,,0.0327379410654147,-0.6292742257498918,0.8371054674574102,-0.0152633203347803,0.0136364305008286,0.2362928582689186,0.3897285833467105,False
2021-08-09 09:03:00,256.5,1.6,253.5,235.5,237.2,26.6,85.6,3.3,4.1,0.7,207.5,12.7,999,0,0.0,38.0,35.1,,0.0481396999191356,-0.6327131433861121,0.870503723030135,-0.0033328674430866,0.0262732152344351,0.735212585062942,0.636141097862664,False
2021-08-09 09:04:00,263.3,5.0,258.3,241.5,243.3,26.5,85.9,3.5,4.1,0.5,207.5,8.9,999,0,0.0,38.0,35.1,,0.0686753783907634,-0.6197216767603909,0.9007511997752444,0.0150216754672112,0.045544311953185,0.8599425167614478,0.636141097862664,False
2021-08-09 09:05:00,268.2,3.5,264.5,245.3,247.2,26.5,86.4,2.7,3.6,0.7,192.3,19.1,999,0,0.0,38.1,35.1,,0.083473146701201,-0.6254532061540914,0.9398208572376768,0.0266462193103999,0.0578651770684513,0.3610227899674246,0.3897285833467105,False
2021-08-09 09:06:00,270.9,1.6,268.1,247.2,249.0,26.5,86.7,1.8,3.4,0.7,208.3,18.8,999,0,0.0,38.4,35.3,,0.0916270190355238,-0.6327131433861121,0.962506464796509,0.0324584912319942,0.0635517301985742,-0.2002619026758518,0.2911635775403289,False
2021-08-09 09:07:00,275.3,2.5,271.9,250.0,252.0,26.6,86.2,1.9,2.6,0.5,206.1,11.9,999,0,0.0,38.8,35.7,,0.1049148109877537,-0.6292742257498918,0.9864523838863868,0.0410239445901333,0.0730293187487791,-0.137896936826599,-0.1030964456851969,False
2021-08-09 09:08:00,284.8,7.5,278.0,259.2,261.2,26.6,85.3,2.6,3.4,0.5,199.9,11.7,999,0,0.0,39.1,35.9,,0.1336043617937043,-0.61016912777089,1.0248918855832967,0.0691675770525901,0.1020939236360739,0.2986578241181716,0.2911635775403289,False
2021-08-09 09:09:00,294.0,12.1,284.4,266.5,268.6,26.6,85.9,3.0,3.9,0.6,200.1,11.6,999,0,0.0,39.3,36.0,,0.1613879267847301,-0.5925924376302085,1.065221854576775,0.0914989375934526,0.125471975393246,0.5481176875151833,0.5375760920562827,False
2021-08-09 09:10:00,306.1,7.2,299.4,278.2,280.1,26.6,86.0,2.7,3.6,0.6,191.7,17.5,999,0,0.0,39.6,36.2,,0.197929354653362,-0.6113154336496303,1.1597452194052416,0.1272902962685336,0.1618027315023646,0.3610227899674246,0.3897285833467105,False
2021-08-09 09:11:00,320.5,6.4,314.0,290.1,292.1,26.6,86.0,3.1,4.4,0.8,201.5,16.5,999,0,0.0,40.0,36.4,,0.2414166737697502,-0.6143722493262704,1.2517479611716156,0.1636934730406246,0.199713085703184,0.6104826533644362,0.7839886065722367,False
2021-08-09 09:12:00,338.6,12.6,328.2,306.5,308.4,26.7,85.8,3.6,5.4,1.3,191.9,13.5,999,0,0.0,40.3,36.6,,0.2960778179368773,-0.5906819278323083,1.341230079875897,0.2138625569954389,0.2512079834926303,0.9223074826107008,1.2768136356041442,False
2021-08-09 09:13:00,366.1,30.5,344.9,332.2,334.2,26.7,85.2,4.3,5.6,0.9,195.1,10.2,999,0,0.0,40.6,36.9,,0.3791265176383133,-0.5222856770674822,1.446466092718256,0.292481182461215,0.3327152450243921,1.3588622435554711,1.3753786414105251,False
2021-08-09 09:14:00,454.8,149.5,358.7,416.7,419.3,26.7,85.2,3.3,4.6,0.7,199.1,13.1,999,0,0.0,41.4,37.3,,0.6469963235843995,-0.0675843451672417,1.533427588360445,0.5509743284479109,0.6015628402318699,0.735212585062942,0.8825536123786178,False
2021-08-09 09:15:00,735.1,568.0,376.2,661.7,665.1,26.8,85.2,2.6,4.4,1.0,194.8,11.1,999,0,0.0,43.9,38.8,,1.4934890699957637,1.5315123556752008,1.6437048473269888,1.300451497285077,1.3780932621119877,0.2986578241181716,0.7839886065722367,False
2021-08-09 09:16:00,513.5,197.9,385.5,456.2,459.2,26.9,84.6,3.6,4.6,0.7,197.4,17.2,999,0,0.0,47.3,40.8,,0.8242675480380102,0.1173530032694948,1.702309333520638,0.6718084026073724,0.7276147679495943,0.9223074826107008,0.8825536123786178,False
2021-08-09 09:17:00,607.6,328.6,396.0,553.4,557.1,27.1,83.8,3.5,4.6,0.9,188.2,15.2,999,0,0.0,48.6,41.8,,1.108445098652742,0.6167602644405994,1.7684756889005644,0.9691519977541988,1.0369000743046128,0.8599425167614478,0.8825536123786178,False
2021-08-09 09:18:00,692.2,433.1,414.0,624.6,628.7,27.1,84.0,2.8,4.6,1.1,200.4,16.2,999,0,0.0,50.6,43.1,,1.3639330984615234,1.016056812201735,1.881903726694724,1.1869592402897349,1.2630985210361687,0.4233877558166773,0.8825536123786178,False
2021-08-09 09:19:00,649.3,343.3,425.5,584.5,588.0,27.2,83.9,3.2,4.4,0.9,206.5,17.7,999,0,0.0,52.9,44.6,,1.234377126927283,0.6729292524988644,1.9543716397298811,1.0642897118392434,1.1345192363717227,0.6728476192136892,0.7839886065722367,False
2021-08-09 09:20:00,715.4,408.7,449.6,653.0,657.2,27.2,83.4,3.9,5.6,0.9,203.6,15.6,999,0,0.0,54.1,45.5,,1.433996001482371,0.9228239340642066,2.1062391792209505,1.2738374100651448,1.3531356122631149,1.1094023801584596,1.3753786414105251,False
2021-08-09 09:21:00,833.0,571.0,463.2,757.9,762.5,27.1,83.0,3.7,4.4,0.6,206.6,15.5,999,0,0.0,55.5,46.4,,1.7891424409328756,1.5429754144626018,2.191940363332093,1.5947360019468535,1.6857989703753051,0.9846724484599538,0.7839886065722367,False
2021-08-09 09:22:00,909.0,679.7,467.4,818.0,823.0,27.1,84.0,3.3,4.6,1.0,213.1,9.4,999,0,0.0,57.5,47.7,,2.0186588473804803,1.958320244526099,2.218406905484064,1.778587340098338,1.876930339471103,0.735212585062942,0.8825536123786178,False
2021-08-09 09:23:00,619.9,257.2,449.5,564.0,568.0,27.1,83.9,3.1,3.9,0.6,210.6,11.5,999,0,0.0,58.9,48.8,,1.145590517064657,0.3439394653004549,2.105609023455428,1.0015783568957253,1.0713353127036904,0.6104826533644362,0.5375760920562827,False
2021-08-09 09:24:00,585.2,230.3,431.6,531.8,535.7,27.2,83.8,3.6,4.6,0.6,209.9,15.2,999,0,0.0,58.9,49.1,,1.040798157805027,0.2411540381734258,1.9928111414267915,0.9030756432771264,0.9692932759798184,0.9223074826107008,0.8825536123786178,False
2021-08-09 09:25:00,643.6,313.3,433.6,594.5,598.5,27.3,83.3,3.9,5.9,1.0,210.5,10.7,999,0,0.0,58.0,48.7,,1.2171633964437127,0.5582986646248541,2.0054142567372533,1.0948806166897398,1.16769079629744,1.1094023801584596,1.523226150120098,False
2021-08-09 09:26:00,611.7,279.0,423.7,568.0,572.2,27.2,82.6,4.6,5.9,0.8,214.9,10.9,999,0,0.0,57.3,48.3,,1.1208269047900472,0.4272376924889024,1.9430288359504653,1.013814718835924,1.0846039366739777,1.5459571411032298,1.523226150120098,False
2021-08-09 09:27:00,580.4,235.2,420.1,538.0,542.1,27.2,83.0,3.7,4.6,0.8,224.8,12.4,999,0,0.0,56.4,47.5,,1.0263023847662307,0.2598770341928474,1.9203432283916335,0.9220420042844344,0.9895121315535886,0.9846724484599538,0.8825536123786178,False
2021-08-09 09:28:00,617.3,288.0,421.5,563.3,566.8,27.1,83.3,3.6,4.4,0.6,223.1,10.7,999,0,0.0,55.5,46.9,,1.1377386400019756,0.4616268688511055,1.9291654091089567,0.9994369935561904,1.0675442772836083,0.9223074826107008,0.7839886065722367,False
2021-08-09 09:29:00,410.8,17.9,396.4,380.5,383.7,27.1,84.7,3.1,4.6,1.1,196.6,12.5,999,0,0.0,54.2,46.1,,0.514118404062102,-0.5704305239745665,1.7709963119626568,0.4402352528891134,0.4890954561027721,0.6104826533644362,0.8825536123786178,False
2021-08-09 09:30:00,413.2,21.7,396.6,383.4,386.4,27.3,83.3,3.9,5.1,0.8,197.2,19.4,999,0,0.0,52.9,45.5,,0.5213662905814999,-0.5559106495105253,1.7722566234937034,0.4491066152957574,0.4976252857979565,1.1094023801584596,1.1289661268945714,False
2021-08-09 09:31:00,424.0,29.7,402.3,394.3,397.6,27.4,82.7,4.3,5.1,0.7,186.0,10.6,999,0,0.0,51.5,44.8,,0.5539817799187912,-0.5253424927441226,1.8081755021285204,0.4824507015827987,0.5330082830520548,1.3588622435554711,1.1289661268945714,False
2021-08-09 09:32:00,455.0,69.0,404.8,424.0,427.0,27.5,82.4,4.2,5.4,0.9,182.3,10.9,999,0,0.0,50.6,44.2,,0.6476003141276826,-0.3751764226291691,1.823929396266598,0.5733056889887735,0.6258886508440623,1.2964972777062185,1.2768136356041442,False
2021-08-09 09:33:00,477.9,101.9,405.0,443.1,446.1,27.6,81.5,4.3,5.4,0.8,190.3,9.7,999,0,0.0,50.0,43.6,,0.7167572313336056,-0.2494648779273378,1.825189707797644,0.631734317253222,0.6862292979470332,1.3588622435554711,1.2768136356041442,False
2021-08-09 09:34:00,409.2,13.2,397.8,382.1,384.6,27.6,82.1,3.1,3.9,0.5,185.5,10.5,999,0,0.0,49.6,43.2,,0.5092864797158365,-0.5883893160748281,1.7798184926799805,0.445129797665193,0.4919387326678337,0.6104826533644362,0.5375760920562827,False
2021-08-09 09:35:00,409.0,13.3,397.9,382.3,385.0,27.7,81.8,4.0,5.1,0.6,195.6,14.1,999,0,0.0,49.1,43.0,,0.5086824891725533,-0.588007214115248,1.780448648445503,0.4457416157622029,0.4932024111411943,1.1717673460077125,1.1289661268945714,False
2021-08-09 09:36:00,447.6,57.9,404.7,419.6,422.6,27.6,82.5,3.1,4.1,0.8,211.0,14.2,999,0,0.0,48.7,42.7,,0.6252526640262054,-0.4175897401425529,1.8232992405010748,0.559845690854555,0.6119881876370953,0.6104826533644362,0.636141097862664,False
2021-08-09 09:37:00,750.5,466.5,421.2,698.2,701.9,27.6,83.0,2.1,2.9,0.5,206.1,22.0,999,0,0.0,49.3,42.9,,1.5399963418285676,1.1436788667014663,1.927274941812388,1.4121082999893897,1.494351681661167,-0.013167005128093,0.0447510630243752,False
2021-08-09 09:38:00,673.2,333.9,434.4,620.1,623.8,27.7,81.6,4.3,5.4,0.7,215.5,14.7,999,0,0.0,51.6,44.1,,1.3065539968496225,0.637011668298341,2.010455502861438,1.1731933331070112,1.2476184597375006,1.3588622435554711,1.2768136356041442,False
2021-08-09 09:39:00,585.9,223.6,423.7,536.6,539.9,27.6,80.8,4.0,5.6,0.7,221.4,12.4,999,0,0.0,52.5,44.8,,1.0429121247065178,0.2155532068815635,1.9430288359504653,0.9177592776053648,0.9825618999501048,1.1717673460077125,1.3753786414105251,False
2021-08-09 09:40:00,440.4,34.3,412.9,405.2,408.1,27.5,81.4,3.7,5.1,0.7,216.0,12.5,999,0,0.0,51.9,44.6,,0.603509004468011,-0.5077658026034408,1.8749720132739696,0.5157947878698399,0.5661798429777718,0.9846724484599538,1.1289661268945714,False
2021-08-09 09:41:00,443.4,30.7,418.7,407.7,410.5,27.5,81.0,2.6,3.6,0.6,214.5,17.5,999,0,0.0,51.0,44.2,,0.6125688626172586,-0.5215214731483222,1.91152104767431,0.5234425140824641,0.5737619138179356,0.2986578241181716,0.3897285833467105,False
2021-08-09 09:42:00,585.6,214.0,429.0,545.4,548.8,27.6,81.3,3.3,4.4,0.7,224.2,13.7,999,0,0.0,50.6,44.2,,1.042006138891593,0.1788714187618802,1.9764270915231903,0.9446792738738016,1.0106787459823792,0.735212585062942,0.7839886065722367,False
2021-08-09 09:43:00,665.8,305.7,441.2,606.3,609.6,27.6,81.3,3.3,4.1,0.5,218.3,13.5,999,0,0.0,51.6,44.8,,1.2842063467481446,0.5292589156967715,2.053306094917009,1.1309778844133256,1.202757873933198,0.735212585062942,0.636141097862664,False
2021-08-09 09:44:00,857.0,558.5,451.2,786.7,790.7,27.8,81.7,2.6,3.9,0.7,204.6,15.7,999,0,0.0,52.9,45.5,,1.861621306126856,1.4952126695150976,2.1163216714693203,1.6828378079162838,1.7748883027472309,0.2986578241181716,0.5375760920562827,False
2021-08-09 09:45:00,602.5,213.0,444.9,541.9,545.0,28.0,80.6,2.7,4.1,0.9,204.6,20.5,999,0,0.0,54.8,46.7,,1.0930433397990211,0.1750503991660799,2.0766218582413645,0.933972457176128,0.9986738004854532,0.3610227899674246,0.636141097862664,False
2021-08-09 09:46:00,456.0,30.4,430.0,409.6,412.3,28.0,80.1,3.6,4.6,0.8,213.0,17.5,999,0,0.0,54.6,46.9,,0.6506202668440985,-0.5226677790270623,1.9827286491784213,0.5292547860040585,0.5794484669480585,0.9223074826107008,0.8825536123786178,False
2021-08-09 09:47:00,437.6,22.0,419.2,393.2,395.8,28.0,79.5,2.8,4.1,0.9,204.4,13.8,999,0,0.0,53.4,46.4,,0.5950531368620469,-0.5547643436317852,1.9146718265019256,0.479085702049244,0.5273217299219318,0.4233877558166773,0.636141097862664,False
2021-08-09 09:48:00,435.9,37.2,406.5,389.8,392.2,28.0,79.1,4.4,5.9,0.7,198.3,16.2,999,0,0.0,52.4,46.0,,0.5899192172441398,-0.49668484577562,1.834642044280491,0.4686847944000753,0.5159486236616859,1.4212272094047245,1.523226150120098,False
2021-08-09 09:49:00,395.4,5.4,389.1,352.5,354.9,28.0,78.5,4.4,5.4,0.6,211.2,9.9,999,0,0.0,51.2,45.3,,0.4676111322292977,-0.6181932689220707,1.72499494107947,0.3545807193077231,0.3981106060208055,1.4212272094047245,1.2768136356041442,False
2021-08-09 09:50:00,388.3,4.4,382.6,348.1,350.3,27.8,79.3,5.1,6.4,0.7,210.3,7.7,999,0,0.0,49.7,44.2,,0.4461694679427452,-0.6220142885178711,1.684034816320468,0.3411207211735046,0.3835783035771582,1.8577819703494944,1.7696386646360516,False
2021-08-09 09:51:00,433.1,57.4,386.7,393.3,395.5,27.7,78.8,5.1,6.2,0.9,216.5,10.7,999,0,0.0,48.5,43.3,,0.5814633496381755,-0.419500249940453,1.7098712027069154,0.4793916110977491,0.5263739710669113,1.8577819703494944,1.67107365882967,False
2021-08-09 09:52:00,421.8,39.4,387.5,380.3,382.5,27.6,79.8,4.8,6.2,0.6,220.2,7.8,999,0,0.0,47.6,42.5,,0.5473378839426764,-0.4882786026648592,1.7149124488311005,0.4396234347921036,0.4853044206826902,1.6706870728017358,1.67107365882967,False
2021-08-09 09:53:00,378.8,11.4,366.7,338.7,340.6,27.4,80.8,4.5,5.6,1.0,222.6,8.9,999,0,0.0,46.5,41.6,,0.4174799171367946,-0.5952671513472687,1.5838400496022935,0.3123652706140378,0.3529341005981625,1.4835921752539771,1.3753786414105251,False
2021-08-09 09:54:00,373.5,9.7,363.2,333.0,334.6,27.4,80.8,4.4,5.4,0.7,223.0,11.7,999,0,0.0,45.3,40.8,,0.4014741677397905,-0.6017628846601294,1.5617845978089848,0.2949284548492548,0.3339789234977528,1.4212272094047245,1.2768136356041442,False
2021-08-09 09:55:00,370.5,3.1,365.1,331.0,332.8,27.3,81.4,3.8,4.9,0.5,221.8,8.9,999,0,0.0,44.2,40.0,,0.3924143095905429,-0.6269816139924116,1.5737575573539242,0.2888102738791555,0.3282923703676298,1.0470374143092065,1.0304011210881905,False
2021-08-09 09:56:00,385.1,2.7,380.3,345.3,347.4,27.4,82.4,3.1,4.1,0.7,213.5,14.8,999,0,0.0,43.6,39.6,,0.4365056192502145,-0.6285100218307318,1.6695412337134363,0.3325552678153656,0.3744166346452934,0.6104826533644362,0.636141097862664,False
2021-08-09 09:57:00,401.5,3.7,394.9,359.3,361.2,27.6,82.3,2.4,5.4,1.1,212.5,18.3,999,0,0.0,43.6,39.6,,0.4860328437994344,-0.6246890022349314,1.76154397547981,0.3753825346060608,0.4180135419762357,0.1739278924196656,1.2768136356041442,False
2021-08-09 09:58:00,408.9,12.6,394.5,365.1,367.5,27.7,80.5,5.0,5.6,0.6,213.7,6.0,999,0,0.0,43.9,39.8,,0.5083804939009117,-0.5906819278323083,1.759023352417718,0.3931252594193488,0.437916477931666,1.7954170045002418,1.3753786414105251,False
2021-08-09 09:59:00,455.5,57.5,406.3,413.0,415.4,27.6,80.5,3.8,4.6,0.5,216.5,6.7,999,0,0.0,43.9,39.8,,0.6491102904858905,-0.419118147980873,1.8333817327494448,0.5396556936532273,0.5892419751166035,1.0470374143092065,0.8825536123786178,False
2021-08-09 10:00:00,677.2,280.3,455.9,621.5,624.2,27.5,81.0,3.6,4.6,0.7,214.2,9.0,999,0,0.0,44.7,40.1,,1.3186338077152857,0.4322050179634429,2.1459389924489063,1.1774760597860805,1.2488821382108617,0.9223074826107008,0.8825536123786178,False
2021-08-09 10:01:00,752.0,320.9,498.6,668.7,672.1,27.6,81.7,2.2,3.9,0.7,203.2,15.4,999,0,0.0,47.0,41.1,,1.5445262709031913,0.5873384135529366,2.4150155043272736,1.3218651306804243,1.4002076353957988,0.0491979607211599,0.5375760920562827,False
2021-08-09 10:02:00,478.9,29.8,451.7,425.9,428.9,27.8,80.7,2.8,4.6,1.0,190.2,21.1,999,0,0.0,49.0,42.4,,0.7197771840500214,-0.5249603907845424,2.119472450296936,0.5791179609103678,0.6318911235925253,0.4233877558166773,0.8825536123786178,False
2021-08-09 10:03:00,418.2,9.5,407.4,371.6,374.3,28.1,80.1,3.6,4.4,0.5,192.1,14.3,999,0,0.0,49.5,43.1,,0.5364660541635792,-0.6025270885792894,1.8403134461701989,0.4130093475721716,0.459399011978797,0.9223074826107008,0.7839886065722367,False
2021-08-09 10:04:00,433.1,21.1,413.5,393.7,396.0,28.3,79.2,4.3,5.4,0.6,197.5,14.0,999,0,0.0,49.3,43.3,,0.5814633496381755,-0.5582032612680055,1.8787529478671088,0.4806152472917689,0.5279535691586121,1.3588622435554711,1.2768136356041442,False
2021-08-09 10:05:00,463.0,35.7,432.3,420.0,421.9,28.3,78.7,3.6,5.4,0.8,197.8,20.3,999,0,0.0,49.1,43.2,,0.6717599358590095,-0.5024163751693205,1.9972222317854529,0.5610693270485749,0.6097767503087139,0.9223074826107008,1.2768136356041442,False
2021-08-09 10:06:00,444.3,20.1,425.2,400.1,402.1,28.3,78.4,3.9,5.6,0.8,211.5,21.8,999,0,0.0,49.0,43.2,,0.6152868200620331,-0.5620242808638058,1.952481172433312,0.5001934263960868,0.5472246658773621,1.1094023801584596,1.3753786414105251,False
2021-08-09 10:07:00,431.0,3.4,425.2,388.4,390.6,28.2,78.9,2.3,3.6,0.8,213.0,22.3,999,0,0.0,48.6,43.0,,0.5751214489337021,-0.6258353081136714,1.952481172433312,0.4644020677210057,0.5108939097682434,0.1115629265704126,0.3897285833467105,False
2021-08-09 10:08:00,446.9,19.4,427.4,406.2,408.6,28.1,78.8,2.1,3.4,0.7,207.0,15.2,999,0,0.0,48.3,42.9,,0.6231386971247141,-0.564698994580866,1.9663445992748203,0.5188538783548896,0.5677594410694726,-0.013167005128093,0.2911635775403289,False
2021-08-09 10:09:00,507.8,65.9,450.7,465.6,467.8,28.1,79.2,3.0,3.6,0.5,200.2,15.5,999,0,0.0,48.5,43.0,,0.8070538175544396,-0.3870215833761501,2.1131708926417048,0.7005638531668392,0.7547838551268483,0.5481176875151833,0.3897285833467105,False
2021-08-09 10:10:00,700.1,277.3,473.5,640.4,643.4,28.1,79.0,3.4,4.6,0.8,204.7,13.0,999,0,0.0,49.3,43.4,,1.3877907249212085,0.4207419591760419,2.2568464071809733,1.235292869953519,1.3095387049321725,0.797577550912195,0.8825536123786178,False
2021-08-09 10:11:00,540.3,69.6,480.3,494.5,497.4,28.1,79.2,3.3,4.4,0.5,211.6,12.0,999,0,0.0,50.5,43.8,,0.905202280837955,-0.3728838108716889,2.299696999236545,0.7889715681847743,0.8482960621555361,0.735212585062942,0.7839886065722367,False
2021-08-09 10:12:00,577.7,107.2,487.3,525.5,528.0,28.1,80.5,3.2,4.1,0.6,212.1,10.8,999,0,0.0,51.0,44.2,,1.018148512431908,-0.229213474069596,2.3438079028231624,0.8838033732213136,0.9449674653676255,0.6728476192136892,0.636141097862664,False
2021-08-09 10:13:00,554.1,82.6,484.7,522.4,524.5,28.2,78.6,4.7,5.6,0.6,211.3,11.2,999,0,0.0,51.1,44.4,,0.9468776283244938,-0.3232105561262845,2.3274238529195617,0.8743201927176596,0.93391027872572,1.6083221069524831,1.3753786414105251,False
2021-08-09 10:14:00,838.0,386.7,521.4,774.9,777.7,28.1,78.7,4.1,4.9,0.5,216.5,8.8,999,0,0.0,51.5,44.6,,1.8042422045149549,0.838761502956599,2.558691018866542,1.646740540192698,1.73381875236301,1.2341323118569651,1.0304011210881905,False
2021-08-09 10:15:00,711.3,229.7,522.5,668.2,670.4,28.0,78.5,4.3,4.9,0.5,215.8,6.0,999,0,0.0,52.6,45.0,,1.4216141953450658,0.2388614264159455,2.5656227322872964,1.3203355854378998,1.3948370018840162,1.3588622435554711,1.0304011210881905,False
2021-08-09 10:16:00,1059.0,642.9,533.6,978.0,981.0,28.1,79.0,2.7,3.9,0.8,209.6,14.5,999,0,0.0,53.8,45.6,,2.4716517548428585,1.8177067234006463,2.635570022260361,2.268041817706283,2.3760833364485587,0.3610227899674246,0.5375760920562827,False
2021-08-09 10:17:00,834.0,396.6,507.9,779.0,782.7,28.4,78.9,3.6,5.4,1.1,188.0,14.7,999,0,0.0,56.1,47.0,,1.7921623936492914,0.8765895969550226,2.4736199905209224,1.6592828111814013,1.749614733280018,0.9223074826107008,1.2768136356041442,False
2021-08-09 10:18:00,1088.0,725.3,494.8,1009.0,1015.0,28.7,77.0,4.5,5.9,1.1,189.1,9.6,999,0,0.0,58.1,48.3,,2.5592303836189183,2.1325587380945943,2.391069585237396,2.362873622742822,2.4834960066842138,1.4835921752539771,1.523226150120098,False
2021-08-09 10:19:00,1104.0,758.8,481.9,1020.0,1025.0,28.9,76.3,4.3,6.4,1.1,198.2,13.2,999,0,0.0,60.1,49.5,,2.607549627081572,2.260562894553906,2.3097794914849143,2.396523618078368,2.51508796851823,1.3588622435554711,1.7696386646360516,False
2021-08-09 10:20:00,1075.0,751.2,457.6,993.0,999.0,28.8,76.6,3.6,5.4,1.1,202.2,16.3,999,0,0.0,61.8,50.6,,2.5199709983055123,2.2315231456258235,2.1566516404628,2.313928174982028,2.432948867749788,0.9223074826107008,1.2768136356041442,False
2021-08-09 10:21:00,1045.0,731.5,441.6,967.0,973.0,28.9,77.1,3.7,4.6,0.7,211.2,14.3,999,0,0.0,63.2,51.8,,2.4293724168130364,2.1562490595885566,2.055826717979102,2.2343918223707364,2.350809766981346,0.9846724484599538,0.8825536123786178,False
2021-08-09 10:22:00,912.0,577.3,435.0,853.0,858.0,28.8,76.6,4.4,5.4,0.8,210.4,14.7,999,0,0.0,63.6,52.4,,2.027718705529728,1.567047837916144,2.014236437454577,1.885655507075076,1.98750220589016,1.4212272094047245,1.2768136356041442,False
2021-08-09 10:23:00,1020.0,749.8,399.1,949.0,954.0,28.7,77.5,4.6,5.4,0.6,218.4,9.5,999,0,0.0,63.5,52.6,,2.35387359890264,2.2261737181917027,1.788010517631781,2.1793281936398428,2.290785039496715,1.5459571411032298,1.2768136356041442,False
2021-08-09 10:24:00,1008.0,759.0,377.0,940.0,946.0,28.7,77.3,4.4,5.6,0.8,206.5,10.6,999,0,0.0,63.5,52.6,,2.31763416630565,2.261327098473066,1.648746093451174,2.151796379274396,2.265511470029502,1.4212272094047245,1.3753786414105251,False
2021-08-09 10:25:00,956.0,696.4,373.9,885.0,890.0,28.7,77.8,2.4,4.6,1.0,194.1,14.1,999,0,0.0,63.8,52.9,,2.1605966250520257,2.0221312717759643,1.6292112647199577,1.9835464025966647,2.0885964837590114,0.1739278924196656,0.8825536123786178,False
2021-08-09 10:26:00,964.0,732.2,350.3,886.0,891.0,29.0,76.2,3.9,4.9,0.7,204.5,16.2,999,0,0.0,64.3,53.5,,2.184756246783353,2.158923773305617,1.480494504056504,1.9866054930817143,2.091755679942413,1.1094023801584596,1.0304011210881905,False
2021-08-09 10:27:00,954.0,699.3,368.5,888.0,894.0,29.0,76.6,4.4,5.9,1.0,206.0,12.5,999,0,0.0,64.4,53.7,,2.154556719619194,2.033212228603785,1.5951828533817096,1.9927236740518135,2.101233268492618,1.4212272094047245,1.523226150120098,False
2021-08-09 10:28:00,850.0,568.2,370.7,782.3,786.5,29.1,75.2,4.8,6.4,0.8,212.0,9.7,999,0,0.0,64.3,53.7,,1.840481637111945,1.532276559594361,1.609046280223218,1.669377809782065,1.761619678776944,1.6706870728017358,1.7696386646360516,False
2021-08-09 10:29:00,748.2,460.3,359.6,700.2,704.9,29.0,75.1,4.5,5.9,1.0,207.4,14.7,999,0,0.0,63.0,53.1,,1.5330504505808111,1.1199885452075042,1.5390989902501533,1.4182264809594889,1.5038292702113718,1.4835921752539771,1.523226150120098,False
2021-08-09 10:30:00,929.0,733.6,307.4,852.0,856.0,29.1,74.4,3.7,5.1,1.1,182.8,16.7,999,0,0.0,62.7,52.9,,2.0790579017087976,2.1642732007397374,1.2101576806470904,1.8825964165900264,1.9811838135233564,0.9846724484599538,1.1289661268945714,False
2021-08-09 10:31:00,891.0,730.7,271.2,816.0,820.0,29.3,73.6,4.3,5.4,0.7,188.9,11.2,999,0,0.0,63.2,53.0,,1.964299698484995,2.1531922439119167,0.9820412935277252,1.7724691591282384,1.8674527509208985,1.3588622435554711,1.2768136356041442,False
2021-08-09 10:32:00,871.0,724.8,255.1,799.9,804.0,29.7,72.2,2.0,4.1,1.0,203.4,17.1,999,0,0.0,63.6,53.3,,1.903900644156678,2.1306482282966943,0.8805862152785049,1.7232178023189393,1.8169056119864724,-0.075531970977346,0.636141097862664,False
2021-08-09 10:33:00,883.0,748.0,245.8,810.0,814.0,29.9,73.0,3.3,4.9,1.0,204.6,16.5,999,0,0.0,64.2,53.8,,1.9401400767536685,2.2192958829192624,0.8219817290848558,1.7541146162179406,1.8484975738204883,0.735212585062942,1.0304011210881905,False
2021-08-09 10:34:00,872.0,744.5,235.8,801.0,805.0,29.7,71.8,4.0,6.2,1.4,207.7,12.1,999,0,0.0,64.2,53.9,,1.9069205968730936,2.205922314333961,0.7589661525325451,1.7265828018524938,1.8200648081698736,1.1717673460077125,1.67107365882967,False
2021-08-09 10:35:00,878.0,746.2,239.1,805.0,809.0,29.5,73.1,3.0,4.1,0.6,209.1,12.4,999,0,0.0,63.9,53.6,,1.925040313171589,2.2124180476468216,0.7797612927948075,1.7388191637926924,1.8327015929034804,0.5481176875151833,0.636141097862664,False
2021-08-09 10:36:00,857.0,701.7,253.4,778.6,783.1,29.4,72.6,3.8,5.4,0.9,221.1,15.4,999,0,0.0,63.9,53.6,,1.861621306126856,2.0423826756337067,0.8698735672646122,1.658059174987382,1.7508784117533789,1.0470374143092065,1.2768136356041442,False
2021-08-09 10:37:00,781.9,603.9,260.6,729.9,734.2,29.4,72.4,4.9,6.4,0.8,207.4,8.4,999,0,0.0,63.2,53.2,,1.6348228571240253,1.668686959164433,0.915244782382276,1.5090814683654632,1.5963937183850394,1.7330520386509891,1.7696386646360516,False
2021-08-09 10:38:00,915.0,767.5,250.8,841.0,845.0,29.2,73.3,4.0,5.1,0.7,219.8,9.0,999,0,0.0,62.6,52.7,,2.0367785636789755,2.293805765037369,0.8534895173610112,1.84894642125448,1.9464326555059384,1.1717673460077125,1.1289661268945714,False
2021-08-09 10:39:00,945.0,769.8,278.6,871.0,876.0,29.0,73.9,3.8,5.4,0.9,226.1,10.7,999,0,0.0,62.4,52.5,,2.127377145171451,2.3025941101077096,1.0286728201764357,1.9407191358059697,2.0443677371913886,1.0470374143092065,1.2768136356041442,False
2021-08-09 10:40:00,672.8,448.0,280.7,614.8,616.9,29.0,74.6,4.5,5.4,0.6,224.8,10.0,999,0,0.0,61.7,52.2,,1.3053460157630556,1.07299000417916,1.0419060912524205,1.1569801535362478,1.2258200060720297,1.4835921752539771,1.2768136356041442,False
2021-08-09 10:41:00,934.0,774.6,258.6,858.0,862.0,28.8,74.2,3.7,4.4,0.5,220.3,13.1,999,0,0.0,60.4,51.2,,2.0941576652908767,2.320935004167551,0.9026416670718136,1.900950959500324,2.0001389906237663,0.9846724484599538,0.7839886065722367,False
2021-08-09 10:42:00,873.0,656.5,298.2,791.5,794.8,28.8,74.7,3.9,4.6,0.5,225.2,11.9,999,0,0.0,60.4,50.9,,1.9099405495895097,1.869672589903531,1.1521833502189645,1.697521442244522,1.7878410070991773,1.1094023801584596,0.8825536123786178,False
2021-08-09 10:43:00,516.8,184.7,351.7,470.3,473.3,28.7,75.5,3.0,4.4,0.8,216.6,17.9,999,0,0.0,59.2,50.4,,0.8342333920021824,0.0669155446049302,1.4893166847738275,0.7149415784465726,0.7721594341355572,0.5481176875151833,0.7839886065722367,False
2021-08-09 10:44:00,492.0,174.8,335.4,457.8,462.2,28.8,75.5,2.7,5.1,1.3,202.4,18.3,999,0,0.0,57.1,49.5,,0.7593385646350692,0.0290874506065069,1.3866012949935609,0.6767029473834519,0.7370923564997992,0.3610227899674246,1.1289661268945714,False
2021-08-09 10:45:00,863.0,644.0,294.0,804.0,808.0,28.9,73.9,4.1,5.1,0.8,184.9,15.1,999,0,0.0,56.2,49.0,,1.879741022425351,1.8219098449560267,1.125716808066994,1.7357600733076426,1.8295423967200788,1.2341323118569651,1.1289661268945714,False
2021-08-09 10:46:00,958.0,778.8,269.5,881.0,886.0,29.2,73.4,2.2,3.6,0.8,208.4,19.1,999,0,0.0,57.3,49.1,,2.1666365304848574,2.3369832864699127,0.9713286455138324,1.971310040656466,2.075959699025405,0.0491979607211599,0.3897285833467105,False
2021-08-09 10:47:00,964.0,771.0,282.4,892.0,897.0,29.4,72.7,4.0,4.6,0.5,214.9,12.0,999,0,0.0,58.9,49.8,,2.184756246783353,2.30717933362267,1.052618739266313,2.004960035992013,2.1107108570428226,1.1717673460077125,0.8825536123786178,False
2021-08-09 10:48:00,982.0,750.0,314.2,904.0,907.0,29.1,73.8,3.2,4.4,0.7,210.9,14.2,999,0,0.0,59.9,50.2,,2.2391153956788377,2.2269379221108627,1.2530082727026617,2.041669121812608,2.142302818876839,0.6728476192136892,0.7839886065722367,False
2021-08-09 10:49:00,945.0,648.1,366.7,881.0,886.0,29.2,73.1,2.2,3.1,0.6,203.1,21.7,999,0,0.0,60.9,50.9,,2.127377145171451,1.8375760252988085,1.5838400496022935,1.971310040656466,2.075959699025405,0.0491979607211599,0.1433160688307568,False
2021-08-09 10:50:00,713.2,382.1,369.6,643.3,647.2,29.2,73.0,2.9,4.6,0.8,187.0,16.4,999,0,0.0,62.1,52.0,,1.4273521055062564,0.8211848128159176,1.602114566802464,1.244164232360163,1.3215436504290987,0.4857527216659302,0.8825536123786178,False
2021-08-09 10:51:00,693.3,353.3,372.9,651.1,653.8,29.4,72.8,3.4,4.4,0.7,186.6,11.7,999,0,0.0,61.8,52.5,,1.3672550464495803,0.7111394484568678,1.6229097070647265,1.2680251381435506,1.342394345239549,0.797577550912195,0.7839886065722367,False
2021-08-09 10:52:00,734.6,409.0,362.6,669.3,672.4,29.6,72.7,3.4,4.9,0.9,191.2,18.0,999,0,0.0,61.9,52.7,,1.4919790936375554,0.9239702399429468,1.5580036632158465,1.323700584971454,1.4011553942508193,0.797577550912195,1.0304011210881905,False
2021-08-09 10:53:00,957.0,699.1,324.9,881.0,885.0,29.7,71.8,4.0,4.9,0.4,191.6,15.2,999,0,0.0,61.9,52.6,,2.1636165777684413,2.032448024684625,1.3204349396136343,1.971310040656466,2.072800502842004,1.1717673460077125,1.0304011210881905,False
2021-08-09 10:54:00,974.0,672.1,365.2,900.0,904.0,29.6,71.3,3.6,4.9,0.8,199.2,16.8,999,0,0.0,62.8,52.9,,2.2149557739475108,1.9292804955980165,1.574387713119447,2.02943275987241,2.132825230326634,0.9223074826107008,1.0304011210881905,False
2021-08-09 10:55:00,999.0,659.3,400.0,923.0,928.0,29.7,71.1,2.9,4.6,0.8,194.7,11.4,999,0,0.0,63.9,53.5,,2.290454591857907,1.880371444771772,1.7936819195214888,2.099791841028552,2.208645938728273,0.4857527216659302,0.8825536123786178,False
2021-08-09 10:56:00,815.0,458.8,394.2,753.9,758.0,29.7,70.3,3.6,4.6,0.7,184.1,10.1,999,0,0.0,64.7,54.1,,1.73478329203739,1.1142570158138037,1.7571328851211483,1.582499640006655,1.671582587549998,0.9223074826107008,0.8825536123786178,False
2021-08-09 10:57:00,923.0,573.2,397.4,852.0,857.0,29.9,69.6,3.4,4.1,0.5,187.9,15.7,999,0,0.0,65.0,54.5,,2.0609381854103024,1.5513816575733628,1.7772978696178878,1.8825964165900264,1.984343009706758,0.797577550912195,0.636141097862664,False
2021-08-09 10:58:00,844.0,469.1,411.0,779.6,784.9,30.0,69.9,3.5,4.4,0.7,183.6,18.3,999,0,0.0,65.4,54.6,,1.8223619208134496,1.153613517650547,1.8629990537290309,1.6611182654724317,1.7565649648835011,0.8599425167614478,0.7839886065722367,False
2021-08-09 10:59:00,705.8,316.4,412.5,642.3,647.7,30.0,69.7,3.8,4.6,0.6,176.8,8.0,999,0,0.0,65.5,54.5,,1.4050044554047787,0.5701438253718351,1.8724513902118771,1.2411051418751131,1.3231232485207995,1.0470374143092065,0.8825536123786178,False
2021-08-09 11:00:00,671.1,301.6,389.0,626.7,631.5,30.2,70.1,3.1,3.9,0.6,195.6,19.0,999,0,0.0,63.9,53.5,,1.3002120961451489,0.5135927353539902,1.724364785313947,1.193383330308339,1.2719442703496933,0.6104826533644362,0.5375760920562827,False
2021-08-09 11:01:00,653.2,280.8,388.8,604.4,608.2,30.4,69.7,3.1,4.4,0.8,189.6,19.3,999,0,0.0,62.6,52.6,,1.246154942521305,0.4341155277613431,1.7231044737829009,1.1251656124917313,1.1983349992764356,0.6104826533644362,0.7839886065722367,False
2021-08-09 11:02:00,635.8,247.1,401.8,592.5,596.2,30.3,69.1,2.5,4.1,0.9,187.9,21.1,999,0,0.0,61.6,51.9,,1.193607765255669,0.3053471673828715,1.805024723300905,1.0887624357196406,1.1604246450756162,0.2362928582689186,0.636141097862664,False
2021-08-09 11:03:00,589.5,170.9,425.5,553.8,557.4,30.3,69.3,1.9,2.6,0.5,177.8,22.2,999,0,0.0,60.8,51.4,,1.0537839544856151,0.0141854741828856,1.9543716397298811,0.9703756339482188,1.0378478331596332,-0.137896936826599,-0.1030964456851969,False
2021-08-09 11:04:00,684.7,249.5,448.8,646.8,650.1,30.3,69.0,3.1,4.4,0.8,194.3,14.0,999,0,0.0,60.2,51.1,,1.3412834530884046,0.3145176144127923,2.1011979330967656,1.2548710490578368,1.3307053193609633,0.6104826533644362,0.7839886065722367,False
2021-08-09 11:05:00,587.6,130.2,462.3,550.2,552.3,30.1,70.5,3.2,3.9,0.5,177.0,17.3,999,0,0.0,59.8,50.8,,1.048046044324425,-0.1413300233661883,2.1862689614423854,0.9593629082020404,1.021735932624285,0.6728476192136892,0.5375760920562827,False
2021-08-09 11:06:00,760.4,281.3,492.5,717.9,720.5,30.2,70.0,4.1,4.9,0.5,188.3,8.8,999,0,0.0,59.3,50.6,,1.5698938737210844,0.4360260375592432,2.376576002630364,1.4723723825448674,1.5531127306724373,1.2341323118569651,1.0304011210881905,False
2021-08-09 11:07:00,824.0,343.7,497.1,771.2,775.1,30.2,69.5,3.7,4.1,0.4,185.5,4.7,999,0,0.0,59.8,50.8,,1.7619628664851328,0.6744576603371845,2.405563167844427,1.635421905398014,1.7256048422861656,0.9846724484599538,0.636141097862664,False
2021-08-09 11:08:00,898.0,391.2,526.7,844.0,849.0,30.2,69.2,2.4,3.9,0.8,202.0,19.5,999,0,0.0,60.8,51.2,,1.985439367499906,0.8559560911377005,2.5920892744392674,1.858123692709629,1.9590694402395448,0.1739278924196656,0.5375760920562827,False
2021-08-09 11:09:00,843.0,304.1,554.9,790.5,796.6,30.2,69.1,2.3,3.6,0.8,171.3,25.8,999,0,0.0,62.2,52.1,,1.819341968097034,0.5231452843434911,2.769793200316784,1.6944623517594724,1.7935275602293004,0.1115629265704126,0.3897285833467105,False
2021-08-09 11:10:00,776.4,201.1,583.3,740.4,745.0,30.2,69.0,2.8,3.6,0.6,171.8,20.1,999,0,0.0,62.6,52.6,,1.6182131171837382,0.1295802659760558,2.9487574377253463,1.5412019184584846,1.6305130371657768,0.4233877558166773,0.3897285833467105,False
2021-08-09 11:11:00,836.0,235.0,610.6,778.8,783.8,30.3,68.2,3.2,4.1,0.7,190.5,18.4,999,0,0.0,63.0,52.7,,1.7982022990821231,0.2591128302736874,3.120789961713155,1.6586709930843913,1.7530898490817597,0.6728476192136892,0.636141097862664,True
2021-08-09 11:12:00,1274.0,698.8,615.2,1210.3,1210.3,30.1,69.6,3.4,4.1,0.6,175.8,13.3,999,0,0.0,63.7,53.1,,3.1209415888722667,2.031301718805885,3.1497771269272183,2.9786685373833177,3.1004870213025497,0.797577550912195,0.636141097862664,True
2021-08-09 11:13:00,938.0,340.1,612.8,891.1,891.1,30.4,68.4,3.4,4.6,0.9,171.5,11.9,999,0,0.0,65.8,54.3,,2.10623747615654,0.6607019897923033,3.1346533885546632,2.0022068545554683,2.0920715995607533,0.797577550912195,0.8825536123786178,True
2021-08-09 11:14:00,718.5,126.8,593.2,682.6,682.6,30.6,68.2,4.7,5.6,0.6,160.7,8.0,999,0,0.0,65.4,54.2,,1.4433578549032602,-0.1543214899919094,3.0111428585121343,1.364386488422615,1.433379195321516,1.6083221069524831,1.3753786414105251,True
2021-08-09 11:15:00,1349.0,771.8,618.0,1281.5,1281.5,30.9,67.1,4.0,4.6,0.4,169.1,12.3,999,0,0.0,65.0,53.5,,3.347438042603456,2.31023614929931,3.167421488361865,3.196475779918853,3.3254217895607447,1.1717673460077125,0.8825536123786178,True
2021-08-09 11:16:00,792.6,169.5,625.4,753.0,753.0,31.1,66.7,3.6,4.4,0.5,175.5,18.9,999,0,0.0,65.8,53.6,,1.667136351189675,0.0088360467487651,3.214053015010575,1.5797464585701102,1.6557866066329898,0.9223074826107008,0.7839886065722367,True
2021-08-09 11:17:00,1334.0,751.9,620.0,1267.3,1267.3,31.1,67.0,2.7,3.6,0.6,208.0,15.9,999,0,0.0,66.0,53.9,,3.302138751857218,2.2341978593428835,3.180024603672327,3.1530366950311484,3.280561203756442,0.3610227899674246,0.3897285833467105,True
2021-08-09 11:18:00,943.0,351.5,602.8,846.0,850.0,31.0,67.9,3.1,4.1,0.6,181.0,8.9,999,0,0.0,67.8,55.1,,2.121337239738619,0.7042616131844271,3.0716378120023524,1.864241873679728,1.9622286364229464,0.6104826533644362,0.636141097862664,True
2021-08-09 11:19:00,553.4,15.3,535.4,505.0,509.6,31.2,66.2,3.5,4.6,0.7,194.5,23.8,999,0,0.0,67.1,55.0,,0.9447636614230026,-0.5803651749236474,2.6469128260397774,0.8210920182777957,0.886838255593036,0.8599425167614478,0.8825536123786178,False
2021-08-09 11:20:00,688.3,179.1,513.0,644.4,650.8,30.9,66.4,3.8,4.9,0.6,231.0,13.3,999,0,0.0,64.6,53.8,,1.3521552828675012,0.0455178348684483,2.505757934562601,1.2475292318937177,1.3329167566893445,1.0470374143092065,1.0304011210881905,False
2021-08-09 11:21:00,698.7,202.4,498.0,655.1,660.3,30.3,69.9,3.5,4.9,0.8,214.5,22.2,999,0,0.0,62.6,52.5,,1.3835627911182264,0.1345475914505963,2.411234569734135,1.2802615000837492,1.3629291204316596,0.8599425167614478,1.0304011210881905,False
2021-08-09 11:22:00,890.0,402.4,497.1,833.0,839.0,30.3,70.1,2.3,3.1,0.5,193.6,18.8,999,0,0.0,61.6,51.8,,1.961279745768579,0.8987515106106644,2.405563167844427,1.8244736973740827,1.9274774784055289,0.1115629265704126,0.1433160688307568,False
2021-08-09 11:23:00,842.0,341.6,504.9,777.7,782.8,30.5,68.8,3.4,4.4,0.6,230.8,10.9,999,0,0.0,62.1,51.9,,1.816322015380618,0.6664335191860038,2.454715317555229,1.6553059935508367,1.7499306528983578,0.797577550912195,0.7839886065722367,False
2021-08-09 11:24:00,834.0,318.5,520.2,777.7,783.8,30.2,68.1,3.7,4.6,0.5,230.7,7.0,999,0,0.0,61.8,51.8,,1.7921623936492914,0.5781679665230158,2.551129149680265,1.6553059935508367,1.7530898490817597,0.9846724484599538,0.8825536123786178,False
2021-08-09 11:25:00,749.2,218.9,531.5,699.0,705.4,29.7,68.5,2.5,3.4,0.5,238.0,16.9,999,0,0.0,60.8,51.4,,1.536070403297227,0.1975944147813019,2.6223367511843763,1.414555572377429,1.5054088683030726,0.2362928582689186,0.2911635775403289,False
2021-08-09 11:26:00,685.5,140.7,542.3,639.7,645.8,29.5,69.6,2.4,3.4,0.8,178.7,12.0,999,0,0.0,60.1,51.2,,1.3436994152615371,-0.1012093176102847,2.6903935738608715,1.2331515066139844,1.3171207757723362,0.1739278924196656,0.2911635775403289,False
2021-08-09 11:27:00,744.6,205.0,539.1,697.0,703.5,29.8,68.9,2.5,3.6,0.7,205.0,24.0,999,0,0.0,60.3,51.3,,1.522178620801714,0.1444822423996772,2.670228589364133,1.4084373914073296,1.4994063955546095,0.2362928582689186,0.3897285833467105,False
2021-08-09 11:28:00,490.8,8.0,478.5,457.1,462.8,29.9,69.5,3.3,4.4,0.6,218.3,12.4,999,0,0.0,60.3,51.5,,0.7557146213753703,-0.6082586179729899,2.2883541954571287,0.6745615840439172,0.7389878742098402,0.735212585062942,0.7839886065722367,False
2021-08-09 11:29:00,572.2,59.7,507.2,539.2,545.0,29.7,70.2,3.5,4.6,0.7,227.4,20.0,999,0,0.0,58.8,50.7,,1.001538772491621,-0.4107119048701123,2.469208900162261,0.925712912866494,0.9986738004854532,0.8599425167614478,0.8825536123786178,False
2021-08-09 11:30:00,712.0,181.4,527.8,665.0,670.5,29.8,69.3,3.2,4.1,0.6,236.6,12.2,999,0,0.0,57.8,49.9,,1.4237281622465572,0.0543061799387891,2.599020987860021,1.310546495885741,1.3951529215023564,0.6728476192136892,0.636141097862664,False
2021-08-09 11:31:00,611.3,95.7,509.9,563.4,568.4,29.7,70.5,3.8,5.1,0.7,237.4,15.2,999,0,0.0,57.3,49.2,,1.1196189237034806,-0.2731551994213,2.486223105831385,0.9997429026046956,1.072598991177051,1.0470374143092065,1.1289661268945714,False
2021-08-09 11:32:00,603.9,104.5,495.2,557.1,561.8,29.7,70.6,3.4,4.1,0.5,233.5,9.5,999,0,0.0,56.2,48.4,,1.0972712736020034,-0.239530226978257,2.393590208299488,0.9804706325488828,1.0517482963666005,0.797577550912195,0.636141097862664,False
2021-08-09 11:33:00,542.9,56.6,481.9,495.6,500.2,29.6,70.5,3.2,3.9,0.6,242.8,10.5,999,0,0.0,55.2,47.8,,0.9130541579006362,-0.4225570656170934,2.3097794914849143,0.7923365677183289,0.8571418114690607,0.6728476192136892,0.5375760920562827,False
2021-08-09 11:34:00,469.6,0.7,465.7,432.4,436.3,29.6,69.9,3.5,4.4,0.5,236.8,11.0,999,0,0.0,53.7,47.3,,0.6916916237873542,-0.6361520610223325,2.207694257470171,0.5990020490631905,0.6552691753496973,0.8599425167614478,0.7839886065722367,False
2021-08-09 11:35:00,607.8,112.1,495.4,575.5,578.9,29.6,70.2,3.1,3.9,0.5,232.6,10.2,999,0,0.0,52.2,46.5,,1.109049089196025,-0.2104904780501744,2.394850519830534,1.0367578974737963,1.105770551102768,0.6104826533644362,0.5375760920562827,False
2021-08-09 11:36:00,709.8,181.3,528.1,661.6,666.1,29.5,69.5,2.2,2.9,0.4,235.2,16.3,999,0,0.0,52.3,46.3,,1.417084266270442,0.0539240779792091,2.6009114551565906,1.3001455882365718,1.3812524582953891,0.0491979607211599,0.0447510630243752,False
2021-08-09 11:37:00,966.0,426.0,544.3,902.0,908.0,29.5,71.0,2.7,3.4,0.5,197.8,15.1,999,0,0.0,53.5,46.8,,2.190796152216184,0.9889275730715524,2.702996689171334,2.035550940842509,2.1454620150602404,0.3610227899674246,0.2911635775403289,False
2021-08-09 11:38:00,655.9,112.3,541.9,607.0,611.7,29.7,70.0,2.2,3.4,0.7,222.4,16.4,999,0,0.0,55.6,48.0,,1.2543088148556276,-0.2097262741310143,2.6878729507987797,1.1331192477528609,1.2093921859183412,0.0491979607211599,0.2911635775403289,False
2021-08-09 11:39:00,664.3,107.7,553.5,624.8,629.8,29.9,69.8,3.0,4.1,0.6,211.0,12.2,999,0,0.0,56.6,48.9,,1.2796764176735207,-0.2273029642716959,2.7609710195994603,1.1875710583867445,1.2665736368379104,0.5481176875151833,0.636141097862664,False
2021-08-09 11:40:00,702.4,137.2,562.1,652.0,656.8,30.1,69.2,3.6,5.1,1.0,211.9,9.5,999,0,0.0,57.3,49.4,,1.394736616168965,-0.1145828861955859,2.8151644154344475,1.270778319580095,1.351871933789754,0.9223074826107008,1.1289661268945714,False
2021-08-09 11:41:00,581.5,16.8,559.8,540.3,544.9,30.1,68.4,3.6,4.6,0.8,214.0,15.5,999,0,0.0,57.5,49.6,,1.0296243327542882,-0.5746336455299469,2.800670832827416,0.9290779124000484,0.998357880867113,0.9223074826107008,0.8825536123786178,False
2021-08-09 11:42:00,670.4,103.4,562.2,625.0,630.0,30.0,68.9,4.4,5.1,0.6,226.9,11.1,999,0,0.0,56.8,49.2,,1.2980981292436575,-0.2437333485336373,2.815794571199971,1.1881828764837543,1.2672054760745908,1.4212272094047245,1.1289661268945714,False
2021-08-09 11:43:00,691.4,127.5,559.4,643.5,648.8,29.9,69.5,3.0,3.4,0.5,224.9,12.9,999,0,0.0,56.1,48.6,,1.3615171362883904,-0.1516467762748491,2.7981502097653235,1.244776050457173,1.326598364322541,0.5481176875151833,0.2911635775403289,False
2021-08-09 11:44:00,610.9,45.1,560.6,569.1,574.0,29.9,69.0,4.0,4.9,0.7,209.7,8.7,999,0,0.0,55.9,48.5,,1.1184109426169142,-0.4664987909687972,2.805712078951601,1.0171797183694786,1.0902904898041,1.1717673460077125,1.0304011210881905,False
2021-08-09 11:45:00,600.3,33.6,561.7,558.0,562.6,29.9,68.0,3.3,4.4,0.7,203.8,12.8,999,0,0.0,55.7,48.3,,1.086399443822906,-0.5104405163205012,2.8126437923723557,0.9832238139854276,1.0542756533133215,0.735212585062942,0.7839886065722367,False
2021-08-09 11:46:00,570.7,8.6,557.0,529.6,534.2,30.0,68.3,3.0,4.1,0.7,207.6,11.5,999,0,0.0,55.6,48.4,,0.9970088434169972,-0.6059660062155097,2.783026471392769,0.8963456442100173,0.964554481704716,0.5481176875151833,0.636141097862664,False
2021-08-09 11:47:00,582.4,22.3,554.0,540.8,545.4,29.9,68.7,3.7,4.6,0.6,222.4,9.9,999,0,0.0,55.3,48.3,,1.0323422901990624,-0.553618037753045,2.764121798427076,0.9306074576425732,0.9999374789588138,0.9846724484599538,0.8825536123786178,False
2021-08-09 11:48:00,587.8,22.4,558.8,545.4,549.7,29.7,69.5,3.9,4.4,0.4,225.3,6.1,999,0,0.0,54.3,47.7,,1.048650034867708,-0.553235935793465,2.7943692751721847,0.9446792738738016,1.013522022547441,1.1094023801584596,0.7839886065722367,False
2021-08-09 11:49:00,577.6,14.4,556.2,533.5,537.7,29.6,69.4,3.0,4.1,0.7,227.0,7.1,999,0,0.0,53.5,47.0,,1.0178465171602664,-0.5838040925598676,2.7779852252685844,0.9082760971017108,0.9756116683466216,0.5481176875151833,0.636141097862664,False
2021-08-09 11:50:00,558.9,3.5,547.7,516.6,520.8,29.5,69.2,2.1,2.6,0.4,231.4,12.1,999,0,0.0,52.9,46.5,,0.96137340136329,-0.6254532061540914,2.72442198519912,0.8565774679043717,0.922221252847134,-0.013167005128093,-0.1030964456851969,False
2021-08-09 11:51:00,616.7,66.5,542.6,572.4,577.0,29.6,70.5,2.4,3.6,0.7,206.3,19.9,999,0,0.0,52.9,46.7,,1.1359266683721263,-0.38472897161867,2.6922840411574414,1.0272747169701424,1.099768078354305,0.1739278924196656,0.3897285833467105,False
2021-08-09 11:52:00,571.0,34.7,529.5,526.5,531.2,29.9,69.4,2.3,3.4,0.7,198.6,16.3,999,0,0.0,53.5,47.0,,0.9979148292319218,-0.5062373947651209,2.6097336358739143,0.8868624637063632,0.955076893154511,0.1115629265704126,0.2911635775403289,False
2021-08-09 11:53:00,542.4,23.7,512.3,505.1,509.8,30.2,67.9,3.3,4.1,0.6,200.5,14.3,999,0,0.0,53.8,47.4,,0.9115441815424282,-0.5482686103189246,2.501346844203939,0.8213979273263007,0.8874700948297163,0.735212585062942,0.636141097862664,False
2021-08-09 11:54:00,551.5,21.2,523.4,516.2,521.2,30.1,67.9,3.8,4.6,0.5,180.5,8.5,999,0,0.0,53.8,47.4,,0.9390257512618126,-0.5578211593084255,2.5712941341770046,0.855353831710352,0.9234849313204948,1.0470374143092065,0.8825536123786178,False
2021-08-09 11:55:00,845.0,279.3,557.1,558.1,562.5,30.4,68.1,4.0,4.9,0.7,196.9,15.1,999,0,0.0,54.2,47.5,,1.8253818735298657,0.4283839983676425,2.783656627158292,0.9835297230339324,1.0539597336949815,1.1717673460077125,1.0304011210881905,False
2021-08-09 11:56:00,644.6,60.8,577.8,600.1,603.9,30.4,67.9,3.2,4.4,0.9,211.8,15.1,999,0,0.0,55.5,47.9,,1.2201833491601286,-0.4065087833147319,2.914098870621576,1.112011523406018,1.1847504556878083,0.6728476192136892,0.7839886065722367,False
2021-08-09 11:57:00,611.0,17.1,587.4,572.2,575.5,30.3,68.1,3.6,4.1,0.5,218.5,6.6,999,0,0.0,55.6,48.0,,1.118712937888556,-0.5734873396512068,2.974593824111794,1.0266628988731328,1.0950292840792026,0.9223074826107008,0.636141097862664,False
2021-08-09 11:58:00,758.9,149.2,601.2,709.9,713.8,30.1,69.2,3.1,3.9,0.6,207.8,19.5,999,0,0.0,55.6,47.9,,1.565363944646461,-0.0687306510459818,3.061555319753983,1.44789965866447,1.5319461162436463,0.6104826533644362,0.5375760920562827,True
2021-08-09 11:59:00,632.8,23.0,603.3,587.0,591.0,30.2,69.3,3.0,4.1,0.7,211.1,22.6,999,0,0.0,56.4,48.4,,1.184547907106421,-0.5509433240359848,3.074788590829968,1.0719374380518674,1.1439968249219277,0.5481176875151833,0.636141097862664,True
2021-08-09 12:00:00,606.9,6.9,593.5,562.6,566.7,30.4,69.3,3.5,4.1,0.5,221.7,10.8,999,0,0.0,56.6,48.7,,1.1063311317512508,-0.6124617395283702,3.013033325808704,0.997295630216656,1.0672283576652686,0.8599425167614478,0.636141097862664,True
2021-08-09 12:01:00,617.5,27.1,583.6,579.7,583.8,30.4,68.4,3.2,4.1,0.7,215.9,13.7,999,0,0.0,56.0,48.5,,1.1383426305452589,-0.5352771436932034,2.950647905021916,1.0496060775110052,1.121250612401436,0.6728476192136892,0.636141097862664,False
2021-08-09 12:02:00,694.5,82.8,604.1,649.7,654.4,30.4,68.5,3.4,4.6,0.6,203.8,14.0,999,0,0.0,56.1,48.5,,1.3708789897092797,-0.3224463522071244,3.079829836954153,1.263742411464481,1.34428986294959,0.797577550912195,0.8825536123786178,True
2021-08-09 12:03:00,802.0,173.1,619.7,755.2,760.7,30.4,67.5,2.9,3.4,0.5,212.5,9.9,999,0,0.0,56.8,48.9,,1.695523906723984,0.0225917172936463,3.1781341363757583,1.5864764576372197,1.6801124172451825,0.4857527216659302,0.2911635775403289,True
2021-08-09 12:04:00,690.6,53.2,630.3,646.7,651.8,30.2,68.2,2.8,3.6,0.4,217.0,9.2,999,0,0.0,57.8,49.3,,1.359101174115258,-0.4355485322428145,3.2449306475212074,1.254565140009332,1.336075952872746,0.4233877558166773,0.3897285833467105,True
2021-08-09 12:05:00,900.0,243.5,646.8,849.0,854.0,30.1,69.6,3.8,5.1,0.9,222.9,11.0,999,0,0.0,58.6,49.8,,1.9914792729327375,0.2915914968379903,3.34890634883252,1.8734191451348767,1.9748654211565533,1.0470374143092065,1.1289661268945714,True
2021-08-09 12:06:00,898.0,239.9,648.2,844.0,849.0,30.1,69.6,4.0,5.1,0.7,204.4,14.3,999,0,0.0,59.3,50.2,,1.985439367499906,0.2778358262931091,3.357728529549844,1.858123692709629,1.9590694402395448,1.1717673460077125,1.1289661268945714,True
2021-08-09 12:07:00,728.8,97.2,624.9,681.0,685.1,30.2,69.3,3.7,4.6,0.8,213.6,9.6,999,0,0.0,60.0,50.6,,1.4744633678823431,-0.2674236700275995,3.21090223618296,1.3594919436465351,1.44127718578002,0.9846724484599538,0.8825536123786178,True
2021-08-09 12:08:00,649.3,42.7,602.0,610.4,614.2,30.3,68.5,3.9,4.6,0.6,215.9,10.6,999,0,0.0,59.8,50.8,,1.234377126927283,-0.4756692379987181,3.0665965658781675,1.1435201554020291,1.2172901763768451,1.1094023801584596,0.8825536123786178,True
2021-08-09 12:09:00,609.6,22.1,582.5,572.5,576.0,30.3,68.1,3.0,4.1,0.7,174.4,6.5,999,0,0.0,59.0,50.5,,1.1144850040855738,-0.5543822416722051,2.9437161916011614,1.0275806260186475,1.0966088821709037,0.5481176875151833,0.636141097862664,False
2021-08-09 12:10:00,576.9,6.1,566.4,539.0,542.3,30.4,67.3,2.4,2.9,0.4,187.3,10.4,999,0,0.0,58.6,50.3,,1.0157325502587753,-0.6155185552050105,2.842261113351941,0.925101094769484,0.9901439707902688,0.1739278924196656,0.0447510630243752,False
2021-08-09 12:11:00,556.8,2.5,549.9,520.9,524.1,30.5,67.9,2.4,3.1,0.5,211.5,12.1,999,0,0.0,58.4,50.3,,0.9550315006588164,-0.6292742257498918,2.738285412040628,0.8697315569900851,0.9326466002523596,0.1739278924196656,0.1433160688307568,False
2021-08-09 12:12:00,527.0,2.6,520.4,495.0,498.4,30.3,68.4,2.1,2.9,0.6,214.6,12.1,999,0,0.0,57.4,50.0,,0.8650369097096242,-0.6288921237903118,2.552389461211311,0.7905011134272991,0.8514552583389378,-0.013167005128093,0.0447510630243752,False
2021-08-09 12:13:00,502.2,2.3,495.9,473.7,477.1,30.3,69.5,2.7,3.4,0.5,184.0,13.7,999,0,0.0,56.5,49.6,,0.7901420823425108,-0.6300384296690518,2.3980012986581496,0.7253424860957414,0.7841643796324834,0.3610227899674246,0.2911635775403289,False
2021-08-09 12:14:00,511.7,1.6,506.8,486.1,489.5,30.6,68.2,2.8,3.4,0.6,180.0,9.6,999,0,0.0,55.9,49.3,,0.8188316331484614,-0.6327131433861121,2.4666882771001686,0.7632752081103572,0.8233384123066634,0.4233877558166773,0.2911635775403289,False
2021-08-09 12:15:00,591.4,41.4,543.9,568.8,572.8,30.8,68.0,2.9,4.1,0.7,193.3,16.1,999,0,0.0,55.5,49.0,,1.0595218646468052,-0.4806365634732585,2.7004760661092417,1.0162619912239637,1.086499454384018,0.4857527216659302,0.636141097862664,False
2021-08-09 12:16:00,937.0,336.3,587.4,896.0,901.0,31.0,66.7,2.5,3.9,0.8,195.2,17.1,999,0,0.0,56.1,49.1,,2.1032175234401245,0.646182115328262,2.974593824111794,2.017196397932211,2.123347641776429,0.2362928582689186,0.5375760920562827,False
2021-08-09 12:17:00,670.0,95.7,566.7,622.9,626.9,31.0,65.6,3.0,3.9,0.5,198.6,13.9,999,0,0.0,57.9,49.9,,1.2968901481570914,-0.2731551994213,2.8441515806485107,1.18175878646515,1.2574119679060456,0.5481176875151833,0.5375760920562827,False
2021-08-09 12:18:00,565.8,15.5,545.4,533.3,536.7,30.9,66.0,3.1,4.1,0.6,201.8,14.9,999,0,0.0,58.3,50.4,,0.9822110751065593,-0.5796009710044874,2.709928402592088,0.9076642790047008,0.97245247216322,0.6104826533644362,0.636141097862664,False
2021-08-09 12:19:00,536.9,8.3,522.9,509.5,512.4,30.9,66.3,2.4,3.1,0.6,226.0,16.6,999,0,0.0,57.9,50.6,,0.8949344416021411,-0.6071123120942498,2.5681433553493886,0.8348579254605191,0.8956840049065604,0.1739278924196656,0.1433160688307568,False
2021-08-09 12:20:00,518.1,5.6,509.7,493.1,496.3,30.6,66.8,3.3,4.1,0.6,214.8,12.8,999,0,0.0,56.9,50.1,,0.8381593305335232,-0.6174290650029107,2.4849627943003387,0.7846888415057048,0.8448209463537945,0.735212585062942,0.636141097862664,False
2021-08-09 12:21:00,505.0,1.7,500.5,480.2,483.5,30.5,68.0,3.7,4.9,0.9,185.3,8.8,999,0,0.0,55.8,49.5,,0.7985979499484754,-0.6323310414265321,2.426988463872213,0.7452265742485642,0.8043832352062537,0.9846724484599538,1.0304011210881905,False
2021-08-09 12:22:00,508.7,1.4,503.5,482.9,486.3,30.6,67.7,4.3,5.4,0.9,190.5,7.9,999,0,0.0,55.0,49.0,,0.8097717749992138,-0.6334773473052722,2.4458931368379058,0.7534861185581981,0.8132289845197783,1.3588622435554711,1.2768136356041442,False
2021-08-09 12:23:00,526.7,2.0,520.2,498.1,501.4,30.7,66.9,4.3,5.6,0.8,186.2,11.3,999,0,0.0,54.4,48.5,,0.8641309238946996,-0.631184735547792,2.551129149680265,0.799984293930953,0.8609328468891426,1.3588622435554711,1.3753786414105251,False
2021-08-09 12:24:00,566.3,14.2,548.7,533.1,536.6,30.8,67.2,3.5,4.1,0.4,181.0,8.9,999,0,0.0,54.1,48.1,,0.9837210514647672,-0.5845682964790279,2.730723542854351,0.9070524609076912,0.9721365525448796,0.8599425167614478,0.636141097862664,False
2021-08-09 12:25:00,654.8,76.0,573.0,624.3,628.6,30.9,66.3,3.1,4.1,0.8,192.3,17.5,999,0,0.0,54.3,48.0,,1.25098686686757,-0.3484292854585667,2.8838513938764665,1.1860415131442197,1.2627826014178285,0.6104826533644362,0.636141097862664,False
2021-08-09 12:26:00,895.0,278.1,605.3,855.0,861.0,30.9,66.4,3.1,3.9,0.5,182.1,12.4,999,0,0.0,55.4,48.3,,1.9763795093506584,0.4237987748526822,3.08739170614043,1.8917736880451752,1.9969797944403644,0.6104826533644362,0.5375760920562827,True
2021-08-09 12:27:00,912.0,278.4,618.9,855.0,860.0,30.9,66.9,2.9,3.9,0.5,194.3,19.5,999,0,0.0,57.6,49.3,,2.027718705529728,0.4249450807314221,3.173092890251573,1.8917736880451752,1.993820598256963,0.4857527216659302,0.5375760920562827,True
2021-08-09 12:28:00,633.4,60.0,565.8,594.3,598.7,30.9,67.3,2.4,3.4,0.6,201.5,20.1,999,0,0.0,58.7,50.1,,1.186359878736271,-0.4095655989913722,2.838480178758802,1.0942687985927295,1.1683226355341203,0.1739278924196656,0.2911635775403289,False
2021-08-09 12:29:00,555.1,4.4,547.3,530.9,534.1,30.8,68.2,3.7,4.6,0.6,190.6,22.9,999,0,0.0,58.3,50.3,,0.9498975810409096,-0.6220142885178711,2.7219013621370274,0.9003224618405817,0.9642385620863756,0.9846724484599538,0.8825536123786178,False
2021-08-09 12:30:00,746.1,111.2,625.9,715.1,717.9,31.0,67.1,3.0,3.9,0.6,206.2,14.0,999,0,0.0,58.0,50.3,,1.5267085498763378,-0.2139293956863947,3.2172037938381903,1.4638069291867284,1.544898820595593,0.5481176875151833,0.5375760920562827,True
2021-08-09 12:31:00,718.0,75.9,630.1,670.5,675.4,30.9,66.9,3.5,4.6,0.7,205.7,13.4,999,0,0.0,58.2,50.5,,1.4418478785450524,-0.3488113874181467,3.2436703359901617,1.3273714935535137,1.4106329828010242,0.8599425167614478,0.8825536123786178,True
2021-08-09 12:32:00,845.0,174.8,657.3,798.3,803.0,30.6,67.0,3.6,5.1,0.8,219.8,9.7,999,0,0.0,58.2,50.4,,1.8253818735298657,0.0290874506065069,3.415072704212447,1.7183232575428595,1.8137464158030707,0.9223074826107008,1.1289661268945714,True
2021-08-09 12:33:00,936.0,270.4,647.9,868.0,873.0,30.4,67.8,3.4,4.4,0.7,209.4,12.8,999,0,0.0,59.1,50.8,,2.1001975707237084,0.3943769239650194,3.355838062253275,1.9315418643508209,2.034890148641184,0.797577550912195,0.7839886065722367,True
2021-08-09 12:34:00,884.0,249.2,617.2,824.0,830.0,30.4,68.8,3.5,5.6,1.1,188.0,14.7,999,0,0.0,60.3,51.4,,1.943160029470084,0.3133713085340522,3.1623802422376803,1.796941883008636,1.8990447127549144,0.8599425167614478,1.3753786414105251,True
2021-08-09 12:35:00,745.0,139.9,591.7,696.3,702.3,30.7,67.5,4.9,6.4,0.8,190.7,7.0,999,0,0.0,61.1,52.0,,1.5233866018882802,-0.1042661332869249,3.001690522029288,1.4062960280677947,1.4956153601345277,1.7330520386509891,1.7696386646360516,True
2021-08-09 12:36:00,777.6,172.7,589.8,731.9,738.1,30.8,67.2,4.4,5.1,0.5,197.3,10.9,999,0,0.0,61.3,52.2,,1.6218370604434371,0.0210633094553261,2.989717562484348,1.5151996493355626,1.6087145835003058,1.4212272094047245,1.1289661268945714,False
2021-08-09 12:37:00,783.5,156.6,613.0,738.6,744.1,30.9,67.3,3.3,4.4,0.6,203.5,18.0,999,0,0.0,61.2,52.2,,1.6396547814702906,-0.0404551060370593,3.13591370008571,1.5356955555853955,1.6276697606007156,0.735212585062942,0.7839886065722367,True
2021-08-09 12:38:00,944.0,285.9,641.0,892.0,897.0,30.8,67.2,3.3,4.6,0.8,200.1,18.5,999,0,0.0,61.1,52.1,,2.1243571924550357,0.4536027276999246,3.3123573144321803,2.004960035992013,2.1107108570428226,0.735212585062942,0.8825536123786178,True
2021-08-09 12:39:00,734.4,89.9,632.8,680.3,687.1,30.7,67.1,3.0,4.6,0.9,186.4,12.6,999,0,0.0,61.7,52.3,,1.491375103094272,-0.295317113076942,3.2606845416592853,1.3573505803070005,1.4475955781468233,0.5481176875151833,0.8825536123786178,True
2021-08-09 12:40:00,948.0,284.3,646.0,890.0,897.0,30.8,66.7,2.7,3.4,0.4,189.8,12.9,999,0,0.0,61.9,52.8,,2.1364370033206987,0.4474890963466442,3.343865102708336,1.9988418550219127,2.1107108570428226,0.3610227899674246,0.2911635775403289,True
2021-08-09 12:41:00,983.0,322.7,640.9,918.0,924.0,30.9,66.7,2.7,3.9,0.7,207.1,26.4,999,0,0.0,63.4,53.8,,2.2421353483952537,0.5942162488253773,3.311727158666657,2.0844963886033034,2.1960091539946665,0.3610227899674246,0.5375760920562827,True
2021-08-09 12:42:00,1076.0,418.8,635.5,1001.0,1006.0,30.9,67.2,3.6,4.9,0.6,223.8,12.8,999,0,0.0,64.8,54.8,,2.522990951021928,0.96141623198179,3.2776987473284094,2.338400898862425,2.4550632410335997,0.9223074826107008,1.0304011210881905,True
2021-08-09 12:43:00,971.0,334.2,616.9,910.0,915.0,30.7,68.2,3.7,4.9,0.7,220.8,12.9,999,0,0.0,64.9,55.1,,2.2058959157982634,0.6381579741770812,3.160489774941111,2.060023664722906,2.167576388344052,0.9846724484599538,1.0304011210881905,True
2021-08-09 12:44:00,941.0,314.5,608.7,885.0,890.0,30.6,67.7,3.8,4.6,0.6,205.6,12.7,999,0,0.0,64.9,55.1,,2.115297334305788,0.5628838881398145,3.1088170021682164,1.9835464025966647,2.0885964837590114,1.0470374143092065,0.8825536123786178,True
2021-08-09 12:45:00,1089.0,456.9,610.1,1024.0,1029.0,30.6,67.3,3.4,4.4,0.6,194.3,10.3,998,0,0.0,65.3,55.4,,2.562250336335334,1.1069970785817829,3.11763918288554,2.408759980018567,2.5277247532518365,0.797577550912195,0.7839886065722367,True
2021-08-09 12:46:00,971.0,339.7,612.5,911.0,916.0,30.8,66.5,2.4,4.1,0.7,201.3,14.7,998,0,0.0,66.4,56.1,,2.2058959157982634,0.659173581953983,3.1327629212580943,2.063082755207956,2.1707355845274536,0.1739278924196656,0.636141097862664,True
2021-08-09 12:47:00,1091.0,448.5,619.8,1023.0,1029.0,30.9,66.3,2.3,4.4,0.9,194.8,23.1,998,0,0.0,67.6,57.1,,2.5682902417681657,1.0749005139770602,3.1787642921412806,2.405700889533517,2.5277247532518365,0.1115629265704126,0.7839886065722367,True
2021-08-09 12:48:00,923.0,284.5,619.4,858.0,862.0,31.1,66.8,4.6,5.4,0.5,185.0,11.8,998,0,0.0,68.8,58.0,,2.0609381854103024,0.4482533002658043,3.1762436690791884,1.900950959500324,2.0001389906237663,1.5459571411032298,1.2768136356041442,True
2021-08-09 12:49:00,830.0,187.1,626.1,781.4,784.4,31.5,65.1,4.2,5.4,0.7,178.0,11.4,998,0,0.0,68.7,58.1,,1.780082582783628,0.0760859916348511,3.218464105369237,1.6666246283455206,1.7549853667918005,1.2964972777062185,1.2768136356041442,True
2021-08-09 12:50:00,834.0,201.6,615.3,777.0,780.0,31.8,63.8,4.5,6.2,1.0,185.4,10.0,998,0,0.0,68.0,57.6,,1.7921623936492914,0.131490775773956,3.1504072826927407,1.653164630211302,1.7410849035848337,1.4835921752539771,1.67107365882967,True
2021-08-09 12:51:00,846.0,218.9,609.4,797.7,801.0,31.9,62.6,3.6,4.4,0.5,183.9,8.2,998,0,0.0,67.2,57.1,,1.8284018262462816,0.1975944147813019,3.1132280925268776,1.71648780325183,1.8074280234362676,0.9223074826107008,0.7839886065722367,True
2021-08-09 12:52:00,975.0,325.5,629.1,915.0,919.0,31.6,63.4,3.3,3.9,0.6,184.5,14.2,998,0,0.0,66.9,57.0,,2.217975726663927,0.6049151036936182,3.2373687783349308,2.075319117148154,2.180213173077658,0.735212585062942,0.5375760920562827,True
2021-08-09 12:53:00,770.0,128.0,630.0,728.2,731.4,31.5,64.5,4.2,6.2,1.3,182.2,9.1,998,0,0.0,66.9,57.0,,1.5988854197986766,-0.149736266476949,3.2430401802246385,1.503881014540879,1.5875479690715149,1.2964972777062185,1.67107365882967,True
2021-08-09 12:54:00,806.0,159.1,633.5,762.3,766.5,31.5,64.5,4.6,5.9,0.8,189.9,6.7,998,0,0.0,65.8,56.4,,1.7076037175896477,-0.0309025570475584,3.2650956320179474,1.6081960000810718,1.6984357551089115,1.5459571411032298,1.523226150120098,True
2021-08-09 12:55:00,758.0,140.4,606.0,708.1,711.7,31.5,64.0,3.6,5.1,0.9,192.2,15.5,998,0,0.0,65.4,56.1,,1.5626459872016865,-0.1023556234890247,3.091802796499092,1.442393295791381,1.525311804258503,0.9223074826107008,1.1289661268945714,True
2021-08-09 12:56:00,704.9,96.8,599.6,668.6,671.2,31.6,63.5,4.6,5.9,0.7,182.4,6.3,998,0,0.0,64.8,55.9,,1.4022864979600045,-0.2689520778659197,3.0514728275056133,1.3215592216319194,1.3973643588307376,1.5459571411032298,1.523226150120098,True
2021-08-09 12:57:00,829.0,172.5,644.1,779.4,782.1,31.7,63.4,3.8,4.9,0.9,181.2,19.3,998,0,0.0,64.3,55.4,,1.777062630067212,0.0202991055361661,3.331892143163397,1.6605064473754214,1.747719215569977,1.0470374143092065,1.0304011210881905,True
2021-08-09 12:58:00,898.0,214.2,668.3,845.0,849.0,31.8,62.5,3.1,3.9,0.6,184.1,8.6,998,0,0.0,64.2,55.0,,1.985439367499906,0.1796356226810403,3.4843898384199887,1.8611827831946783,1.9590694402395448,0.6104826533644362,0.5375760920562827,True
2021-08-09 12:59:00,1088.0,379.7,688.9,1016.0,1023.0,31.7,63.1,2.5,3.9,0.6,192.6,26.3,998,0,0.0,65.2,55.3,,2.5592303836189183,0.8120143657859967,3.614201926117749,2.38428725613817,2.5087695761514266,0.2362928582689186,0.5375760920562827,True
2021-08-09 13:00:00,1012.0,298.4,694.3,945.0,951.0,31.4,64.6,5.1,6.4,0.8,211.1,9.6,998,0,0.0,66.6,56.0,,2.329713977171313,0.5013654726474289,3.648230337455997,2.1670918316996444,2.2813074509465103,1.8577819703494944,1.7696386646360516,True
2021-08-09 13:01:00,1028.0,308.2,700.2,967.0,973.0,31.2,64.6,3.8,4.6,0.8,210.4,10.1,998,0,0.0,66.4,56.0,,2.378033220633967,0.5388114646862723,3.685409527621861,2.2343918223707364,2.350809766981346,1.0470374143092065,0.8825536123786178,True
2021-08-09 13:02:00,930.0,210.0,702.6,869.0,874.0,31.0,65.8,3.6,4.1,0.5,208.4,14.5,998,0,0.0,66.6,56.3,,2.082077854425213,0.1635873403786789,3.700533265994416,1.9346009548358705,2.0380493448245858,0.9223074826107008,0.636141097862664,True
2021-08-09 13:03:00,935.0,217.5,700.4,878.0,882.0,30.9,66.7,4.1,5.6,0.8,211.8,10.8,998,0,0.0,66.0,56.1,,2.0971776180072927,0.1922449873471814,3.6866698391529065,1.9621327692013173,2.0633229142917986,1.2341323118569651,1.3753786414105251,True
2021-08-09 13:04:00,851.0,141.5,696.0,795.9,799.1,30.8,65.8,3.3,4.1,0.5,216.5,8.8,998,0,0.0,65.3,55.7,,1.8435015898283609,-0.0981525019336444,3.65894298546989,1.710981440378741,1.8014255506878043,0.735212585062942,0.636141097862664,True
2021-08-09 13:05:00,934.0,227.0,690.0,867.0,871.0,30.8,66.8,3.3,4.4,0.7,217.7,15.2,998,0,0.0,65.1,55.6,,2.0941576652908767,0.2285446735072847,3.621133639538504,1.928482773865771,2.028571756274381,0.735212585062942,0.7839886065722367,True
2021-08-09 13:06:00,794.0,98.6,683.0,739.5,741.8,31.1,66.9,3.8,5.1,0.8,213.1,12.9,998,0,0.0,64.7,55.4,,1.671364284992657,-0.262074242593479,3.577022735951886,1.53844873702194,1.6204036093788916,1.0470374143092065,1.1289661268945714,True
2021-08-09 13:07:00,804.0,112.1,680.3,758.2,760.6,31.1,65.1,3.5,4.4,0.6,215.1,9.7,998,0,0.0,63.8,54.8,,1.7015638121568155,-0.2104904780501744,3.560008530282761,1.5956537290923685,1.6797964976268422,0.8599425167614478,0.7839886065722367,True
2021-08-09 13:08:00,855.0,166.4,674.7,790.2,791.7,31.1,65.2,3.1,4.9,0.9,194.4,22.5,998,0,0.0,63.8,54.5,,1.8555814006940243,-0.0030091139982159,3.524719807413468,1.6935446246139576,1.7780474989306323,0.6104826533644362,1.0304011210881905,True
2021-08-09 13:09:00,709.5,34.9,665.2,658.9,658.6,31.1,65.2,3.1,4.6,0.9,200.2,25.1,998,0,0.0,63.8,54.2,,1.4161782804555176,-0.5054731908459608,3.464855009688773,1.2918860439269375,1.3575584869198771,0.6104826533644362,0.8825536123786178,True
2021-08-09 13:10:00,712.6,42.6,659.1,665.0,664.1,31.2,65.0,4.2,5.6,0.8,205.2,14.7,998,0,0.0,63.2,53.8,,1.4255401338764069,-0.4760513399582981,3.4264155079918632,1.310546495885741,1.374934065928586,1.2964972777062185,1.3753786414105251,True
2021-08-09 13:11:00,754.0,89.4,652.6,702.8,701.3,31.4,64.5,3.8,4.9,0.7,190.4,16.0,998,0,0.0,62.7,53.4,,1.550566176336023,-0.2972276228748421,3.385455383232861,1.4261801162206176,1.492456163951126,1.0470374143092065,1.0304011210881905,True
2021-08-09 13:12:00,694.6,42.3,643.9,646.7,644.1,31.4,63.8,3.0,4.6,0.9,192.3,12.3,998,0,0.0,62.4,53.0,,1.3711809849809211,-0.4771976458370382,3.3306318316323504,1.254565140009332,1.3117501422605535,0.5481176875151833,0.8825536123786178,True
2021-08-09 13:13:00,655.2,16.6,632.2,611.0,607.7,31.3,64.3,3.7,4.6,0.5,216.7,10.0,998,0,0.0,61.9,52.4,,1.2521948479541367,-0.575397849449107,3.256903607066147,1.1453556096930593,1.1967554011847348,0.9846724484599538,0.8825536123786178,True
2021-08-09 13:14:00,633.9,9.9,617.9,591.6,587.8,31.1,64.3,4.2,5.4,0.6,221.6,12.9,998,0,0.0,61.0,51.7,,1.1878698550944788,-0.6009986807409692,3.166791332596342,1.086009254283096,1.1338873971350425,1.2964972777062185,1.2768136356041442,True
2021-08-09 13:15:00,621.6,6.0,609.7,581.4,577.3,30.9,65.6,3.1,4.4,0.8,236.8,13.0,998,0,0.0,59.8,50.9,,1.150724436682564,-0.6159006571645905,3.1151185598234474,1.0548065313355892,1.1007158372093253,0.6104826533644362,0.7839886065722367,True
2021-08-09 13:16:00,641.6,25.2,608.9,600.0,595.7,30.8,67.0,3.8,6.2,1.2,209.5,27.4,998,0,0.0,58.3,50.0,,1.211123491010881,-0.5425370809252241,3.110077313699262,1.111705614357513,1.158845046983915,1.0470374143092065,1.67107365882967,True
2021-08-09 13:17:00,626.4,10.5,609.4,585.1,580.2,31.0,66.5,3.3,4.9,1.0,209.3,15.8,998,0,0.0,57.3,49.2,,1.16522020972136,-0.598706068983489,3.1132280925268776,1.066125166130273,1.1098775061411903,0.735212585062942,1.0304011210881905,True
2021-08-09 13:18:00,616.9,5.4,604.7,575.9,571.1,31.1,66.3,3.7,4.6,0.5,210.3,17.5,998,0,0.0,56.7,48.8,,1.1365306589154094,-0.6181932689220707,3.083610771547292,1.0379815336678162,1.0811288208722356,0.9846724484599538,0.8825536123786178,True
2021-08-09 13:19:00,615.9,6.4,602.4,575.4,571.0,31.1,65.0,3.5,4.4,0.5,205.6,16.2,998,0,0.0,56.3,48.4,,1.1335107061989935,-0.6143722493262704,3.06911718894026,1.0364519884252914,1.0808129012538952,0.8599425167614478,0.7839886065722367,True
2021-08-09 13:20:00,624.5,13.6,604.0,583.6,579.3,30.8,65.6,3.8,4.6,0.5,230.7,8.3,998,0,0.0,55.9,48.0,,1.15948229956017,-0.586860908236508,3.07919968118863,1.061536530402699,1.1070342295761286,1.0470374143092065,0.8825536123786178,True
2021-08-09 13:21:00,625.5,9.4,610.3,584.6,579.9,30.6,66.5,4.1,4.9,0.5,229.9,6.4,998,0,0.0,55.1,47.4,,1.1625022522765858,-0.6029091905388694,3.1188994944165853,1.0645956208877485,1.1089297472861697,1.2341323118569651,1.0304011210881905,True
2021-08-09 13:22:00,635.0,10.7,618.8,593.6,588.7,30.5,67.2,3.4,4.6,0.7,210.3,14.1,998,0,0.0,54.4,46.9,,1.1911918030825364,-0.597941865064329,3.1724627344860497,1.0921274352531951,1.1367306737001042,0.797577550912195,0.8825536123786178,True
2021-08-09 13:23:00,675.1,37.2,630.5,633.1,628.3,30.5,66.4,2.3,3.4,0.6,218.5,10.6,998,0,0.0,54.3,46.7,,1.3122919070108123,-0.49668484577562,3.246190959052254,1.212961509412657,1.261834842562808,0.1115629265704126,0.2911635775403289,True
2021-08-09 13:24:00,676.8,33.6,634.9,631.3,626.4,30.6,66.7,3.2,4.4,0.7,193.5,19.9,998,0,0.0,55.2,47.1,,1.3174258266287189,-0.5104405163205012,3.2739178127352706,1.207455146539567,1.2558323698143448,0.6728476192136892,0.7839886065722367,True
2021-08-09 13:25:00,653.1,13.3,632.8,609.9,604.5,30.8,65.8,3.1,4.1,0.5,185.1,9.3,998,0,0.0,56.0,47.5,,1.2458529472496631,-0.588007214115248,3.2606845416592853,1.1419906101595043,1.1866459733978494,0.6104826533644362,0.636141097862664,True
2021-08-09 13:26:00,654.6,14.1,633.3,611.8,606.5,31.2,64.4,3.5,5.4,0.9,187.2,11.0,998,0,0.0,56.7,47.9,,1.2503828763242872,-0.5849503984386079,3.263835320486901,1.1478028820810988,1.1929643657646527,0.8599425167614478,1.2768136356041442,True
2021-08-09 13:27:00,675.4,27.9,640.5,632.5,627.5,31.4,64.0,3.9,5.4,1.1,197.5,15.7,998,0,0.0,57.2,48.2,,1.3131978928257368,-0.532220328016563,3.309206535604565,1.2111260551216267,1.2593074856160866,1.1094023801584596,1.2768136356041442,True
2021-08-09 13:28:00,767.9,108.7,650.0,721.9,717.9,31.6,63.2,2.9,4.4,0.9,195.2,17.1,998,0,0.0,57.8,48.7,,1.5925435190942032,-0.2234819446758955,3.36907133332926,1.484608744485066,1.544898820595593,0.4857527216659302,0.7839886065722367,True
2021-08-09 13:29:00,928.0,256.4,658.0,865.0,862.0,31.5,63.4,3.7,5.1,0.8,188.9,17.9,998,0,0.0,59.2,49.4,,2.076037948992381,0.3408826496238146,3.419483794571109,1.922364592895672,2.0001389906237663,0.9846724484599538,1.1289661268945714,True
2021-08-09 13:30:00,755.4,83.4,661.4,704.3,700.0,31.6,63.9,2.1,3.4,0.7,201.3,18.5,998,0,0.0,60.4,50.3,,1.5547941101390053,-0.3201537404496442,3.440909090598894,1.430768751948192,1.488349208912704,-0.013167005128093,0.2911635775403289,True
2021-08-09 13:31:00,774.4,97.3,666.0,725.5,721.2,31.8,63.6,3.3,4.9,1.0,227.9,11.7,998,0,0.0,61.1,51.0,,1.6121732117509064,-0.2670415680680195,3.4698962558129574,1.495621470231245,1.5553241680008183,0.735212585062942,1.0304011210881905,True
2021-08-09 13:32:00,815.0,133.4,669.8,763.2,759.0,31.4,64.5,3.0,4.1,0.6,222.7,13.6,998,0,0.0,60.9,51.1,,1.73478329203739,-0.1291027606596271,3.493842174902835,1.610949181517617,1.6747417837333995,0.5481176875151833,0.636141097862664,True
2021-08-09 13:33:00,819.0,139.4,668.0,762.6,758.2,31.2,64.8,2.8,3.6,0.6,236.9,14.3,998,0,0.0,60.8,51.2,,1.7468631029030537,-0.1061766430848251,3.48249937112342,1.6091137272265874,1.6722144267866783,0.4233877558166773,0.3897285833467105,True
2021-08-09 13:34:00,806.0,123.5,670.2,750.3,745.3,30.9,64.7,2.9,3.4,0.5,258.6,20.4,998,0,0.0,60.6,51.3,,1.7076037175896477,-0.1669308546580505,3.4963627979649283,1.571486914260476,1.6314607960207972,0.4857527216659302,0.2911635775403289,True
2021-08-09 13:35:00,785.1,102.1,672.2,732.1,726.9,30.8,66.3,3.3,4.4,0.6,237.8,13.3,998,0,0.0,60.7,51.6,,1.6444867058165562,-0.2487006740081778,3.5089659132753903,1.515811467432573,1.5733315862462074,0.735212585062942,0.7839886065722367,True
2021-08-09 13:36:00,811.0,126.3,674.3,761.3,756.3,30.9,66.8,2.9,4.1,0.7,208.2,17.9,998,0,0.0,60.5,51.5,,1.7227034811717268,-0.1562319997898096,3.522199184351375,1.6051369095960222,1.666211954038215,0.4857527216659302,0.636141097862664,True
2021-08-09 13:37:00,973.0,290.1,671.2,912.0,909.0,31.1,65.2,3.0,4.6,0.7,221.6,14.0,998,0,0.0,61.0,51.9,,2.211935821231095,0.4696510100022862,3.5026643556201598,2.0661418456930054,2.148621211243642,0.5481176875151833,0.8825536123786178,True
2021-08-09 13:38:00,871.0,196.8,663.5,809.0,805.0,31.3,64.4,2.8,3.9,0.7,204.9,13.6,998,0,0.0,62.0,52.8,,1.903900644156678,0.1131498817141144,3.45414236167488,1.751055525732891,1.8200648081698736,0.4233877558166773,0.5375760920562827,True
2021-08-09 13:39:00,816.0,151.5,656.5,762.7,758.2,31.4,64.3,3.3,5.1,1.0,196.9,11.9,998,0,0.0,62.7,53.6,,1.737803244753806,-0.059942305975641,3.410031458088262,1.609419636275092,1.6722144267866783,0.735212585062942,1.1289661268945714,True
2021-08-09 13:40:00,746.6,88.0,649.4,698.8,694.5,31.5,62.6,3.0,3.9,0.7,210.3,20.1,998,0,0.0,62.9,54.1,,1.5282185262345458,-0.3025770503089626,3.3652903987361213,1.413943754280419,1.470973629903995,0.5481176875151833,0.5375760920562827,True
2021-08-09 13:41:00,692.7,44.5,640.1,647.3,645.0,31.4,63.2,2.7,3.6,0.5,212.1,17.8,998,0,0.0,62.7,54.2,,1.3654430748197313,-0.4687914027262774,3.306685912542473,1.2564005943003616,1.314593418825615,0.3610227899674246,0.3897285833467105,True
2021-08-09 13:42:00,783.6,131.4,642.7,737.3,737.0,31.2,64.3,4.0,4.9,0.7,215.6,9.7,998,0,0.0,62.1,53.9,,1.6399567767419323,-0.1367447998512278,3.3230699624460733,1.5317187379548307,1.605239467698564,1.1717673460077125,1.0304011210881905,True
2021-08-09 13:43:00,784.6,134.7,640.0,736.0,734.4,31.3,63.1,4.2,5.4,0.6,230.2,17.8,998,0,0.0,61.9,53.6,,1.6429767294583482,-0.1241354351850867,3.3060557567769493,1.527741920324266,1.5970255576217196,1.2964972777062185,1.2768136356041442,True
2021-08-09 13:44:00,699.5,72.7,617.8,650.7,646.1,31.3,62.9,3.9,4.4,0.4,234.5,7.4,998,0,0.0,61.1,53.0,,1.385978753291359,-0.3610386501247078,3.1661611768308187,1.266801501949531,1.3180685346273568,1.1094023801584596,0.7839886065722367,True
2021-08-09 13:45:00,631.1,20.4,603.5,588.8,582.7,31.0,62.5,3.5,4.6,0.7,233.4,8.3,998,0,0.0,59.6,51.9,,1.1794139874885146,-0.5608779749850656,3.0760489023610145,1.0774438009249567,1.1177754965996944,0.8599425167614478,0.8825536123786178,True
2021-08-09 13:46:00,645.5,44.1,593.8,605.3,598.7,30.8,64.0,2.1,2.9,0.5,242.6,12.4,998,0,0.0,58.4,51.0,,1.2229013066049028,-0.4703198105645976,3.0149237931052726,1.127918793928276,1.1683226355341203,-0.013167005128093,0.0447510630243752,True
2021-08-09 13:47:00,618.6,34.1,577.3,577.0,569.9,30.8,65.0,3.6,4.9,0.8,234.8,8.2,998,0,0.0,57.5,50.7,,1.1416645785333164,-0.508530006522601,2.91094809179396,1.041346533201371,1.0773377854521535,0.9223074826107008,1.0304011210881905,False
2021-08-09 13:48:00,588.3,11.6,569.8,552.1,544.9,30.6,65.1,3.3,4.1,0.6,234.5,8.8,998,0,0.0,56.4,49.9,,1.050160011225916,-0.5945029474281087,2.8636864093797265,0.9651751801236346,0.998357880867113,0.735212585062942,0.636141097862664,False
2021-08-09 13:49:00,603.1,25.3,570.4,563.2,556.2,30.6,67.0,2.9,3.9,0.6,221.0,16.1,998,0,0.0,55.3,49.1,,1.0948553114288708,-0.5421549789656439,2.8674673439728653,0.9991310845076856,1.0340567977395514,0.4857527216659302,0.5375760920562827,False
2021-08-09 13:50:00,586.3,6.7,572.7,547.1,540.2,30.8,66.2,2.8,3.9,0.6,223.5,12.5,998,0,0.0,54.9,48.9,,1.0441201057930842,-0.6132259434475303,2.881960926579897,0.9498797276983862,0.9835096588051256,0.4233877558166773,0.5375760920562827,False
2021-08-09 13:51:00,660.2,74.4,577.5,618.0,612.7,31.1,64.8,3.4,4.1,0.4,213.4,10.4,998,0,0.0,54.7,48.8,,1.267294611536216,-0.3545429168118472,2.912208403325006,1.166769243088407,1.2125513821017428,0.797577550912195,0.636141097862664,False
2021-08-09 13:52:00,644.9,63.4,573.0,601.2,596.7,31.2,63.1,2.8,3.9,0.6,219.5,11.9,998,0,0.0,55.0,49.0,,1.2210893349750531,-0.396574132365651,2.8838513938764665,1.115376522939573,1.162004243167317,0.4233877558166773,0.5375760920562827,False
2021-08-09 13:53:00,593.9,21.5,565.0,554.8,551.3,31.1,63.4,2.9,3.6,0.6,227.2,12.1,998,0,0.0,55.3,49.1,,1.0670717464378447,-0.5566748534296853,2.8334389326346177,0.9734347244332684,1.018576736440883,0.4857527216659302,0.3897285833467105,False
2021-08-09 13:54:00,581.3,7.9,566.4,543.8,540.7,30.9,63.5,3.4,4.1,0.6,230.2,8.4,997,0,0.0,55.2,49.0,,1.029020342211005,-0.6086407199325699,2.842261113351941,0.939784729097722,0.9850892568968264,0.797577550912195,0.636141097862664,False
2021-08-09 13:55:00,605.2,17.7,581.2,566.3,563.7,30.8,62.9,3.4,3.9,0.4,229.2,6.4,998,0,0.0,54.8,48.5,,1.1011972121333442,-0.5711947278937266,2.935524166649361,1.0086142650113394,1.0577507691150636,0.797577550912195,0.5375760920562827,False
2021-08-09 13:56:00,631.6,27.7,597.5,589.9,587.1,30.8,63.8,3.0,3.9,0.5,208.8,10.1,998,0,0.0,54.4,48.2,,1.1809239638467226,-0.5329845319357233,3.038239556429628,1.0808088004585117,1.1316759598066617,0.5481176875151833,0.5375760920562827,True
2021-08-09 13:57:00,708.0,84.9,615.4,660.6,657.8,30.9,65.0,3.1,3.9,0.5,237.8,14.7,998,0,0.0,54.8,48.4,,1.4116483513808935,-0.3144222110559437,3.151037438458264,1.2970864977515222,1.3550311299731557,0.6104826533644362,0.5375760920562827,True
2021-08-09 13:58:00,800.0,171.9,621.2,746.1,743.4,31.1,63.7,2.7,3.6,0.6,221.0,14.4,998,0,0.0,55.1,48.6,,1.6894840012911525,0.0180064937786859,3.1875864728586047,1.558638734223268,1.625458323272334,0.3610227899674246,0.3897285833467105,True
2021-08-09 13:59:00,805.0,188.6,608.6,748.8,746.1,31.1,62.6,3.7,4.9,0.8,234.7,13.8,997,0,0.0,56.2,49.4,,1.7045837648732316,0.0818175210285516,3.108186846402693,1.5668982785329015,1.6339881529675186,0.9846724484599538,1.0304011210881905,True
2021-08-09 14:00:00,700.9,91.5,601.7,649.3,646.2,31.1,62.3,3.8,4.6,0.5,235.6,7.1,997,0,0.0,56.4,49.8,,1.390206687094341,-0.2892034817236614,3.0647060985815986,1.262518775270461,1.318384454245697,1.0470374143092065,0.8825536123786178,True
2021-08-09 14:01:00,707.5,84.2,616.0,659.4,656.8,30.9,62.6,3.1,4.4,0.5,242.7,11.1,997,0,0.0,55.7,49.6,,1.410138375022686,-0.3170969247730039,3.154818373051403,1.2934155891694623,1.351871933789754,0.6104826533644362,0.7839886065722367,True
2021-08-09 14:02:00,831.0,191.3,632.9,768.9,766.5,30.9,63.3,3.6,4.6,0.7,243.6,8.3,997,0,0.0,55.4,49.7,,1.7831025355000438,0.0921342739372125,3.2613146974248086,1.6283859972824,1.6984357551089115,0.9223074826107008,0.8825536123786178,True
2021-08-09 14:03:00,814.0,183.4,624.9,752.0,749.4,30.8,64.9,2.9,4.1,0.7,230.6,14.9,997,0,0.0,55.3,49.8,,1.731763339320974,0.0619482191303898,3.21090223618296,1.5766873680850606,1.6444135003727438,0.4857527216659302,0.636141097862664,True
2021-08-09 14:04:00,622.4,34.1,584.3,577.8,573.6,31.0,63.5,3.7,4.4,0.5,229.7,7.1,997,0,0.0,55.3,50.0,,1.1531403988556963,-0.508530006522601,2.9550589953805773,1.0437938055894105,1.0890268113307395,0.9846724484599538,0.7839886065722367,False
2021-08-09 14:05:00,933.0,331.8,597.0,862.0,859.0,30.9,63.5,3.9,4.6,0.4,223.0,10.1,997,0,0.0,55.1,49.8,,2.091137712574461,0.6289875271471604,3.035088777602012,1.9131873214405224,1.9906614020735611,1.1094023801584596,0.8825536123786178,True
2021-08-09 14:06:00,663.4,73.1,582.0,606.4,602.1,30.8,63.9,3.9,5.6,0.8,238.3,14.5,997,0,0.0,55.6,50.0,,1.2769584602287465,-0.3595102422863877,2.940565412773546,1.1312837934618307,1.1790639025576857,1.1094023801584596,1.3753786414105251,False
2021-08-09 14:07:00,794.1,211.6,576.7,735.4,732.3,30.8,64.7,4.4,5.1,0.6,231.0,11.1,997,0,0.0,55.2,49.7,,1.6716662802642988,0.1697009717319594,2.907167157200821,1.5259064660332364,1.590391245636576,1.4212272094047245,1.1289661268945714,False
2021-08-09 14:08:00,990.0,409.5,579.9,917.0,914.0,30.9,62.9,3.3,4.4,0.6,221.1,8.8,997,0,0.0,55.4,49.8,,2.263275017410165,0.9258807497408468,2.9273321416975606,2.081437298118254,2.1644171921606503,0.735212585062942,0.7839886065722367,False
2021-08-09 14:09:00,1113.0,548.3,570.5,1026.0,1024.0,30.9,64.2,2.9,4.1,0.6,241.9,14.1,997,0,0.0,56.5,50.8,,2.6347292015293147,1.456238269637934,2.868097499738389,2.4148781609886663,2.5119287723348283,0.4857527216659302,0.636141097862664,False
2021-08-09 14:10:00,1253.0,714.8,552.5,1156.0,1155.0,31.0,64.2,3.3,3.9,0.5,241.2,7.9,997,0,0.0,57.6,52.1,,3.0575225818275342,2.092438032338691,2.754669461944229,2.8125599240451216,2.92578347236044,0.735212585062942,0.5375760920562827,True
2021-08-09 14:11:00,1324.0,813.0,532.3,1218.0,1217.0,31.0,62.9,2.2,3.1,0.6,225.6,10.7,997,0,0.0,58.7,53.6,,3.2719392246930594,2.467662156646284,2.6273779973085607,3.0022235341182,3.1216536357313407,0.0491979607211599,0.1433160688307568,True
2021-08-09 14:12:00,1214.0,710.4,522.6,1111.0,1110.0,31.0,62.8,2.5,2.9,0.4,256.5,14.9,997,0,0.0,60.7,55.5,,2.939744425887316,2.0756255461171693,2.56625288805282,2.674900852217887,2.7836196441073677,0.2362928582689186,0.0447510630243752,False
2021-08-09 14:13:00,1169.0,679.1,507.8,1079.0,1078.0,31.1,63.6,2.6,3.4,0.6,222.6,24.0,997,0,0.0,61.8,56.8,,2.8038465536486026,1.9560276327686188,2.4729898347554,2.577009956696298,2.682525366238516,0.2986578241181716,0.2911635775403289,False
2021-08-09 14:14:00,1072.0,588.9,498.0,981.0,979.0,31.6,61.8,3.3,4.4,0.7,213.9,9.7,997,0,0.0,62.8,57.8,,2.5109111401562645,1.611371665227428,2.411234569734135,2.277219089161432,2.3697649440817554,0.735212585062942,0.7839886065722367,False
2021-08-09 14:15:00,1077.0,601.3,492.4,993.0,992.0,32.0,59.9,2.2,3.1,0.7,211.8,9.9,997,0,0.0,64.0,58.9,,2.526010903738344,1.658752308215352,2.3759458468648407,2.313928174982028,2.4108344944659765,0.0491979607211599,0.1433160688307568,False
2021-08-09 14:16:00,915.0,434.6,490.5,846.0,845.0,32.0,60.3,2.6,3.6,0.6,244.9,16.0,997,0,0.0,65.0,60.0,,2.0367785636789755,1.0217883415954354,2.363972887319902,1.864241873679728,1.9464326555059384,0.2986578241181716,0.3897285833467105,False
2021-08-09 14:17:00,896.0,414.0,493.2,827.0,826.0,31.7,61.8,2.2,3.4,0.6,247.0,15.5,997,0,0.0,64.5,60.0,,1.9793994620670743,0.9430753379219484,2.3809870929890256,1.806119154463785,1.886407928021308,0.0491979607211599,0.2911635775403289,False
2021-08-09 14:18:00,923.0,440.8,494.6,858.0,857.0,31.5,62.5,2.6,3.1,0.5,249.0,21.0,997,0,0.0,63.6,59.4,,2.0609381854103024,1.0454786630893975,2.3898092737063497,1.900950959500324,1.984343009706758,0.2986578241181716,0.1433160688307568,False
2021-08-09 14:19:00,855.0,373.7,490.5,777.6,777.0,31.6,62.1,4.2,5.4,1.1,233.2,10.1,997,0,0.0,62.8,58.9,,1.8555814006940243,0.7890882482111946,2.363972887319902,1.6550000845023325,1.7316073150346285,1.2964972777062185,1.2768136356041442,False
2021-08-09 14:20:00,760.1,282.0,484.2,693.5,693.2,31.5,59.9,3.5,3.9,0.4,211.1,9.9,997,0,0.0,61.5,57.4,,1.5689878879061598,0.4387007512763034,2.324273074091946,1.3977305747096558,1.4668666748655732,0.8599425167614478,0.5375760920562827,False
2021-08-09 14:21:00,713.1,240.7,476.9,657.9,657.8,31.5,60.8,4.0,4.9,0.6,228.2,9.5,997,0,0.0,60.9,56.5,,1.4270501102346147,0.2808926419697493,2.278271703208759,1.288826953441888,1.3550311299731557,1.1717673460077125,1.0304011210881905,False
2021-08-09 14:22:00,913.0,451.1,476.3,838.0,838.0,31.4,62.8,3.2,4.1,0.6,236.3,14.7,997,0,0.0,60.1,55.5,,2.030738658246144,1.0848351649261412,2.2744907686156206,1.839769149799331,1.9243182822221276,0.6728476192136892,0.636141097862664,False
2021-08-09 14:23:00,953.0,490.7,478.5,872.0,873.0,31.5,62.5,3.5,4.1,0.5,251.8,5.1,997,0,0.0,59.4,54.8,,2.151536766902778,1.2361475409198346,2.2883541954571287,1.9437782262910197,2.034890148641184,0.8599425167614478,0.636141097862664,False
2021-08-09 14:24:00,848.0,372.9,487.1,783.1,784.0,31.4,63.2,3.2,3.9,0.5,251.9,11.0,997,0,0.0,58.6,54.3,,1.8344417316791133,0.7860314325345543,2.3425475912921163,1.6718250821701053,1.75372168831844,0.6728476192136892,0.5375760920562827,False
2021-08-09 14:25:00,922.0,438.3,500.6,852.0,853.0,31.2,63.8,2.9,3.6,0.5,259.6,11.5,997,0,0.0,57.5,53.9,,2.0579182326938863,1.0359261140998968,2.427618619637736,1.8825964165900264,1.971706224973152,0.4857527216659302,0.3897285833467105,False
2021-08-09 14:26:00,1190.0,722.4,504.1,1102.0,1103.0,31.2,64.0,2.6,3.1,0.4,254.6,9.8,997,0,0.0,56.6,53.9,,2.8672655606933355,2.1214777812667736,2.449674071431045,2.64736903785244,2.761505270823556,0.2986578241181716,0.1433160688307568,False
2021-08-09 14:27:00,1063.0,605.1,490.6,980.0,980.0,31.2,62.5,2.0,2.6,0.5,273.5,14.9,997,0,0.0,56.7,54.6,,2.483731565708522,1.6732721826793937,2.364603043085425,2.274159998676382,2.372924140265157,-0.075531970977346,-0.1030964456851969,False
2021-08-09 14:28:00,1032.0,575.8,486.3,955.0,956.0,31.0,63.2,1.6,2.6,0.5,283.3,9.3,997,0,0.0,57.2,55.5,,2.3901130314996304,1.5613163085224433,2.3375063451679314,2.197682736550141,2.297103431863518,-0.3249918343743577,-0.1030964456851969,False
2021-08-09 14:29:00,1216.0,791.9,468.3,1118.0,1118.0,31.1,64.5,3.4,4.6,0.8,275.0,10.6,997,0,0.0,58.0,56.3,,2.9457843313201475,2.387038643174897,2.224078307373772,2.6963144856132346,2.8088932135745805,0.797577550912195,0.8825536123786178,False
2021-08-09 14:30:00,1196.0,791.8,450.9,1098.0,1096.0,31.3,64.6,2.6,3.9,0.7,256.1,11.9,997,0,0.0,58.3,56.3,,2.8853852769918307,2.386656541215317,2.114431204172751,2.6351326759122418,2.739390897539745,0.2986578241181716,0.5375760920562827,False
2021-08-09 14:31:00,1201.0,802.0,449.7,1102.0,1100.0,31.5,63.9,3.4,4.4,0.7,246.0,13.6,997,0,0.0,58.6,56.7,,2.9004850405739098,2.425630941092481,2.1068693349864738,2.64736903785244,2.752027682273351,0.797577550912195,0.7839886065722367,False
2021-08-09 14:32:00,1197.0,792.5,456.0,1098.0,1097.0,31.6,65.0,3.2,4.1,0.6,243.3,12.5,997,0,0.0,59.1,57.2,,2.8884052297082463,2.3893312549323773,2.1465691482144296,2.6351326759122418,2.742550093723146,0.6728476192136892,0.636141097862664,False
2021-08-09 14:33:00,1199.0,781.7,468.9,1100.0,1099.0,31.7,63.8,3.9,4.4,0.5,238.3,8.7,997,0,0.0,59.5,57.5,,2.894445135141078,2.348064243297734,2.2278592419669105,2.641250856882341,2.748868486089949,1.1094023801584596,0.7839886065722367,False
2021-08-09 14:34:00,1190.0,766.1,475.4,1093.0,1091.0,31.6,63.3,4.0,4.9,0.6,257.5,6.0,997,0,0.0,59.9,57.6,,2.8672655606933355,2.2884563376032485,2.2688193667259124,2.6198372234869933,2.7235949166227367,1.1717673460077125,1.0304011210881905,False
2021-08-09 14:35:00,1044.0,613.9,470.6,961.0,960.0,31.5,64.0,4.2,4.9,0.5,242.6,6.7,997,0,0.0,59.3,57.3,,2.4263524640966208,1.7068971551224363,2.238571889980804,2.216037279460439,2.309740216597125,1.2964972777062185,1.0304011210881905,False
2021-08-09 14:36:00,1116.0,695.7,465.7,1025.0,1025.0,31.4,62.5,3.0,3.9,0.7,249.8,11.5,997,0,0.0,58.4,56.6,,2.643789059678562,2.0194565580589043,2.207694257470171,2.4118190705036167,2.51508796851823,0.5481176875151833,0.5375760920562827,False
2021-08-09 14:37:00,808.0,371.9,458.9,747.0,746.4,31.3,63.6,2.4,3.1,0.6,236.1,16.3,997,0,0.0,58.1,56.5,,1.7136436230224792,0.7822104129387539,2.1648436654146,1.5613919156598124,1.634935911822539,0.1739278924196656,0.1433160688307568,False
2021-08-09 14:38:00,803.0,364.3,460.4,744.4,743.9,31.3,61.6,2.2,3.4,0.5,232.6,14.5,997,0,0.0,57.5,56.1,,1.6985438594404,0.7531706640106716,2.174296001897446,1.5534382803986833,1.627037921364035,0.0491979607211599,0.2911635775403289,False
2021-08-09 14:39:00,741.2,300.3,457.6,687.3,687.4,31.3,63.4,2.9,4.1,0.7,221.4,8.5,997,0,0.0,56.8,55.9,,1.5119107815659003,0.5086254098794497,2.1566516404628,1.378764213702348,1.4485433370018437,0.4857527216659302,0.636141097862664,False
2021-08-09 14:40:00,481.0,59.1,422.6,444.9,444.5,31.6,62.1,2.3,3.9,0.8,231.0,11.5,997,0,0.0,55.7,55.4,,0.7261190847544948,-0.4130045166275925,1.9360971225297117,0.6372406801263113,0.6811745840535905,0.1115629265704126,0.5375760920562827,False
2021-08-09 14:41:00,468.0,65.6,404.4,439.4,438.6,31.4,62.0,1.9,2.6,0.4,220.3,8.9,997,0,0.0,54.4,54.3,,0.6868596994410887,-0.3881678892548903,1.8214087732045052,0.6204156824585382,0.6625353265715211,-0.137896936826599,-0.1030964456851969,False
2021-08-09 14:42:00,394.0,16.6,375.0,367.3,366.7,31.4,63.2,3.1,4.6,0.9,222.1,15.2,997,0,0.0,53.4,53.5,,0.4633831984263155,-0.575397849449107,1.6361429781407115,0.399855258486458,0.4353891209849447,0.6104826533644362,0.8825536123786178,False
2021-08-09 14:43:00,363.2,3.7,356.2,342.7,341.1,31.3,63.3,1.6,2.9,0.8,236.5,9.1,997,0,0.0,52.0,52.0,,0.3703686547607072,-0.6246890022349314,1.5176736942223672,0.3246016325542364,0.3545136986898634,-0.3249918343743577,0.0447510630243752,False
2021-08-09 14:44:00,344.7,1.9,339.7,326.8,324.7,31.3,62.9,0.2,1.1,0.4,227.2,19.7,997,0,0.0,50.9,51.0,,0.3144995295070139,-0.631566837507372,1.4136979929110545,0.275962093841947,0.3027028812820767,-1.198101356263899,-0.8423339892330581,False
2021-08-09 14:45:00,339.0,2.1,333.8,323.7,321.3,31.4,62.0,1.0,1.3,0.4,218.4,29.0,997,0,0.0,50.5,50.5,,0.2972857990234435,-0.6308026335882119,1.3765188027451911,0.266478913338293,0.2919616142585113,-0.6991816294698753,-0.7437689834266766,False
2021-08-09 14:46:00,340.8,0.9,336.5,326.6,324.2,31.6,62.6,1.8,2.4,0.6,226.1,17.5,997,0,0.0,50.2,50.0,,0.3027217139129921,-0.6353878571031722,1.393533008414315,0.2753502757449371,0.3011232831903759,-0.2002619026758518,-0.2016614514915785,False
2021-08-09 14:47:00,353.0,0.5,348.3,338.1,335.1,31.4,62.7,3.4,4.1,0.5,217.0,14.0,997,0,0.0,49.4,49.2,,0.3395651370532655,-0.6369162649414924,1.467891388746042,0.3105298163230081,0.3355585215894536,0.797577550912195,0.636141097862664,False
2021-08-09 14:48:00,365.1,1.1,360.6,346.6,342.9,31.3,63.0,2.9,3.4,0.4,229.8,6.5,997,0,0.0,48.4,48.1,,0.3761065649218974,-0.6346236531840123,1.5454005479053845,0.3365320854459302,0.3602002518199861,0.4857527216659302,0.2911635775403289,False
2021-08-09 14:49:00,364.8,0.8,360.9,343.3,339.0,31.3,63.2,2.6,3.1,0.5,246.0,10.2,997,0,0.0,47.8,47.2,,0.3752005791069726,-0.6357699590627524,1.5472910152019532,0.3264370868452663,0.3478793867047199,0.2986578241181716,0.1433160688307568,False
2021-08-09 14:50:00,355.6,0.5,351.8,332.7,328.1,31.2,62.1,2.0,2.9,0.6,263.1,12.6,997,0,0.0,47.0,46.4,,0.3474170141159468,-0.6369162649414924,1.4899468405393506,0.2940107277037398,0.3134441483056423,-0.075531970977346,0.0447510630243752,False
2021-08-09 14:51:00,354.1,0.9,350.1,330.5,326.0,31.0,62.4,1.6,1.9,0.4,263.8,5.6,997,0,0.0,46.2,45.4,,0.342887085041323,-0.6353878571031722,1.479234192525458,0.2872807286366307,0.3068098363204988,-0.3249918343743577,-0.4480739660075322,False
2021-08-09 14:52:00,363.5,9.1,352.5,340.0,336.7,31.0,63.0,1.8,2.4,0.4,245.6,13.7,997,0,0.0,45.6,44.7,,0.371274640575632,-0.6040554964176096,1.4943579308980124,0.3163420882446024,0.3406132354828961,-0.2002619026758518,-0.2016614514915785,False
2021-08-09 14:53:00,457.6,93.2,370.0,430.3,427.8,31.1,63.9,3.7,5.1,1.0,248.7,16.3,997,0,0.0,45.2,44.4,,0.6554521911903639,-0.2827077484108009,1.6046351898645563,0.5925779590445864,0.6284160077907837,0.9846724484599538,1.1289661268945714,False
2021-08-09 14:54:00,665.8,316.9,376.1,617.0,615.6,31.1,64.8,3.7,4.6,0.5,254.4,6.0,997,0,0.0,44.8,44.3,,1.2842063467481446,0.5720543351697353,1.643074691561466,1.163710152603357,1.2217130510336076,0.9846724484599538,0.8825536123786178,False
2021-08-09 14:55:00,613.0,271.6,364.3,564.8,563.7,31.1,64.1,3.1,4.1,0.6,240.9,17.3,997,0,0.0,44.7,44.4,,1.1247528433213876,0.39896214747998,1.568716311229739,1.004025629283765,1.0577507691150636,0.6104826533644362,0.636141097862664,False
2021-08-09 14:56:00,607.6,280.9,352.4,565.0,563.1,31.1,62.4,2.6,3.1,0.4,213.6,9.1,997,0,0.0,44.9,44.6,,1.108445098652742,0.434497629720923,1.493727775132489,1.004637447380775,1.0558552514050226,0.2986578241181716,0.1433160688307568,False
2021-08-09 14:57:00,824.0,519.9,355.6,753.6,752.1,31.2,62.5,2.7,4.4,0.8,221.0,9.3,997,0,0.0,45.8,45.4,,1.7619628664851328,1.3477213131172043,1.5138927596292289,1.5815819128611404,1.6529433300679284,0.3610227899674246,0.7839886065722367,False
2021-08-09 14:58:00,791.0,470.0,368.6,721.6,720.4,31.4,60.2,3.0,4.1,0.7,229.4,9.9,997,0,0.0,47.1,46.5,,1.6623044268434095,1.1570524352867677,1.595813009147233,1.4836910173395512,1.552796811054097,0.5481176875151833,0.636141097862664,False
2021-08-09 14:59:00,656.5,309.6,376.1,593.6,595.3,31.5,61.5,2.3,3.1,0.4,240.4,13.1,997,0,0.0,48.1,47.4,,1.256120786485477,0.544160892120393,1.643074691561466,1.0921274352531951,1.1575813685105545,0.1115629265704126,0.1433160688307568,False
2021-08-09 15:00:00,613.2,271.6,369.4,546.0,545.6,31.4,62.2,2.1,2.6,0.4,225.5,14.7,997,0,0.0,48.7,48.0,,1.125356833864671,0.39896214747998,1.6008542552714176,0.9465147281648316,1.0005693181954942,-0.013167005128093,-0.1030964456851969,False
2021-08-09 15:01:00,370.7,21.3,348.6,337.3,336.5,31.3,63.4,2.4,3.1,0.5,215.5,13.6,997,0,0.0,49.1,48.1,,0.3930183001338261,-0.5574390573488454,1.4697818560426112,0.3080825439349683,0.3399813962462158,0.1739278924196656,0.1433160688307568,False
2021-08-09 15:02:00,455.8,118.4,350.9,422.8,420.7,31.4,62.3,2.1,2.6,0.4,201.8,13.8,997,0,0.0,49.4,48.0,,0.6500162763008154,-0.1864180545966322,1.4842754386496424,0.569634780406714,0.6059857148886321,-0.013167005128093,-0.1030964456851969,False
2021-08-09 15:03:00,630.6,307.7,358.8,573.9,572.6,31.6,62.7,1.3,2.4,0.5,225.0,10.1,997,0,0.0,50.0,48.1,,1.1779040111303067,0.5369009548883722,1.5340577441259682,1.0318633526977168,1.085867615147338,-0.5120867319221165,-0.2016614514915785,False
2021-08-09 15:04:00,746.0,469.6,334.1,666.2,665.5,31.5,63.4,3.0,4.4,0.8,211.5,12.7,997,0,0.0,50.3,48.3,,1.526406554604696,1.1555240274484475,1.3784092700417605,1.3142174044678003,1.3793569405853483,0.5481176875151833,0.7839886065722367,False
2021-08-09 15:05:00,724.2,483.2,302.7,620.3,620.0,31.6,62.7,2.6,3.4,0.5,213.1,6.6,997,0,0.0,50.8,48.8,,1.4605715853868306,1.207489893951332,1.1805403596675044,1.1738051512040208,1.2356135142405746,0.2986578241181716,0.2911635775403289,False
2021-08-09 15:06:00,271.7,1.6,269.3,230.8,227.9,31.6,62.1,2.0,2.9,0.5,199.7,18.8,997,0,0.0,50.6,48.8,,0.0940429812086565,-0.6327131433861121,0.9700683339827862,-0.01771059272282,-0.0031073092711998,-0.075531970977346,0.0447510630243752,False
2021-08-09 15:07:00,266.2,1.0,263.2,224.1,221.4,31.6,62.0,2.4,2.9,0.4,192.7,18.8,997,0,0.0,49.8,48.0,,0.0774332412683693,-0.6350057551435923,0.9316288322858765,-0.0382064989726527,-0.0236420844633103,0.1739278924196656,0.0447510630243752,False
2021-08-09 15:08:00,259.6,1.2,256.1,216.7,214.0,31.7,62.3,1.6,1.9,0.5,241.7,12.8,997,0,0.0,48.8,47.0,,0.0575015533400248,-0.6342415512244323,0.886887772933736,-0.0608437685620202,-0.0470201362204823,-0.3249918343743577,-0.4480739660075322,False
2021-08-09 15:09:00,252.3,0.9,248.8,209.7,207.3,31.6,63.6,2.1,2.6,0.6,244.0,24.8,997,0,0.0,47.8,46.1,,0.035455898510189,-0.6353878571031722,0.840886402050549,-0.0822574019573678,-0.0681867506492731,-0.013167005128093,-0.1030964456851969,False
2021-08-09 15:10:00,241.6,0.9,238.1,199.6,197.0,31.4,62.8,1.8,2.4,0.4,239.8,4.4,997,0,0.0,46.8,45.0,,0.0031424044445393,-0.6353878571031722,0.7734597351395764,-0.1131542158563693,-0.1007264713383098,-0.2002619026758518,-0.2016614514915785,False
2021-08-09 15:11:00,226.9,1.0,223.4,186.0,183.4,31.2,63.3,1.8,2.1,0.4,226.6,14.0,997,0,0.0,45.6,43.9,,-0.0412509004867736,-0.6350057551435923,0.6808268376076796,-0.1547578464530446,-0.1436915394325718,-0.2002619026758518,-0.3495089602011506,False
2021-08-09 15:12:00,211.5,0.8,208.8,172.5,170.4,31.0,63.5,1.5,1.9,0.4,200.4,19.9,997,0,0.0,44.7,43.0,,-0.0877581723195778,-0.6357699590627524,0.5888240958413058,-0.196055568001215,-0.1847610898167929,-0.3873568002236106,-0.4480739660075322,False
2021-08-09 15:13:00,194.6,0.5,192.5,159.8,158.2,31.1,62.8,1.1,1.9,0.5,163.2,11.2,997,0,0.0,44.2,42.3,,-0.1387953732270057,-0.6369162649414924,0.486108706061039,-0.2349060171613456,-0.2233032832542927,-0.6368166636206223,-0.4480739660075322,False
2021-08-09 15:14:00,186.1,0.4,184.4,154.9,153.0,31.1,62.5,1.6,2.1,0.4,174.9,14.1,997,0,0.0,43.8,41.8,,-0.1644649713165405,-0.6372983669010724,0.4350660890536673,-0.2498955605380889,-0.239731103407981,-0.3249918343743577,-0.3495089602011506,False
2021-08-09 15:15:00,181.2,0.5,179.2,152.1,150.1,31.2,62.4,1.7,2.4,0.4,196.0,22.6,997,0,0.0,43.3,41.3,,-0.1792627396269782,-0.6369162649414924,0.4022979892464656,-0.258461013896228,-0.2488927723398457,-0.2626268685251048,-0.2016614514915785,False
2021-08-09 15:16:00,180.9,0.2,178.4,153.2,151.3,31.4,62.8,2.6,4.1,0.6,238.9,12.5,997,0,0.0,42.8,40.9,,-0.1801687254419029,-0.6380625708202325,0.3972567431222808,-0.2550960143626734,-0.2451017369197637,0.2986578241181716,0.636141097862664,False
2021-08-09 15:17:00,184.2,0.1,181.5,157.1,155.4,31.2,63.5,2.8,3.4,0.4,218.0,9.6,997,0,0.0,42.1,40.3,,-0.1702028814777306,-0.6384446727798126,0.4167915718534971,-0.2431655614709797,-0.2321490325678172,0.4233877558166773,0.2911635775403289,False
2021-08-09 15:18:00,185.0,0.4,182.2,158.7,157.3,31.1,62.3,2.1,2.9,0.4,225.3,5.4,997,0,0.0,41.4,39.7,,-0.1677869193045979,-0.6372983669010724,0.4212026622121588,-0.2382710166949003,-0.226146559819354,-0.013167005128093,0.0447510630243752,False
2021-08-09 15:19:00,195.1,1.6,191.3,168.9,168.1,31.0,63.0,1.8,2.6,0.5,211.1,21.8,997,0,0.0,41.0,39.3,,-0.1372853968687978,-0.6327131433861121,0.4785468368747618,-0.2070682937473937,-0.1920272410386166,-0.2002619026758518,-0.1030964456851969,False
2021-08-09 15:20:00,290.4,100.8,202.7,263.5,263.4,31.1,62.4,0.6,1.6,0.6,181.9,3.8,997,0,0.0,40.8,39.1,,0.150516097005633,-0.2536679994827183,0.550384594144396,0.0823216661383037,0.1090441552395574,-0.9486414928668868,-0.5959214747171043,False
2021-08-09 15:21:00,748.8,645.7,210.0,675.9,677.3,31.2,62.5,0.4,1.3,0.6,208.5,22.5,997,0,0.0,41.2,39.6,,1.5348624222106604,1.8284055782688875,0.596385965027583,1.3438905821727818,1.416635455549487,-1.073371424565393,-0.7437689834266766,False
2021-08-09 15:22:00,786.5,702.0,202.1,691.2,691.3,31.2,61.9,0.8,1.3,0.5,235.7,12.0,997,0,0.0,42.5,41.1,,1.6487146396195382,2.0435289815124467,0.5466036595512574,1.3906946665940418,1.46086420211711,-0.8239115611683812,-0.7437689834266766,False
2021-08-09 15:23:00,262.2,75.7,198.2,232.7,233.0,31.3,62.1,0.8,1.3,0.6,227.7,13.5,997,0,0.0,43.8,42.5,,0.0653534304027059,-0.3495755913373068,0.5220275846958562,-0.0118983208012257,0.0130045912641483,-0.8239115611683812,-0.7437689834266766,False
2021-08-09 15:24:00,196.1,5.0,190.9,175.0,175.9,31.4,62.0,1.5,3.4,1.0,209.4,11.2,997,0,0.0,44.3,43.3,,-0.1342654441523819,-0.6197216767603909,0.4760262138126693,-0.1884078417885908,-0.167385510808084,-0.3873568002236106,0.2911635775403289,False
2021-08-09 15:25:00,194.4,3.0,190.6,175.4,176.1,31.4,61.3,2.3,3.4,0.8,216.4,3.6,997,0,0.0,44.0,43.2,,-0.1393993637702889,-0.6273637159519916,0.4741357465160999,-0.187184205594571,-0.1667536715714037,0.1115629265704126,0.2911635775403289,False
2021-08-09 15:26:00,198.0,3.9,193.4,180.1,180.6,31.2,62.3,2.6,3.6,0.7,209.4,12.2,997,0,0.0,43.4,42.7,,-0.1285275339911918,-0.6239247983157713,0.491780107950747,-0.1728064803148376,-0.1525372887460964,0.2986578241181716,0.3897285833467105,False
2021-08-09 15:27:00,199.7,3.6,195.4,183.2,183.7,31.1,62.0,2.3,2.9,0.4,206.3,8.3,997,0,0.0,42.8,42.1,,-0.1233936143732849,-0.6250711041945114,0.5043832232612092,-0.1633232998111837,-0.1427437805775514,0.1115629265704126,0.0447510630243752,False
2021-08-09 15:28:00,201.7,2.4,198.2,185.3,185.8,31.1,61.6,1.5,1.9,0.4,211.5,6.4,997,0,0.0,42.3,41.5,,-0.1173537089404532,-0.6296563277094718,0.5220275846958562,-0.1568992097925793,-0.1361094685924079,-0.3873568002236106,-0.4480739660075322,False
2021-08-09 15:29:00,204.3,1.1,201.5,187.6,188.0,31.0,61.9,0.2,1.1,0.4,205.5,0.1,997,0,0.0,42.0,41.1,,-0.1095018318777719,-0.6346236531840123,0.5428227249581188,-0.1498633016769652,-0.1291592369889244,-1.198101356263899,-0.8423339892330581,False
2021-08-09 15:30:00,207.2,1.0,204.1,190.2,190.5,31.0,62.2,0.0,0.0,0.0,0.0,0.0,997,0,0.0,41.9,41.0,,-0.100743969000166,-0.6350057551435923,0.5592067748617195,-0.1419096664158361,-0.1212612465304203,-1.3228312879624045,-1.3844415211681564,False
2021-08-09 15:31:00,212.5,0.7,209.4,195.5,195.7,31.0,62.0,0.1,0.7,0.3,228.5,1.4,996,0,0.0,41.9,41.1,,-0.0847382196031619,-0.6361520610223325,0.5926050304344443,-0.1256964868450729,-0.104833426376732,-1.2604663221131516,-1.0394640008458211,False
2021-08-09 15:32:00,221.2,0.5,218.3,203.7,203.7,31.1,62.2,0.5,1.3,0.6,179.5,21.7,996,0,0.0,41.9,41.1,,-0.058464630970344,-0.6369162649414924,0.6486888935660011,-0.1006119448676657,-0.079559856909519,-1.0110064587161398,-0.7437689834266766,False
2021-08-09 15:33:00,225.8,0.3,222.9,207.5,207.2,31.2,62.5,1.9,2.6,0.5,162.4,9.8,997,0,0.0,42.0,41.1,,-0.044572848474831,-0.6376804688606524,0.677676058780064,-0.088987401024477,-0.0685026702676134,-0.137896936826599,-0.1030964456851969,False
2021-08-09 15:34:00,220.7,0.4,218.0,201.2,200.8,31.3,62.1,1.7,2.4,0.5,164.9,12.8,996,0,0.0,41.9,40.8,,-0.0599746073285519,-0.6372983669010724,0.6467984262694317,-0.1082596710802899,-0.0887215258413837,-0.2626268685251048,-0.2016614514915785,False
2021-08-09 15:35:00,215.1,0.4,213.2,195.0,194.6,31.5,61.6,2.0,2.4,0.4,175.3,10.0,996,0,0.0,41.7,40.6,,-0.0768863425404807,-0.6372983669010724,0.6165509495243224,-0.1272260320875977,-0.1083085421784737,-0.075531970977346,-0.2016614514915785,False
2021-08-09 15:36:00,211.9,0.6,210.1,190.9,190.5,31.5,60.9,1.4,1.9,0.5,181.6,7.5,996,0,0.0,41.5,40.3,,-0.0865501912330114,-0.6365341629819125,0.5970161207931061,-0.1397683030763013,-0.1212612465304203,-0.4497217660728636,-0.4480739660075322,False
2021-08-09 15:37:00,207.1,0.5,205.4,184.9,184.6,31.5,61.1,1.0,1.6,0.6,195.3,18.8,996,0,0.0,41.4,40.2,,-0.1010459642718075,-0.6369162649414924,0.56739879981352,-0.1581228459865992,-0.1399005040124899,-0.6991816294698753,-0.5959214747171043,False
2021-08-09 15:38:00,205.0,0.5,203.1,180.1,179.9,31.5,61.8,1.9,2.6,0.4,231.1,22.9,996,0,0.0,41.2,40.1,,-0.1073878649762808,-0.6369162649414924,0.5529052172064886,-0.1728064803148376,-0.1547487260744775,-0.137896936826599,-0.1030964456851969,False
2021-08-09 15:39:00,200.1,0.2,198.1,172.9,172.7,31.3,62.5,1.9,2.6,0.5,227.4,8.6,996,0,0.0,41.0,39.9,,-0.1221856332867185,-0.6380625708202325,0.521397428930333,-0.1948319318071951,-0.1774949385949692,-0.137896936826599,-0.1030964456851969,False
2021-08-09 15:40:00,194.9,0.6,192.8,165.4,164.9,31.1,63.7,0.9,1.6,0.6,222.6,12.7,996,0,0.0,40.5,39.5,,-0.1378893874120809,-0.6365341629819125,0.4879991733576084,-0.2177751104450675,-0.2021366688255018,-0.7615465953191283,-0.5959214747171043,False
2021-08-09 15:41:00,189.2,0.6,187.0,158.8,157.8,31.1,64.1,1.1,2.1,0.7,228.4,14.3,996,0,0.0,40.4,39.3,,-0.1551031178956513,-0.6365341629819125,0.4514501389572681,-0.2379651076463952,-0.2245669617276532,-0.6368166636206223,-0.3495089602011506,False
2021-08-09 15:42:00,187.0,0.3,185.0,155.0,153.4,31.1,63.2,2.3,2.6,0.4,219.2,6.1,996,0,0.0,40.2,39.1,,-0.1617470138717662,-0.6376804688606524,0.4388470236468059,-0.2495896514895839,-0.2384674249346204,0.1115629265704126,-0.1030964456851969,False
2021-08-09 15:43:00,189.0,0.5,187.6,154.6,152.2,31.0,63.5,2.8,3.4,0.4,226.1,5.7,996,0,0.0,39.8,38.7,,-0.1557071084389345,-0.6369162649414924,0.4552310735504067,-0.2508132876836039,-0.2422584603547024,0.4233877558166773,0.2911635775403289,False
2021-08-09 15:44:00,197.9,1.0,196.3,160.4,157.0,31.0,62.8,2.4,2.9,0.4,246.5,9.2,996,0,0.0,39.4,38.2,,-0.1288295292628334,-0.6350057551435923,0.5100546251509173,-0.2330705628703158,-0.2270943186743746,0.1739278924196656,0.0447510630243752,False
2021-08-09 15:45:00,257.3,55.9,211.3,216.5,214.3,30.9,63.5,2.2,2.6,0.4,239.6,8.6,996,0,0.0,39.2,37.9,,0.0505556620922683,-0.4252317793341535,0.6045779899793835,-0.0614555866590301,-0.0460723773654618,0.0491979607211599,-0.1030964456851969,False
2021-08-09 15:46:00,720.2,641.1,226.5,610.5,613.4,30.9,63.7,1.7,2.4,0.4,231.4,6.4,996,0,0.0,39.2,38.1,,1.4484917745211674,1.8108288881282055,0.7003616663388958,1.1438260644505345,1.214762819430124,-0.2626268685251048,-0.2016614514915785,False
2021-08-09 15:47:00,837.0,787.6,238.2,718.4,718.0,31.0,63.8,1.6,2.4,0.4,238.5,8.6,996,0,0.0,40.2,39.2,,1.801222251798539,2.370608258912956,0.7740898909050995,1.4739019277873922,1.5452147402139331,-0.3249918343743577,-0.2016614514915785,False
2021-08-09 15:48:00,793.3,718.6,248.4,681.9,680.9,31.1,63.3,2.4,2.9,0.4,247.3,11.0,996,0,0.0,41.5,40.9,,1.669250318091166,2.1069579068027324,0.8383657789884568,1.3622451250830798,1.4280085618097331,0.1739278924196656,0.0447510630243752,False
2021-08-09 15:49:00,768.7,659.7,268.8,664.3,662.9,31.2,62.5,2.3,2.6,0.4,236.0,16.2,996,0,0.0,42.6,42.5,,1.5949594812673362,1.8818998526100923,0.9669175551551707,1.3084051325462058,1.371143030508504,0.1115629265704126,-0.1030964456851969,False
2021-08-09 15:50:00,664.1,499.1,285.5,572.0,569.7,31.3,61.9,2.6,3.6,0.7,218.2,11.1,996,0,0.0,43.6,44.0,,1.2790724271302378,1.2682441055245577,1.0721535679975298,1.0260510807761227,1.076705946215473,0.2986578241181716,0.3897285833467105,False
2021-08-09 15:51:00,610.4,409.1,301.1,527.6,525.1,31.3,60.6,2.1,3.1,0.5,219.8,9.8,996,0,0.0,44.2,44.9,,1.1169009662587064,0.9243523419025268,1.1704578674191348,0.890227463239918,0.9358057964357612,-0.013167005128093,0.1433160688307568,False
2021-08-09 15:52:00,742.9,570.0,316.6,650.2,648.5,31.3,59.9,2.3,2.9,0.5,205.9,13.2,996,0,0.0,44.8,45.6,,1.517044701183807,1.5391543948668016,1.2681320110752166,1.265271956707006,1.3256506054675208,0.1115629265704126,0.0447510630243752,False
2021-08-09 15:53:00,661.5,447.2,326.6,573.8,571.1,31.5,59.0,2.1,2.6,0.4,231.4,12.0,996,0,0.0,45.7,46.7,,1.2712205500675566,1.0699331885025196,1.3311475876275274,1.031557443649212,1.0811288208722356,-0.013167005128093,-0.1030964456851969,False
2021-08-09 15:54:00,600.1,352.4,336.0,523.9,520.7,31.4,59.2,1.9,2.6,0.4,243.1,10.4,996,0,0.0,46.5,47.5,,1.0857954532796232,0.7077005308206473,1.3903822295866994,0.8789088284452341,0.921905333228794,-0.137896936826599,-0.1030964456851969,False
2021-08-09 15:55:00,620.8,371.9,343.2,543.9,541.1,31.4,59.7,1.8,2.4,0.4,233.8,8.1,996,0,0.0,47.0,48.0,,1.1483084745094312,0.7822104129387539,1.4357534447043632,0.9400906381462272,0.986352935370187,-0.2002619026758518,-0.2016614514915785,False
2021-08-09 15:56:00,555.8,279.5,346.5,483.6,480.2,31.4,60.6,2.0,2.9,0.6,216.3,15.5,996,0,0.0,47.2,48.4,,0.9520115479424006,0.4291482022868026,1.4565485849666258,0.7556274818977331,0.7939578878010283,-0.075531970977346,0.0447510630243752,False
2021-08-09 15:57:00,630.2,390.9,343.0,555.5,553.8,31.5,58.3,2.0,2.9,0.5,211.1,7.2,996,0,0.0,47.2,48.5,,1.1766960300437403,0.8548097852589605,1.434493133173317,0.9755760877728032,1.0264747268993872,-0.075531970977346,0.0447510630243752,False
2021-08-09 15:58:00,860.0,725.6,332.5,742.0,741.4,31.6,58.5,1.4,1.9,0.4,224.3,8.9,996,0,0.0,47.7,49.1,,1.870681164276104,2.1337050439733347,1.3683267777933907,1.5460964632345642,1.619139930905531,-0.4497217660728636,-0.4480739660075322,False
2021-08-09 15:59:00,677.8,501.5,314.2,590.7,590.2,31.6,58.8,1.0,1.6,0.5,239.8,8.6,996,0,0.0,48.4,49.9,,1.3204457793451347,1.2774145525544782,1.2530082727026617,1.0832560728465512,1.1414694679752064,-0.6991816294698753,-0.5959214747171043,False
2021-08-09 16:00:00,793.7,684.8,300.2,687.1,687.0,31.7,59.1,1.5,2.6,0.9,198.8,21.9,996,0,0.0,49.2,50.8,,1.6704582991777326,1.9778074444646805,1.1647864655294269,1.378152395605338,1.447279658528483,-0.3873568002236106,-0.1030964456851969,False
2021-08-09 16:01:00,645.3,511.1,277.3,556.2,556.0,31.8,58.5,2.1,3.1,0.6,212.6,12.2,996,0,0.0,49.7,51.3,,1.2222973160616195,1.3140963406741617,1.0204807952246349,0.9777174511123382,1.033424958502871,-0.013167005128093,0.1433160688307568,False
2021-08-09 16:02:00,540.6,393.7,256.3,468.5,468.6,31.8,58.3,1.7,3.4,1.2,182.5,15.9,996,0,0.0,49.7,51.3,,0.90610826665288,0.8655086401272014,0.8881480844647822,0.7094352155734832,0.7573112120735697,-0.2626268685251048,0.2911635775403289,False
2021-08-09 16:03:00,508.9,376.8,238.0,444.3,444.6,32.0,58.2,2.1,2.9,0.4,200.9,10.6,996,0,0.0,49.5,51.0,,0.8103757655424971,0.8009334089581758,0.7728295793740534,0.6354052258352816,0.6814905036719309,-0.013167005128093,0.0447510630243752,False
2021-08-09 16:04:00,448.5,317.4,220.7,394.5,395.0,32.3,57.4,1.5,1.9,0.4,203.7,18.4,996,0,0.0,49.2,50.7,,0.6279706214709796,0.5739648449676354,0.6638126319385556,0.4830625196798087,0.5247943729752105,-0.3873568002236106,-0.4480739660075322,False
2021-08-09 16:05:00,609.6,565.8,207.7,524.4,524.9,32.4,57.2,1.1,2.4,0.8,162.0,17.9,996,0,0.0,48.9,50.4,,1.1144850040855738,1.5231061125644398,0.5818923824205514,0.8804383736877589,0.9351739571990806,-0.6368166636206223,-0.2016614514915785,False
2021-08-09 16:06:00,513.2,453.5,192.3,450.1,450.9,32.5,57.3,2.1,2.9,0.5,171.5,9.1,996,0,0.0,48.8,50.0,,0.8233615622230855,1.094005611956062,0.4848483945299929,0.6531479506485696,0.7013934396273609,-0.013167005128093,0.0447510630243752,False
2021-08-09 16:07:00,631.3,645.0,180.4,548.3,549.5,32.8,56.1,2.4,3.4,0.6,170.6,5.0,996,0,0.0,48.4,49.3,,1.1800179780317976,1.825730864551827,0.409859858432743,0.9535506362804456,1.0128901833107604,0.1739278924196656,0.2911635775403289,False
2021-08-09 16:08:00,678.6,727.4,173.7,584.9,586.1,32.8,55.6,1.7,2.6,0.5,163.5,9.7,996,0,0.0,48.2,48.8,,1.3228617415182675,2.140582879245775,0.3676394221426946,1.065513348033263,1.1285167636232598,-0.2626268685251048,-0.1030964456851969,False
2021-08-09 16:09:00,696.5,761.3,170.9,600.5,601.8,33.0,55.1,1.3,1.9,0.5,169.6,12.9,996,0,0.0,48.4,48.8,,1.3769188951421114,2.2701154435434066,0.3499950607080477,1.1132351596000378,1.178116143702665,-0.5120867319221165,-0.4480739660075322,False
2021-08-09 16:10:00,674.3,724.1,177.3,579.2,580.5,33.0,55.2,0.4,1.1,0.5,155.7,16.4,996,0,0.0,48.7,49.2,,1.309875944837679,2.127973514579634,0.3903250297015266,1.0480765322684802,1.1108252649962107,-1.073371424565393,-0.8423339892330581,False
2021-08-09 16:11:00,385.4,293.5,183.6,337.7,337.1,33.0,55.2,0.1,0.7,0.2,122.2,2.2,996,0,0.0,49.1,49.4,,0.4374116050651391,0.4826424766280073,0.4300248429294823,0.3093061801289881,0.3418769139562569,-1.2604663221131516,-1.0394640008458211,False
2021-08-09 16:12:00,543.6,532.8,180.0,482.5,483.2,33.1,55.0,0.3,1.1,0.5,143.5,1.7,996,0,0.0,48.9,49.1,,0.9151681248021274,1.3970124659030287,0.4073392353706505,0.7522624823641784,0.8034354763512331,-1.1357363904146458,-0.8423339892330581,False
2021-08-09 16:13:00,692.3,763.8,175.3,594.6,595.7,33.2,54.8,0.0,0.0,0.0,0.0,0.0,996,0,0.0,49.1,49.2,,1.3642350937331646,2.2796679925329077,0.3777219143910645,1.095186525738245,1.158845046983915,-1.3228312879624045,-1.3844415211681564,False
2021-08-09 16:14:00,683.4,762.8,169.4,585.2,586.1,33.2,54.9,1.4,1.9,0.6,256.6,9.1,996,0,0.0,49.4,49.6,,1.3373575145570638,2.275846972937107,0.340542724225201,1.0664310751787782,1.1285167636232598,-0.4497217660728636,-0.4480739660075322,False
2021-08-09 16:15:00,679.5,763.3,167.9,580.3,581.0,33.1,55.2,1.6,3.6,1.1,184.9,29.6,996,0,0.0,49.3,49.7,,1.325579698963042,2.2777574827350078,0.3310903877423544,1.0514415318020347,1.1124048630879115,-0.3249918343743577,0.3897285833467105,False
2021-08-09 16:16:00,677.0,761.4,169.5,577.1,577.7,33.2,54.5,2.3,3.4,0.6,182.5,18.0,996,0,0.0,49.3,49.6,,1.3180298171720022,2.2704975455029865,0.3411728799907241,1.041652442249876,1.1019795156826864,0.1115629265704126,0.2911635775403289,False
2021-08-09 16:17:00,677.3,758.6,174.1,577.3,577.6,33.2,53.6,1.1,1.3,0.4,152.3,8.4,996,0,0.0,49.3,49.5,,1.318935802986927,2.259798690634746,0.370160045204787,1.0422642603468857,1.101663596064346,-0.6368166636206223,-0.7437689834266766,False
2021-08-09 16:18:00,687.4,754.3,189.4,585.7,586.1,33.3,54.0,0.9,1.9,0.7,198.7,11.1,996,0,0.0,49.7,49.9,,1.349437325422727,2.2433683063728043,0.4665738773298227,1.067960620421303,1.1285167636232598,-0.7615465953191283,-0.4480739660075322,False
2021-08-09 16:19:00,655.5,687.8,200.9,544.1,545.2,33.2,54.7,1.6,2.1,0.4,227.7,24.0,996,0,0.0,50.1,50.5,,1.2531008337690617,1.9892705032520812,0.5390417903649802,0.9407024562432372,0.9993056397221336,-0.3249918343743577,-0.3495089602011506,False
2021-08-09 16:20:00,202.7,4.3,199.6,182.7,179.1,33.0,56.4,1.4,2.1,0.4,247.3,12.6,996,0,0.0,50.0,50.5,,-0.1143337562240373,-0.6223963904774511,0.5308497654131797,-0.1648528450537085,-0.1572760830211988,-0.4497217660728636,-0.3495089602011506,False
2021-08-09 16:21:00,196.1,1.8,194.3,177.8,174.9,32.7,56.7,1.2,1.9,0.5,251.7,20.5,996,0,0.0,49.3,49.8,,-0.1342654441523819,-0.631948939466952,0.497451509840455,-0.1798423884304518,-0.1705447069914856,-0.5744516977713695,-0.4480739660075322,False
2021-08-09 16:22:00,211.9,5.1,208.2,194.0,192.0,32.4,57.0,1.4,1.9,0.4,233.6,12.8,996,0,0.0,48.1,48.7,,-0.0865501912330114,-0.6193395748008109,0.585043161248167,-0.1302851225726474,-0.1165224522553179,-0.4497217660728636,-0.4480739660075322,False
2021-08-09 16:23:00,437.8,330.6,222.8,388.7,389.6,32.1,57.5,0.8,1.3,0.6,246.6,9.7,996,0,0.0,47.2,47.8,,0.59565712740533,0.6244023036322001,0.6770459030145409,0.4653197948665206,0.5077347135848418,-0.8239115611683812,-0.7437689834266766,False
2021-08-09 16:24:00,700.4,716.7,240.2,598.5,600.1,32.1,57.9,0.1,0.7,0.4,262.3,0.0,996,0,0.0,47.1,47.6,,1.3886967107361332,2.099697969570712,0.7866930062155617,1.1071169786299384,1.1727455101908824,-1.2604663221131516,-1.0394640008458211,False
2021-08-09 16:25:00,710.8,727.8,246.4,604.1,605.8,32.1,58.1,0.0,0.0,0.0,0.0,0.0,996,0,0.0,47.5,48.2,,1.420104218986858,2.142111287084095,0.8257626636779946,1.1242478853462166,1.1907529284362717,-1.3228312879624045,-1.3844415211681564,False
2021-08-09 16:26:00,716.7,735.0,250.6,605.8,607.4,32.2,58.2,1.0,1.6,0.5,266.9,13.1,996,0,0.0,48.2,48.9,,1.4379219400137118,2.1696226281738578,0.8522292058299651,1.1294483391708008,1.195807642329714,-0.6991816294698753,-0.5959214747171043,False
2021-08-09 16:27:00,692.5,700.9,250.5,584.4,586.0,32.2,57.2,0.4,1.1,0.5,282.1,9.4,996,0,0.0,48.7,49.4,,1.364839084276448,2.039325859957066,0.8515990500644418,1.0639838027907382,1.1282008440049196,-1.073371424565393,-0.8423339892330581,False
2021-08-09 16:28:00,601.3,556.9,251.1,505.7,507.0,32.2,57.1,0.4,1.3,0.5,270.5,6.0,996,0,0.0,49.2,49.9,,1.089419396539322,1.489099038161817,0.8553799846575806,0.8232333816173304,0.8786243455161917,-1.073371424565393,-0.7437689834266766,False
2021-08-09 16:29:00,451.6,311.9,254.8,385.1,385.9,32.3,57.5,1.2,2.4,0.9,247.7,14.5,996,0,0.0,49.4,50.3,,0.6373324748918688,0.5529492371907335,0.8786957479819355,0.4543070691203419,0.4960456877062557,-0.5744516977713695,-0.2016614514915785,False
2021-08-09 16:30:00,440.4,285.6,260.5,376.6,377.5,32.3,57.0,2.4,3.6,0.6,223.2,11.4,996,0,0.0,49.1,50.0,,0.603509004468011,0.4524564218211847,0.9146146266167526,0.4283047999974199,0.4695084397656822,0.1739278924196656,0.3897285833467105,False
2021-08-09 16:31:00,457.9,305.6,266.5,388.4,389.7,32.2,56.9,2.8,3.4,0.3,235.1,4.3,996,0,0.0,48.2,49.2,,0.6563581770052885,0.5288768137371915,0.9524239725481392,0.4644020677210057,0.5080506332031819,0.4233877558166773,0.2911635775403289,False
2021-08-09 16:32:00,284.9,31.1,265.2,250.2,250.7,32.0,57.1,2.3,2.9,0.5,232.8,4.6,996,0,0.0,47.1,47.9,,0.1339063570653458,-0.519993065310002,0.9442319475963388,0.0416357626871432,0.0689223637103569,0.1115629265704126,0.0447510630243752,False
2021-08-09 16:33:00,310.5,65.0,269.6,275.3,275.9,31.9,57.8,1.9,2.6,0.5,238.9,14.3,995,0,0.0,46.1,46.8,,0.2112171466055917,-0.3904605010123704,0.9719588012793556,0.1184189338618896,0.1485341075320777,-0.137896936826599,-0.1030964456851969,False
2021-08-09 16:34:00,561.1,459.5,278.7,481.0,483.2,31.9,58.7,2.1,2.6,0.4,242.5,10.3,995,0,0.0,45.3,46.0,,0.9680172973394048,1.1169317295308638,1.0293029759419583,0.7476738466366039,0.8034354763512331,-0.013167005128093,-0.1030964456851969,False
2021-08-09 16:35:00,554.0,445.4,281.1,470.9,473.1,31.8,59.0,1.6,2.1,0.4,250.1,14.6,995,0,0.0,44.9,45.7,,0.9465756330528522,1.063055353230079,1.0444267143145132,0.7167770327376023,0.7715275948988769,-0.3249918343743577,-0.3495089602011506,False
2021-08-09 16:36:00,561.8,451.8,286.9,479.5,482.0,31.9,57.7,1.6,2.4,0.4,242.4,7.9,995,0,0.0,44.9,45.7,,0.9701312642408958,1.0875098786432014,1.080975748714853,0.7430852109090295,0.7996444409311513,-0.3249918343743577,-0.2016614514915785,False
2021-08-09 16:37:00,544.9,422.9,288.4,461.0,463.3,31.9,58.0,0.9,1.3,0.5,270.7,6.1,995,0,0.0,45.0,45.8,,0.919094063333468,0.9770824123245714,1.0904280851976995,0.6864920369356108,0.7405674723015411,-0.7615465953191283,-0.7437689834266766,False
2021-08-09 16:38:00,486.4,333.1,284.6,412.4,413.9,32.0,57.9,1.0,1.6,0.6,239.4,7.9,995,0,0.0,45.3,46.1,,0.7424268294231403,0.6339548526217009,1.066482166107822,0.5378202393621975,0.584503180841501,-0.6991816294698753,-0.5959214747171043,False
2021-08-09 16:39:00,430.1,243.6,282.3,366.0,366.7,32.1,57.7,1.3,1.6,0.3,218.6,11.6,995,0,0.0,45.4,46.4,,0.5724034914889279,0.2919735987975703,1.0519885835007905,0.3958784408558934,0.4353891209849447,-0.5120867319221165,-0.5959214747171043,False
2021-08-09 16:40:00,423.0,227.4,285.1,358.7,358.5,32.0,57.6,1.0,1.6,0.6,208.2,5.2,995,0,0.0,45.4,46.4,,0.5509618272023753,0.2300730813456048,1.0696329449354374,0.3735470803150309,0.4094837122810514,-0.6991816294698753,-0.5959214747171043,False
