Timestamp,GHI,DNI,DHI,ModA,ModB,Tamb,RH,WS,WSgust,WSstdev,WD,WDstdev,BP,Cleaning,Precipitation,TModA,TModB,Comments,GHI_z,DNI_z,DHI_z,ModA_z,ModB_z,WS_z,WSgust_z,is_outlier
2021-10-30 00:01:00,-0.7,-0.1,-0.8,0.0,0.0,21.9,99.1,0.0,0.0,0.0,0.0,0.0,1002,0,0.0,22.3,22.6,,-0.6789313250702835,-0.5327008073080017,-0.7205003995137442,-0.6867578123116703,-0.6857818394919816,-0.9248461671535724,-1.0461049901031694,False
2021-10-30 00:02:00,-0.7,-0.1,-0.8,0.0,0.0,21.9,99.2,0.0,0.0,0.0,0.0,0.0,1002,0,0.0,22.3,22.6,,-0.6789313250702835,-0.5327008073080017,-0.7205003995137442,-0.6867578123116703,-0.6857818394919816,-0.9248461671535724,-1.0461049901031694,False
2021-10-30 00:03:00,-0.7,-0.1,-0.8,0.0,0.0,21.9,99.2,0.0,0.0,0.0,0.0,0.0,1002,0,0.0,22.3,22.6,,-0.6789313250702835,-0.5327008073080017,-0.7205003995137442,-0.6867578123116703,-0.6857818394919816,-0.9248461671535724,-1.0461049901031694,False
2021-10-30 00:04:00,-0.7,0.0,-0.8,0.0,0.0,21.9,99.3,0.0,0.0,0.0,0.0,0.0,1002,0,0.1,22.3,22.6,,-0.6789313250702835,-0.5322434605015472,-0.7205003995137442,-0.6867578123116703,-0.6857818394919816,-0.9248461671535724,-1.0461049901031694,False
2021-10-30 00:05:00,-0.7,-0.1,-0.8,0.0,0.0,21.9,99.3,0.0,0.0,0.0,0.0,0.0,1002,0,0.0,22.3,22.6,,-0.6789313250702835,-0.5327008073080017,-0.7205003995137442,-0.6867578123116703,-0.6857818394919816,-0.9248461671535724,-1.0461049901031694,False
2021-10-30 00:06:00,-0.7,-0.1,-0.8,0.0,0.0,21.9,99.3,0.0,0.0,0.0,0.0,0.0,1002,0,0.0,22.3,22.7,,-0.6789313250702835,-0.5327008073080017,-0.7205003995137442,-0.6867578123116703,-0.6857818394919816,-0.9248461671535724,-1.0461049901031694,False
2021-10-30 00:07:00,-0.7,0.0,-0.8,0.0,0.0,22.0,99.4,0.1,0.7,0.2,240.4,0.0,1002,0,0.0,22.3,22.7,,-0.6789313250702835,-0.5322434605015472,-0.7205003995137442,-0.6867578123116703,-0.6857818394919816,-0.8441520160445998,-0.6132184288866446,False
2021-10-30 00:08:00,-0.7,0.0,-0.8,0.0,0.0,22.0,99.5,0.2,0.7,0.4,233.5,1.6,1002,0,0.0,22.4,22.7,,-0.6789313250702835,-0.5322434605015472,-0.7205003995137442,-0.6867578123116703,-0.6857818394919816,-0.7634578649356273,-0.6132184288866446,False
2021-10-30 00:09:00,-0.7,-0.1,-0.8,0.0,0.0,22.0,99.5,0.7,1.1,0.5,232.0,0.3,1002,0,0.0,22.4,22.7,,-0.6789313250702835,-0.5327008073080017,-0.7205003995137442,-0.6867578123116703,-0.6857818394919816,-0.3599871093907643,-0.3658546796200588,False
2021-10-30 00:10:00,-0.7,-0.1,-0.8,0.0,0.0,21.9,99.2,0.6,1.1,0.5,232.5,0.3,1002,0,0.0,22.4,22.7,,-0.6789313250702835,-0.5327008073080017,-0.7205003995137442,-0.6867578123116703,-0.6857818394919816,-0.4406812604997369,-0.3658546796200588,False
2021-10-30 00:11:00,-0.7,-0.1,-0.8,0.0,0.0,21.9,99.3,0.4,0.7,0.5,234.4,0.1,1002,0,0.1,22.4,22.7,,-0.6789313250702835,-0.5327008073080017,-0.7205003995137442,-0.6867578123116703,-0.6857818394919816,-0.602069562717682,-0.6132184288866446,False
2021-10-30 00:12:00,-0.7,-0.1,-0.8,0.0,0.0,22.0,99.4,0.7,1.1,0.5,238.1,1.3,1002,0,0.0,22.4,22.7,,-0.6789313250702835,-0.5327008073080017,-0.7205003995137442,-0.6867578123116703,-0.6857818394919816,-0.3599871093907643,-0.3658546796200588,False
2021-10-30 00:13:00,-0.7,0.0,-0.8,0.0,0.0,22.0,99.5,0.2,0.7,0.4,251.4,2.7,1002,0,0.0,22.4,22.7,,-0.6789313250702835,-0.5322434605015472,-0.7205003995137442,-0.6867578123116703,-0.6857818394919816,-0.7634578649356273,-0.6132184288866446,False
2021-10-30 00:14:00,-0.7,-0.1,-0.8,0.0,0.0,22.0,99.4,0.0,0.0,0.0,0.0,0.0,1002,0,0.0,22.4,22.7,,-0.6789313250702835,-0.5327008073080017,-0.7205003995137442,-0.6867578123116703,-0.6857818394919816,-0.9248461671535724,-1.0461049901031694,False
2021-10-30 00:15:00,-0.6,-0.1,-0.8,0.0,0.0,21.9,99.3,0.0,0.0,0.0,0.0,0.0,1002,0,0.0,22.4,22.7,,-0.6785963109335856,-0.5327008073080017,-0.7205003995137442,-0.6867578123116703,-0.6857818394919816,-0.9248461671535724,-1.0461049901031694,False
2021-10-30 00:16:00,-0.6,-0.1,-0.8,0.0,0.0,21.9,99.3,0.0,0.0,0.0,0.0,0.0,1002,0,0.0,22.4,22.7,,-0.6785963109335856,-0.5327008073080017,-0.7205003995137442,-0.6867578123116703,-0.6857818394919816,-0.9248461671535724,-1.0461049901031694,False
2021-10-30 00:17:00,-0.6,0.0,-0.8,0.0,0.0,21.9,99.3,0.0,0.0,0.0,0.0,0.0,1002,0,0.0,22.3,22.7,,-0.6785963109335856,-0.5322434605015472,-0.7205003995137442,-0.6867578123116703,-0.6857818394919816,-0.9248461671535724,-1.0461049901031694,False
2021-10-30 00:18:00,-0.6,-0.1,-0.8,0.0,0.0,21.9,99.3,0.0,0.0,0.0,0.0,0.0,1002,0,0.1,22.3,22.7,,-0.6785963109335856,-0.5327008073080017,-0.7205003995137442,-0.6867578123116703,-0.6857818394919816,-0.9248461671535724,-1.0461049901031694,False
2021-10-30 00:19:00,-0.7,-0.1,-0.8,0.0,0.0,21.9,99.2,0.0,0.0,0.0,0.0,0.0,1002,0,0.0,22.3,22.6,,-0.6789313250702835,-0.5327008073080017,-0.7205003995137442,-0.6867578123116703,-0.6857818394919816,-0.9248461671535724,-1.0461049901031694,False
2021-10-30 00:20:00,-0.7,-0.1,-0.9,0.0,0.0,21.9,99.3,0.0,0.0,0.0,0.0,0.0,1002,0,0.0,22.3,22.6,,-0.6789313250702835,-0.5327008073080017,-0.7211295444750616,-0.6867578123116703,-0.6857818394919816,-0.9248461671535724,-1.0461049901031694,False
2021-10-30 00:21:00,-0.7,-0.1,-0.9,0.0,0.0,21.9,99.3,0.0,0.0,0.0,0.0,0.0,1002,0,0.0,22.3,22.6,,-0.6789313250702835,-0.5327008073080017,-0.7211295444750616,-0.6867578123116703,-0.6857818394919816,-0.9248461671535724,-1.0461049901031694,False
2021-10-30 00:22:00,-0.7,-0.1,-0.9,0.0,0.0,21.9,99.4,0.0,0.0,0.0,0.0,0.0,1002,0,0.1,22.2,22.6,,-0.6789313250702835,-0.5327008073080017,-0.7211295444750616,-0.6867578123116703,-0.6857818394919816,-0.9248461671535724,-1.0461049901031694,False
2021-10-30 00:23:00,-0.7,-0.1,-0.9,0.0,0.0,21.9,99.4,0.0,0.0,0.0,0.0,0.0,1002,0,0.0,22.2,22.6,,-0.6789313250702835,-0.5327008073080017,-0.7211295444750616,-0.6867578123116703,-0.6857818394919816,-0.9248461671535724,-1.0461049901031694,False
2021-10-30 00:24:00,-0.7,-0.1,-0.9,0.0,0.0,21.9,99.4,0.0,0.0,0.0,0.0,0.0,1002,0,0.0,22.2,22.6,,-0.6789313250702835,-0.5327008073080017,-0.7211295444750616,-0.6867578123116703,-0.6857818394919816,-0.9248461671535724,-1.0461049901031694,False
2021-10-30 00:25:00,-0.7,-0.1,-0.9,0.0,0.0,21.9,99.4,0.0,0.0,0.0,0.0,0.0,1002,0,0.0,22.2,22.6,,-0.6789313250702835,-0.5327008073080017,-0.7211295444750616,-0.6867578123116703,-0.6857818394919816,-0.9248461671535724,-1.0461049901031694,False
2021-10-30 00:26:00,-0.7,-0.1,-0.9,0.0,0.0,21.9,99.4,0.0,0.0,0.0,0.0,0.0,1002,0,0.0,22.2,22.6,,-0.6789313250702835,-0.5327008073080017,-0.7211295444750616,-0.6867578123116703,-0.6857818394919816,-0.9248461671535724,-1.0461049901031694,False
2021-10-30 00:27:00,-0.7,-0.1,-0.9,0.0,0.0,21.9,99.4,0.0,0.0,0.0,0.0,0.0,1002,0,0.0,22.2,22.6,,-0.6789313250702835,-0.5327008073080017,-0.7211295444750616,-0.6867578123116703,-0.6857818394919816,-0.9248461671535724,-1.0461049901031694,False
2021-10-30 00:28:00,-0.7,-0.1,-0.9,0.0,0.0,21.9,99.5,0.0,0.0,0.0,0.0,0.0,1002,0,0.1,22.2,22.6,,-0.6789313250702835,-0.5327008073080017,-0.7211295444750616,-0.6867578123116703,-0.6857818394919816,-0.9248461671535724,-1.0461049901031694,False
2021-10-30 00:29:00,-0.7,-0.1,-0.9,0.0,0.0,21.9,99.5,0.0,0.0,0.0,0.0,0.0,1002,0,0.0,22.2,22.6,,-0.6789313250702835,-0.5327008073080017,-0.7211295444750616,-0.6867578123116703,-0.6857818394919816,-0.9248461671535724,-1.0461049901031694,False
2021-10-30 00:30:00,-0.7,-0.1,-0.9,0.0,0.0,22.0,99.5,0.0,0.0,0.0,0.0,0.0,1002,0,0.0,22.2,22.6,,-0.6789313250702835,-0.5327008073080017,-0.7211295444750616,-0.6867578123116703,-0.6857818394919816,-0.9248461671535724,-1.0461049901031694,False
2021-10-30 00:31:00,-0.7,-0.1,-0.9,0.0,0.0,22.0,99.5,0.0,0.0,0.0,0.0,0.0,1002,0,0.0,22.2,22.6,,-0.6789313250702835,-0.5327008073080017,-0.7211295444750616,-0.6867578123116703,-0.6857818394919816,-0.9248461671535724,-1.0461049901031694,False
2021-10-30 00:32:00,-0.7,-0.1,-0.9,0.0,0.0,21.9,99.4,0.0,0.0,0.0,0.0,0.0,1002,0,0.0,22.3,22.6,,-0.6789313250702835,-0.5327008073080017,-0.7211295444750616,-0.6867578123116703,-0.6857818394919816,-0.9248461671535724,-1.0461049901031694,False
2021-10-30 00:33:00,-0.7,-0.1,-0.9,0.0,0.0,21.9,99.3,0.0,0.0,0.0,0.0,0.0,1002,0,0.0,22.3,22.6,,-0.6789313250702835,-0.5327008073080017,-0.7211295444750616,-0.6867578123116703,-0.6857818394919816,-0.9248461671535724,-1.0461049901031694,False
2021-10-30 00:34:00,-0.7,-0.1,-0.9,0.0,0.0,21.9,99.3,0.0,0.0,0.0,0.0,0.0,1002,0,0.1,22.3,22.6,,-0.6789313250702835,-0.5327008073080017,-0.7211295444750616,-0.6867578123116703,-0.6857818394919816,-0.9248461671535724,-1.0461049901031694,False
2021-10-30 00:35:00,-0.7,-0.1,-0.8,0.0,0.0,21.9,99.3,0.0,0.0,0.0,0.0,0.0,1002,0,0.0,22.3,22.6,,-0.6789313250702835,-0.5327008073080017,-0.7205003995137442,-0.6867578123116703,-0.6857818394919816,-0.9248461671535724,-1.0461049901031694,False
2021-10-30 00:36:00,-0.7,-0.1,-0.8,0.0,0.0,21.9,99.2,0.0,0.0,0.0,0.0,0.0,1002,0,0.0,22.3,22.6,,-0.6789313250702835,-0.5327008073080017,-0.7205003995137442,-0.6867578123116703,-0.6857818394919816,-0.9248461671535724,-1.0461049901031694,False
2021-10-30 00:37:00,-0.7,-0.1,-0.8,0.0,0.0,21.9,99.3,0.0,0.0,0.0,0.0,0.0,1002,0,0.0,22.3,22.6,,-0.6789313250702835,-0.5327008073080017,-0.7205003995137442,-0.6867578123116703,-0.6857818394919816,-0.9248461671535724,-1.0461049901031694,False
2021-10-30 00:38:00,-0.7,-0.1,-0.9,0.0,0.0,21.9,99.3,0.0,0.0,0.0,0.0,0.0,1002,0,0.0,22.3,22.6,,-0.6789313250702835,-0.5327008073080017,-0.7211295444750616,-0.6867578123116703,-0.6857818394919816,-0.9248461671535724,-1.0461049901031694,False
2021-10-30 00:39:00,-0.7,-0.1,-0.8,0.0,0.0,21.9,99.3,0.0,0.0,0.0,0.0,0.0,1002,0,0.1,22.2,22.6,,-0.6789313250702835,-0.5327008073080017,-0.7205003995137442,-0.6867578123116703,-0.6857818394919816,-0.9248461671535724,-1.0461049901031694,False
2021-10-30 00:40:00,-0.7,-0.1,-0.9,0.0,0.0,21.9,99.3,0.0,0.0,0.0,0.0,0.0,1002,0,0.0,22.2,22.6,,-0.6789313250702835,-0.5327008073080017,-0.7211295444750616,-0.6867578123116703,-0.6857818394919816,-0.9248461671535724,-1.0461049901031694,False
2021-10-30 00:41:00,-0.7,-0.1,-0.9,0.0,0.0,21.9,99.3,0.0,0.0,0.0,0.0,0.0,1002,0,0.0,22.2,22.6,,-0.6789313250702835,-0.5327008073080017,-0.7211295444750616,-0.6867578123116703,-0.6857818394919816,-0.9248461671535724,-1.0461049901031694,False
2021-10-30 00:42:00,-0.7,-0.1,-0.9,0.0,0.0,21.9,99.3,0.0,0.0,0.0,0.0,0.0,1002,0,0.1,22.2,22.6,,-0.6789313250702835,-0.5327008073080017,-0.7211295444750616,-0.6867578123116703,-0.6857818394919816,-0.9248461671535724,-1.0461049901031694,False
2021-10-30 00:43:00,-0.8,-0.1,-0.9,0.0,0.0,21.9,99.4,0.0,0.0,0.0,0.0,0.0,1002,0,0.0,22.2,22.6,,-0.6792663392069817,-0.5327008073080017,-0.7211295444750616,-0.6867578123116703,-0.6857818394919816,-0.9248461671535724,-1.0461049901031694,False
2021-10-30 00:44:00,-0.8,-0.1,-0.9,0.0,0.0,21.9,99.4,0.0,0.0,0.0,0.0,0.0,1002,0,0.0,22.2,22.6,,-0.6792663392069817,-0.5327008073080017,-0.7211295444750616,-0.6867578123116703,-0.6857818394919816,-0.9248461671535724,-1.0461049901031694,False
2021-10-30 00:45:00,-0.7,0.0,-0.9,0.0,0.0,21.9,99.4,0.0,0.0,0.0,0.0,0.0,1002,0,0.0,22.2,22.6,,-0.6789313250702835,-0.5322434605015472,-0.7211295444750616,-0.6867578123116703,-0.6857818394919816,-0.9248461671535724,-1.0461049901031694,False
2021-10-30 00:46:00,-0.8,0.0,-0.9,0.0,0.0,21.9,99.4,0.0,0.0,0.0,0.0,0.0,1002,0,0.1,22.2,22.6,,-0.6792663392069817,-0.5322434605015472,-0.7211295444750616,-0.6867578123116703,-0.6857818394919816,-0.9248461671535724,-1.0461049901031694,False
2021-10-30 00:47:00,-0.8,0.0,-1.0,0.0,0.0,21.9,99.4,0.0,0.0,0.0,0.0,0.0,1002,0,0.0,22.2,22.6,,-0.6792663392069817,-0.5322434605015472,-0.721758689436379,-0.6867578123116703,-0.6857818394919816,-0.9248461671535724,-1.0461049901031694,False
2021-10-30 00:48:00,-0.8,-0.1,-0.9,0.0,0.0,21.9,99.4,0.0,0.0,0.0,0.0,0.0,1002,0,0.0,22.2,22.6,,-0.6792663392069817,-0.5327008073080017,-0.7211295444750616,-0.6867578123116703,-0.6857818394919816,-0.9248461671535724,-1.0461049901031694,False
2021-10-30 00:49:00,-0.8,-0.1,-0.9,0.0,0.0,21.9,99.5,0.0,0.0,0.0,0.0,0.0,1002,0,0.0,22.2,22.7,,-0.6792663392069817,-0.5327008073080017,-0.7211295444750616,-0.6867578123116703,-0.6857818394919816,-0.9248461671535724,-1.0461049901031694,False
2021-10-30 00:50:00,-0.8,-0.1,-0.9,0.0,0.0,21.9,99.5,0.0,0.0,0.0,0.0,0.0,1002,0,0.0,22.3,22.7,,-0.6792663392069817,-0.5327008073080017,-0.7211295444750616,-0.6867578123116703,-0.6857818394919816,-0.9248461671535724,-1.0461049901031694,False
2021-10-30 00:51:00,-0.7,-0.1,-0.9,0.0,0.0,21.9,99.5,0.0,0.0,0.0,0.0,0.0,1002,0,0.1,22.3,22.7,,-0.6789313250702835,-0.5327008073080017,-0.7211295444750616,-0.6867578123116703,-0.6857818394919816,-0.9248461671535724,-1.0461049901031694,False
2021-10-30 00:52:00,-0.7,-0.1,-0.9,0.0,0.0,21.9,99.5,0.0,0.0,0.0,0.0,0.0,1002,0,0.0,22.3,22.7,,-0.6789313250702835,-0.5327008073080017,-0.7211295444750616,-0.6867578123116703,-0.6857818394919816,-0.9248461671535724,-1.0461049901031694,False
2021-10-30 00:53:00,-0.7,-0.1,-0.9,0.0,0.0,21.9,99.5,0.0,0.0,0.0,0.0,0.0,1002,0,0.0,22.3,22.7,,-0.6789313250702835,-0.5327008073080017,-0.7211295444750616,-0.6867578123116703,-0.6857818394919816,-0.9248461671535724,-1.0461049901031694,False
2021-10-30 00:54:00,-0.7,-0.1,-0.9,0.0,0.0,21.9,99.6,0.0,0.0,0.0,0.0,0.0,1002,0,0.0,22.3,22.7,,-0.6789313250702835,-0.5327008073080017,-0.7211295444750616,-0.6867578123116703,-0.6857818394919816,-0.9248461671535724,-1.0461049901031694,False
2021-10-30 00:55:00,-0.7,-0.1,-0.9,0.0,0.0,21.9,99.6,0.0,0.0,0.0,0.0,0.0,1002,0,0.0,22.3,22.7,,-0.6789313250702835,-0.5327008073080017,-0.7211295444750616,-0.6867578123116703,-0.6857818394919816,-0.9248461671535724,-1.0461049901031694,False
2021-10-30 00:56:00,-0.7,-0.1,-0.8,0.0,0.0,22.0,99.5,0.0,0.0,0.0,0.0,0.0,1002,0,0.1,22.3,22.7,,-0.6789313250702835,-0.5327008073080017,-0.7205003995137442,-0.6867578123116703,-0.6857818394919816,-0.9248461671535724,-1.0461049901031694,False
2021-10-30 00:57:00,-0.7,-0.1,-0.9,0.0,0.0,21.9,99.5,0.0,0.0,0.0,0.0,0.0,1002,0,0.0,22.3,22.7,,-0.6789313250702835,-0.5327008073080017,-0.7211295444750616,-0.6867578123116703,-0.6857818394919816,-0.9248461671535724,-1.0461049901031694,False
2021-10-30 00:58:00,-0.7,-0.1,-0.9,0.0,0.0,21.9,99.5,0.0,0.0,0.0,0.0,0.0,1002,0,0.0,22.3,22.7,,-0.6789313250702835,-0.5327008073080017,-0.7211295444750616,-0.6867578123116703,-0.6857818394919816,-0.9248461671535724,-1.0461049901031694,False
2021-10-30 00:59:00,-0.8,-0.1,-0.9,0.0,0.0,22.0,99.6,0.0,0.0,0.0,0.0,0.0,1002,0,0.0,22.3,22.7,,-0.6792663392069817,-0.5327008073080017,-0.7211295444750616,-0.6867578123116703,-0.6857818394919816,-0.9248461671535724,-1.0461049901031694,False
2021-10-30 01:00:00,-0.7,-0.1,-0.9,0.0,0.0,22.0,99.5,0.0,0.0,0.0,0.0,0.0,1002,0,0.0,22.3,22.7,,-0.6789313250702835,-0.5327008073080017,-0.7211295444750616,-0.6867578123116703,-0.6857818394919816,-0.9248461671535724,-1.0461049901031694,False
2021-10-30 01:01:00,-0.8,-0.1,-0.9,0.0,0.0,21.9,99.4,0.0,0.0,0.0,0.0,0.0,1002,0,0.0,22.3,22.7,,-0.6792663392069817,-0.5327008073080017,-0.7211295444750616,-0.6867578123116703,-0.6857818394919816,-0.9248461671535724,-1.0461049901031694,False
2021-10-30 01:02:00,-0.7,-0.1,-0.8,0.0,0.0,21.9,99.3,0.0,0.0,0.0,0.0,0.0,1002,0,0.1,22.3,22.7,,-0.6789313250702835,-0.5327008073080017,-0.7205003995137442,-0.6867578123116703,-0.6857818394919816,-0.9248461671535724,-1.0461049901031694,False
2021-10-30 01:03:00,-0.7,-0.1,-0.8,0.0,0.0,21.9,99.4,0.0,0.0,0.0,0.0,0.0,1002,0,0.0,22.3,22.7,,-0.6789313250702835,-0.5327008073080017,-0.7205003995137442,-0.6867578123116703,-0.6857818394919816,-0.9248461671535724,-1.0461049901031694,False
2021-10-30 01:04:00,-0.8,-0.1,-0.9,0.0,0.0,21.9,99.3,0.0,0.0,0.0,0.0,0.0,1002,0,0.0,22.3,22.7,,-0.6792663392069817,-0.5327008073080017,-0.7211295444750616,-0.6867578123116703,-0.6857818394919816,-0.9248461671535724,-1.0461049901031694,False
2021-10-30 01:05:00,-0.8,-0.1,-0.9,0.0,0.0,21.9,99.3,0.0,0.0,0.0,0.0,0.0,1002,0,0.0,22.3,22.7,,-0.6792663392069817,-0.5327008073080017,-0.7211295444750616,-0.6867578123116703,-0.6857818394919816,-0.9248461671535724,-1.0461049901031694,False
2021-10-30 01:06:00,-0.7,-0.1,-0.9,0.0,0.0,21.9,99.3,0.0,0.0,0.0,0.0,0.0,1002,0,0.0,22.3,22.7,,-0.6789313250702835,-0.5327008073080017,-0.7211295444750616,-0.6867578123116703,-0.6857818394919816,-0.9248461671535724,-1.0461049901031694,False
2021-10-30 01:07:00,-0.7,-0.1,-0.8,0.0,0.0,21.9,99.3,0.0,0.0,0.0,0.0,0.0,1002,0,0.1,22.3,22.7,,-0.6789313250702835,-0.5327008073080017,-0.7205003995137442,-0.6867578123116703,-0.6857818394919816,-0.9248461671535724,-1.0461049901031694,False
2021-10-30 01:08:00,-0.8,-0.1,-0.8,0.0,0.0,21.9,99.3,0.0,0.0,0.0,0.0,0.0,1002,0,0.0,22.3,22.7,,-0.6792663392069817,-0.5327008073080017,-0.7205003995137442,-0.6867578123116703,-0.6857818394919816,-0.9248461671535724,-1.0461049901031694,False
2021-10-30 01:09:00,-0.8,-0.1,-0.8,0.0,0.0,21.9,99.3,0.0,0.0,0.0,0.0,0.0,1002,0,0.0,22.3,22.7,,-0.6792663392069817,-0.5327008073080017,-0.7205003995137442,-0.6867578123116703,-0.6857818394919816,-0.9248461671535724,-1.0461049901031694,False
2021-10-30 01:10:00,-0.8,-0.1,-0.8,0.0,0.0,22.0,99.3,0.0,0.0,0.0,0.0,0.0,1002,0,0.0,22.3,22.7,,-0.6792663392069817,-0.5327008073080017,-0.7205003995137442,-0.6867578123116703,-0.6857818394919816,-0.9248461671535724,-1.0461049901031694,False
2021-10-30 01:11:00,-0.8,-0.1,-0.8,0.0,0.0,22.0,99.3,0.0,0.0,0.0,0.0,0.0,1002,0,0.1,22.3,22.7,,-0.6792663392069817,-0.5327008073080017,-0.7205003995137442,-0.6867578123116703,-0.6857818394919816,-0.9248461671535724,-1.0461049901031694,False
2021-10-30 01:12:00,-0.8,-0.1,-0.8,0.0,0.0,22.0,99.3,0.0,0.0,0.0,0.0,0.0,1002,0,0.0,22.3,22.7,,-0.6792663392069817,-0.5327008073080017,-0.7205003995137442,-0.6867578123116703,-0.6857818394919816,-0.9248461671535724,-1.0461049901031694,False
2021-10-30 01:13:00,-0.8,-0.1,-0.8,0.0,0.0,22.0,99.4,0.0,0.0,0.0,0.0,0.0,1002,0,0.0,22.3,22.7,,-0.6792663392069817,-0.5327008073080017,-0.7205003995137442,-0.6867578123116703,-0.6857818394919816,-0.9248461671535724,-1.0461049901031694,False
2021-10-30 01:14:00,-0.8,-0.1,-0.8,0.0,0.0,22.0,99.3,0.0,0.0,0.0,0.0,0.0,1002,0,0.0,22.3,22.7,,-0.6792663392069817,-0.5327008073080017,-0.7205003995137442,-0.6867578123116703,-0.6857818394919816,-0.9248461671535724,-1.0461049901031694,False
2021-10-30 01:15:00,-0.8,-0.1,-0.8,0.0,0.0,22.0,99.3,0.0,0.0,0.0,0.0,0.0,1002,0,0.0,22.3,22.7,,-0.6792663392069817,-0.5327008073080017,-0.7205003995137442,-0.6867578123116703,-0.6857818394919816,-0.9248461671535724,-1.0461049901031694,False
2021-10-30 01:16:00,-0.8,-0.1,-0.8,0.0,0.0,22.0,99.3,0.0,0.0,0.0,0.0,0.0,1002,0,0.0,22.3,22.7,,-0.6792663392069817,-0.5327008073080017,-0.7205003995137442,-0.6867578123116703,-0.6857818394919816,-0.9248461671535724,-1.0461049901031694,False
2021-10-30 01:17:00,-0.8,-0.1,-0.8,0.0,0.0,22.0,99.2,0.0,0.0,0.0,0.0,0.0,1002,0,0.1,22.3,22.7,,-0.6792663392069817,-0.5327008073080017,-0.7205003995137442,-0.6867578123116703,-0.6857818394919816,-0.9248461671535724,-1.0461049901031694,False
2021-10-30 01:18:00,-0.8,-0.1,-0.9,0.0,0.0,22.0,99.2,0.0,0.0,0.0,0.0,0.0,1002,0,0.0,22.3,22.7,,-0.6792663392069817,-0.5327008073080017,-0.7211295444750616,-0.6867578123116703,-0.6857818394919816,-0.9248461671535724,-1.0461049901031694,False
2021-10-30 01:19:00,-0.8,-0.1,-0.9,0.0,0.0,22.0,99.2,0.0,0.0,0.0,0.0,0.0,1002,0,0.0,22.3,22.7,,-0.6792663392069817,-0.5327008073080017,-0.7211295444750616,-0.6867578123116703,-0.6857818394919816,-0.9248461671535724,-1.0461049901031694,False
2021-10-30 01:20:00,-0.8,-0.1,-0.9,0.0,0.0,22.0,99.2,0.0,0.0,0.0,0.0,0.0,1002,0,0.0,22.3,22.7,,-0.6792663392069817,-0.5327008073080017,-0.7211295444750616,-0.6867578123116703,-0.6857818394919816,-0.9248461671535724,-1.0461049901031694,False
2021-10-30 01:21:00,-0.8,-0.1,-0.9,0.0,0.0,21.9,99.2,0.0,0.0,0.0,0.0,0.0,1002,0,0.0,22.3,22.7,,-0.6792663392069817,-0.5327008073080017,-0.7211295444750616,-0.6867578123116703,-0.6857818394919816,-0.9248461671535724,-1.0461049901031694,False
2021-10-30 01:22:00,-0.8,-0.1,-0.9,0.0,0.0,22.0,99.2,0.0,0.0,0.0,0.0,0.0,1002,0,0.0,22.3,22.7,,-0.6792663392069817,-0.5327008073080017,-0.7211295444750616,-0.6867578123116703,-0.6857818394919816,-0.9248461671535724,-1.0461049901031694,False
2021-10-30 01:23:00,-0.8,-0.1,-1.0,0.0,0.0,22.0,99.3,0.0,0.0,0.0,0.0,0.0,1002,0,0.1,22.3,22.7,,-0.6792663392069817,-0.5327008073080017,-0.721758689436379,-0.6867578123116703,-0.6857818394919816,-0.9248461671535724,-1.0461049901031694,False
2021-10-30 01:24:00,-0.8,-0.1,-1.0,0.0,0.0,22.0,99.3,0.0,0.0,0.0,0.0,0.0,1002,0,0.0,22.3,22.7,,-0.6792663392069817,-0.5327008073080017,-0.721758689436379,-0.6867578123116703,-0.6857818394919816,-0.9248461671535724,-1.0461049901031694,False
2021-10-30 01:25:00,-0.8,-0.1,-1.0,0.0,0.0,22.0,99.3,0.0,0.0,0.0,0.0,0.0,1002,0,0.0,22.3,22.7,,-0.6792663392069817,-0.5327008073080017,-0.721758689436379,-0.6867578123116703,-0.6857818394919816,-0.9248461671535724,-1.0461049901031694,False
2021-10-30 01:26:00,-0.8,-0.1,-0.9,0.0,0.0,22.0,99.3,0.0,0.0,0.0,0.0,0.0,1002,0,0.0,22.3,22.7,,-0.6792663392069817,-0.5327008073080017,-0.7211295444750616,-0.6867578123116703,-0.6857818394919816,-0.9248461671535724,-1.0461049901031694,False
2021-10-30 01:27:00,-0.8,-0.1,-0.9,0.0,0.0,21.9,99.3,0.0,0.0,0.0,0.0,0.0,1002,0,0.0,22.3,22.7,,-0.6792663392069817,-0.5327008073080017,-0.7211295444750616,-0.6867578123116703,-0.6857818394919816,-0.9248461671535724,-1.0461049901031694,False
2021-10-30 01:28:00,-0.8,-0.1,-0.9,0.0,0.0,21.9,99.3,0.0,0.0,0.0,0.0,0.0,1002,0,0.0,22.3,22.7,,-0.6792663392069817,-0.5327008073080017,-0.7211295444750616,-0.6867578123116703,-0.6857818394919816,-0.9248461671535724,-1.0461049901031694,False
2021-10-30 01:29:00,-0.8,-0.1,-0.9,0.0,0.0,22.0,99.4,0.0,0.0,0.0,0.0,0.0,1002,0,0.0,22.3,22.7,,-0.6792663392069817,-0.5327008073080017,-0.7211295444750616,-0.6867578123116703,-0.6857818394919816,-0.9248461671535724,-1.0461049901031694,False
2021-10-30 01:30:00,-0.8,-0.1,-0.9,0.0,0.0,21.9,99.4,0.0,0.0,0.0,0.0,0.0,1002,0,0.1,22.3,22.7,,-0.6792663392069817,-0.5327008073080017,-0.7211295444750616,-0.6867578123116703,-0.6857818394919816,-0.9248461671535724,-1.0461049901031694,False
2021-10-30 01:31:00,-0.8,-0.1,-0.9,0.0,0.0,21.9,99.4,0.0,0.0,0.0,0.0,0.0,1002,0,0.0,22.3,22.7,,-0.6792663392069817,-0.5327008073080017,-0.7211295444750616,-0.6867578123116703,-0.6857818394919816,-0.9248461671535724,-1.0461049901031694,False
2021-10-30 01:32:00,-0.8,-0.1,-0.9,0.0,0.0,21.9,99.4,0.0,0.0,0.0,0.0,0.0,1002,0,0.0,22.3,22.7,,-0.6792663392069817,-0.5327008073080017,-0.7211295444750616,-0.6867578123116703,-0.6857818394919816,-0.9248461671535724,-1.0461049901031694,False
2021-10-30 01:33:00,-0.8,-0.1,-0.9,0.0,0.0,21.9,99.5,0.0,0.0,0.0,0.0,0.0,1002,0,0.0,22.3,22.7,,-0.6792663392069817,-0.5327008073080017,-0.7211295444750616,-0.6867578123116703,-0.6857818394919816,-0.9248461671535724,-1.0461049901031694,False
2021-10-30 01:34:00,-0.8,-0.1,-0.9,0.0,0.0,21.9,99.5,0.0,0.0,0.0,0.0,0.0,1002,0,0.1,22.3,22.7,,-0.6792663392069817,-0.5327008073080017,-0.7211295444750616,-0.6867578123116703,-0.6857818394919816,-0.9248461671535724,-1.0461049901031694,False
2021-10-30 01:35:00,-0.8,-0.1,-0.9,0.0,0.0,21.9,99.5,0.0,0.0,0.0,0.0,0.0,1002,0,0.0,22.3,22.7,,-0.6792663392069817,-0.5327008073080017,-0.7211295444750616,-0.6867578123116703,-0.6857818394919816,-0.9248461671535724,-1.0461049901031694,False
2021-10-30 01:36:00,-0.8,-0.1,-0.9,0.0,0.0,21.9,99.5,0.0,0.0,0.0,0.0,0.0,1002,0,0.0,22.3,22.7,,-0.6792663392069817,-0.5327008073080017,-0.7211295444750616,-0.6867578123116703,-0.6857818394919816,-0.9248461671535724,-1.0461049901031694,False
2021-10-30 01:37:00,-0.8,-0.1,-0.9,0.0,0.0,21.9,99.6,0.1,0.7,0.3,39.0,0.8,1002,0,0.0,22.3,22.8,,-0.6792663392069817,-0.5327008073080017,-0.7211295444750616,-0.6867578123116703,-0.6857818394919816,-0.8441520160445998,-0.6132184288866446,False
2021-10-30 01:38:00,-0.8,-0.1,-0.9,0.0,0.0,21.9,99.5,0.1,0.7,0.3,40.3,0.3,1002,0,0.0,22.3,22.7,,-0.6792663392069817,-0.5327008073080017,-0.7211295444750616,-0.6867578123116703,-0.6857818394919816,-0.8441520160445998,-0.6132184288866446,False
2021-10-30 01:39:00,-0.8,-0.1,-0.9,0.0,0.0,21.9,99.5,0.6,1.1,0.5,38.8,0.8,1002,0,0.0,22.3,22.7,,-0.6792663392069817,-0.5327008073080017,-0.7211295444750616,-0.6867578123116703,-0.6857818394919816,-0.4406812604997369,-0.3658546796200588,False
2021-10-30 01:40:00,-0.8,-0.1,-0.9,0.0,0.0,21.9,99.5,0.3,0.7,0.5,36.1,0.3,1002,0,0.1,22.3,22.7,,-0.6792663392069817,-0.5327008073080017,-0.7211295444750616,-0.6867578123116703,-0.6857818394919816,-0.6827637138266546,-0.6132184288866446,False
2021-10-30 01:41:00,-0.8,-0.1,-0.9,0.0,0.0,21.9,99.5,0.2,0.7,0.4,28.5,4.4,1002,0,0.0,22.3,22.7,,-0.6792663392069817,-0.5327008073080017,-0.7211295444750616,-0.6867578123116703,-0.6857818394919816,-0.7634578649356273,-0.6132184288866446,False
2021-10-30 01:42:00,-0.8,-0.1,-0.9,0.0,0.0,21.9,99.6,0.1,0.7,0.4,38.9,1.3,1002,0,0.0,22.3,22.7,,-0.6792663392069817,-0.5327008073080017,-0.7211295444750616,-0.6867578123116703,-0.6857818394919816,-0.8441520160445998,-0.6132184288866446,False
2021-10-30 01:43:00,-0.8,-0.1,-0.9,0.0,0.0,21.9,99.6,0.7,1.1,0.5,40.1,1.0,1002,0,0.0,22.3,22.7,,-0.6792663392069817,-0.5327008073080017,-0.7211295444750616,-0.6867578123116703,-0.6857818394919816,-0.3599871093907643,-0.3658546796200588,False
2021-10-30 01:44:00,-0.8,-0.1,-1.0,0.0,0.0,21.9,99.6,0.0,0.4,0.0,0.0,0.0,1002,0,0.0,22.4,22.7,,-0.6792663392069817,-0.5327008073080017,-0.721758689436379,-0.6867578123116703,-0.6857818394919816,-0.9248461671535724,-0.7987412408365836,False
2021-10-30 01:45:00,-0.8,-0.1,-1.0,0.0,0.0,21.9,99.6,0.1,0.7,0.4,40.8,1.3,1002,0,0.0,22.4,22.8,,-0.6792663392069817,-0.5327008073080017,-0.721758689436379,-0.6867578123116703,-0.6857818394919816,-0.8441520160445998,-0.6132184288866446,False
2021-10-30 01:46:00,-0.8,-0.1,-1.0,0.0,0.0,21.9,99.6,0.1,0.7,0.3,47.6,0.7,1002,0,0.1,22.4,22.8,,-0.6792663392069817,-0.5327008073080017,-0.721758689436379,-0.6867578123116703,-0.6857818394919816,-0.8441520160445998,-0.6132184288866446,False
2021-10-30 01:47:00,-0.8,-0.1,-0.9,0.0,0.0,21.9,99.6,0.0,0.4,0.1,48.9,0.0,1002,0,0.0,22.4,22.8,,-0.6792663392069817,-0.5327008073080017,-0.7211295444750616,-0.6867578123116703,-0.6857818394919816,-0.9248461671535724,-0.7987412408365836,False
2021-10-30 01:48:00,-0.8,-0.1,-0.9,0.0,0.0,21.9,99.6,0.2,0.7,0.4,47.2,1.9,1002,0,0.0,22.4,22.8,,-0.6792663392069817,-0.5327008073080017,-0.7211295444750616,-0.6867578123116703,-0.6857818394919816,-0.7634578649356273,-0.6132184288866446,False
2021-10-30 01:49:00,-0.8,-0.1,-0.9,0.0,0.0,21.9,99.6,0.1,0.7,0.4,43.0,2.4,1002,0,0.0,22.4,22.8,,-0.6792663392069817,-0.5327008073080017,-0.7211295444750616,-0.6867578123116703,-0.6857818394919816,-0.8441520160445998,-0.6132184288866446,False
2021-10-30 01:50:00,-0.8,-0.1,-0.9,0.0,0.0,21.9,99.6,0.5,1.4,0.6,64.5,2.0,1002,0,0.1,22.4,22.8,,-0.6792663392069817,-0.5327008073080017,-0.7211295444750616,-0.6867578123116703,-0.6857818394919816,-0.5213754116087095,-0.1803318676701196,False
2021-10-30 01:51:00,-0.8,-0.1,-0.9,0.0,0.0,21.9,99.6,1.0,1.4,0.4,62.9,2.6,1002,0,0.0,22.4,22.8,,-0.6792663392069817,-0.5327008073080017,-0.7211295444750616,-0.6867578123116703,-0.6857818394919816,-0.1179046560638464,-0.1803318676701196,False
2021-10-30 01:52:00,-0.8,-0.1,-0.9,0.0,0.0,21.9,99.6,0.8,1.1,0.5,59.7,0.4,1002,0,0.0,22.4,22.8,,-0.6792663392069817,-0.5327008073080017,-0.7211295444750616,-0.6867578123116703,-0.6857818394919816,-0.2792929582817916,-0.3658546796200588,False
2021-10-30 01:53:00,-0.8,0.0,-0.9,0.0,0.0,21.9,99.7,0.4,0.7,0.5,60.5,0.8,1002,0,0.0,22.4,22.8,,-0.6792663392069817,-0.5322434605015472,-0.7211295444750616,-0.6867578123116703,-0.6857818394919816,-0.602069562717682,-0.6132184288866446,False
2021-10-30 01:54:00,-0.8,0.0,-0.9,0.0,0.0,21.9,99.7,0.6,1.1,0.5,71.2,4.8,1002,0,0.0,22.4,22.8,,-0.6792663392069817,-0.5322434605015472,-0.7211295444750616,-0.6867578123116703,-0.6857818394919816,-0.4406812604997369,-0.3658546796200588,False
2021-10-30 01:55:00,-0.8,-0.1,-0.9,0.0,0.0,21.9,99.8,1.5,1.9,0.5,67.2,3.6,1002,0,0.0,22.4,22.8,,-0.6792663392069817,-0.5327008073080017,-0.7211295444750616,-0.6867578123116703,-0.6857818394919816,0.2855660994810165,0.1288728189131124,False
2021-10-30 01:56:00,-0.8,-0.1,-0.9,0.0,0.0,21.9,99.7,1.4,1.9,0.4,70.4,4.0,1002,0,0.0,22.4,22.8,,-0.6792663392069817,-0.5327008073080017,-0.7211295444750616,-0.6867578123116703,-0.6857818394919816,0.2048719483720438,0.1288728189131124,False
2021-10-30 01:57:00,-0.8,0.0,-1.0,0.0,0.0,21.9,99.8,1.4,1.9,0.4,70.5,10.3,1002,0,0.0,22.4,22.8,,-0.6792663392069817,-0.5322434605015472,-0.721758689436379,-0.6867578123116703,-0.6857818394919816,0.2048719483720438,0.1288728189131124,False
2021-10-30 01:58:00,-0.8,0.0,-1.0,0.0,0.0,21.9,99.8,1.2,2.1,0.5,71.9,7.0,1002,0,0.0,22.4,22.8,,-0.6792663392069817,-0.5322434605015472,-0.721758689436379,-0.6867578123116703,-0.6857818394919816,0.0434836461540987,0.2525546935464053,False
2021-10-30 01:59:00,-0.8,-0.1,-1.0,0.0,0.0,21.9,99.8,0.8,1.9,0.6,61.8,6.0,1002,0,0.0,22.4,22.8,,-0.6792663392069817,-0.5327008073080017,-0.721758689436379,-0.6867578123116703,-0.6857818394919816,-0.2792929582817916,0.1288728189131124,False
2021-10-30 02:00:00,-0.8,0.0,-1.0,0.0,0.0,21.9,99.8,0.7,1.9,0.6,55.2,7.1,1002,0,0.0,22.4,22.8,,-0.6792663392069817,-0.5322434605015472,-0.721758689436379,-0.6867578123116703,-0.6857818394919816,-0.3599871093907643,0.1288728189131124,False
2021-10-30 02:01:00,-0.8,0.0,-1.0,0.0,0.0,21.9,99.8,0.2,1.1,0.5,51.5,1.1,1002,0,0.0,22.4,22.8,,-0.6792663392069817,-0.5322434605015472,-0.721758689436379,-0.6867578123116703,-0.6857818394919816,-0.7634578649356273,-0.3658546796200588,False
2021-10-30 02:02:00,-0.8,0.0,-1.0,0.0,0.0,22.0,99.9,0.9,1.6,0.6,52.5,2.6,1002,0,0.1,22.4,22.8,,-0.6792663392069817,-0.5322434605015472,-0.721758689436379,-0.6867578123116703,-0.6857818394919816,-0.198598807172819,-0.0566499930368267,False
2021-10-30 02:03:00,-0.8,0.0,-1.0,0.0,0.0,22.0,99.9,1.5,2.1,0.5,47.7,7.1,1002,0,0.0,22.4,22.9,,-0.6792663392069817,-0.5322434605015472,-0.721758689436379,-0.6867578123116703,-0.6857818394919816,0.2855660994810165,0.2525546935464053,False
2021-10-30 02:04:00,-0.8,0.0,-1.0,0.0,0.0,22.0,99.9,1.3,1.6,0.3,48.9,6.3,1002,0,0.0,22.5,22.9,,-0.6792663392069817,-0.5322434605015472,-0.721758689436379,-0.6867578123116703,-0.6857818394919816,0.1241777972630713,-0.0566499930368267,False
2021-10-30 02:05:00,-0.8,0.0,-1.0,0.0,0.0,22.0,99.9,1.4,1.9,0.4,50.7,7.1,1002,0,0.0,22.5,22.9,,-0.6792663392069817,-0.5322434605015472,-0.721758689436379,-0.6867578123116703,-0.6857818394919816,0.2048719483720438,0.1288728189131124,False
2021-10-30 02:06:00,-0.9,0.0,-1.0,0.0,0.0,22.0,99.9,1.8,2.4,0.4,51.2,4.7,1002,0,0.0,22.5,22.9,,-0.6796013533436797,-0.5322434605015472,-0.721758689436379,-0.6867578123116703,-0.6857818394919816,0.5276485528079343,0.4380775054963444,False
2021-10-30 02:07:00,-0.9,0.0,-1.0,0.0,0.0,22.0,99.9,1.7,2.1,0.3,48.7,5.4,1002,0,0.0,22.5,22.9,,-0.6796013533436797,-0.5322434605015472,-0.721758689436379,-0.6867578123116703,-0.6857818394919816,0.4469544016989616,0.2525546935464053,False
2021-10-30 02:08:00,-0.9,-0.1,-1.0,0.0,0.0,22.0,99.9,1.5,1.9,0.4,49.6,7.5,1002,0,0.0,22.5,22.9,,-0.6796013533436797,-0.5327008073080017,-0.721758689436379,-0.6867578123116703,-0.6857818394919816,0.2855660994810165,0.1288728189131124,False
2021-10-30 02:09:00,-0.8,0.0,-1.0,0.0,0.0,22.0,99.9,1.5,1.9,0.4,52.1,7.4,1002,0,0.0,22.5,22.9,,-0.6792663392069817,-0.5322434605015472,-0.721758689436379,-0.6867578123116703,-0.6857818394919816,0.2855660994810165,0.1288728189131124,False
2021-10-30 02:10:00,-0.8,-0.1,-1.0,0.0,0.0,22.0,99.9,1.2,1.9,0.5,50.8,7.3,1002,0,0.0,22.5,22.9,,-0.6792663392069817,-0.5327008073080017,-0.721758689436379,-0.6867578123116703,-0.6857818394919816,0.0434836461540987,0.1288728189131124,False
2021-10-30 02:11:00,-0.8,-0.1,-1.0,0.0,0.0,22.0,99.9,1.4,1.9,0.5,45.7,9.5,1002,0,0.0,22.5,22.9,,-0.6792663392069817,-0.5327008073080017,-0.721758689436379,-0.6867578123116703,-0.6857818394919816,0.2048719483720438,0.1288728189131124,False
2021-10-30 02:12:00,-0.8,-0.1,-1.0,0.0,0.0,22.0,99.9,1.2,1.9,0.5,45.9,9.9,1002,0,0.1,22.5,22.9,,-0.6792663392069817,-0.5327008073080017,-0.721758689436379,-0.6867578123116703,-0.6857818394919816,0.0434836461540987,0.1288728189131124,False
2021-10-30 02:13:00,-0.8,0.0,-1.0,0.0,0.0,22.0,99.9,0.7,1.6,0.6,44.3,5.7,1002,0,0.0,22.5,22.9,,-0.6792663392069817,-0.5322434605015472,-0.721758689436379,-0.6867578123116703,-0.6857818394919816,-0.3599871093907643,-0.0566499930368267,False
2021-10-30 02:14:00,-0.8,-0.1,-1.0,0.0,0.0,22.0,99.9,1.0,1.6,0.5,48.2,9.5,1002,0,0.0,22.5,22.9,,-0.6792663392069817,-0.5327008073080017,-0.721758689436379,-0.6867578123116703,-0.6857818394919816,-0.1179046560638464,-0.0566499930368267,False
2021-10-30 02:15:00,-0.8,-0.1,-1.0,0.0,0.0,22.0,99.9,1.2,1.9,0.5,48.5,6.6,1002,0,0.0,22.5,22.9,,-0.6792663392069817,-0.5327008073080017,-0.721758689436379,-0.6867578123116703,-0.6857818394919816,0.0434836461540987,0.1288728189131124,False
2021-10-30 02:16:00,-0.8,0.0,-1.0,0.0,0.0,22.0,99.9,1.3,1.6,0.4,53.1,7.7,1002,0,0.0,22.5,22.9,,-0.6792663392069817,-0.5322434605015472,-0.721758689436379,-0.6867578123116703,-0.6857818394919816,0.1241777972630713,-0.0566499930368267,False
2021-10-30 02:17:00,-0.9,0.0,-1.0,0.0,0.0,22.0,99.9,1.2,1.9,0.5,50.1,6.2,1002,0,0.0,22.5,22.9,,-0.6796013533436797,-0.5322434605015472,-0.721758689436379,-0.6867578123116703,-0.6857818394919816,0.0434836461540987,0.1288728189131124,False
2021-10-30 02:18:00,-0.9,-0.1,-1.0,0.0,0.0,22.0,99.9,1.2,1.9,0.5,48.1,7.6,1002,0,0.0,22.5,22.9,,-0.6796013533436797,-0.5327008073080017,-0.721758689436379,-0.6867578123116703,-0.6857818394919816,0.0434836461540987,0.1288728189131124,False
2021-10-30 02:19:00,-0.9,-0.1,-1.0,0.0,0.0,22.0,99.9,1.1,1.6,0.6,45.2,4.6,1002,0,0.0,22.5,22.9,,-0.6796013533436797,-0.5327008073080017,-0.721758689436379,-0.6867578123116703,-0.6857818394919816,-0.0372105049548737,-0.0566499930368267,False
2021-10-30 02:20:00,-0.9,-0.1,-1.0,0.0,0.0,22.0,99.9,1.3,1.9,0.4,54.0,4.4,1002,0,0.0,22.5,22.9,,-0.6796013533436797,-0.5327008073080017,-0.721758689436379,-0.6867578123116703,-0.6857818394919816,0.1241777972630713,0.1288728189131124,False
2021-10-30 02:21:00,-0.9,-0.1,-1.0,0.0,0.0,22.0,99.9,0.7,1.4,0.6,55.5,2.6,1002,0,0.0,22.5,22.9,,-0.6796013533436797,-0.5327008073080017,-0.721758689436379,-0.6867578123116703,-0.6857818394919816,-0.3599871093907643,-0.1803318676701196,False
2021-10-30 02:22:00,-0.9,-0.1,-1.0,0.0,0.0,22.0,99.9,1.1,1.6,0.5,49.0,7.7,1002,0,0.0,22.5,22.9,,-0.6796013533436797,-0.5327008073080017,-0.721758689436379,-0.6867578123116703,-0.6857818394919816,-0.0372105049548737,-0.0566499930368267,False
2021-10-30 02:23:00,-0.9,-0.1,-1.0,0.0,0.0,22.0,99.9,0.7,1.4,0.5,44.8,6.6,1002,0,0.0,22.5,22.9,,-0.6796013533436797,-0.5327008073080017,-0.721758689436379,-0.6867578123116703,-0.6857818394919816,-0.3599871093907643,-0.1803318676701196,False
2021-10-30 02:24:00,-0.9,0.0,-1.0,0.0,0.0,22.0,100.0,0.4,1.1,0.5,39.2,5.1,1002,0,0.0,22.5,22.9,,-0.6796013533436797,-0.5322434605015472,-0.721758689436379,-0.6867578123116703,-0.6857818394919816,-0.602069562717682,-0.3658546796200588,False
2021-10-30 02:25:00,-0.9,-0.1,-1.0,0.0,0.0,22.0,100.0,0.8,1.4,0.5,39.5,7.8,1002,0,0.0,22.5,22.9,,-0.6796013533436797,-0.5327008073080017,-0.721758689436379,-0.6867578123116703,-0.6857818394919816,-0.2792929582817916,-0.1803318676701196,False
2021-10-30 02:26:00,-0.9,-0.1,-1.0,0.0,0.0,22.0,99.9,0.7,1.1,0.5,37.3,8.2,1002,0,0.0,22.5,22.9,,-0.6796013533436797,-0.5327008073080017,-0.721758689436379,-0.6867578123116703,-0.6857818394919816,-0.3599871093907643,-0.3658546796200588,False
2021-10-30 02:27:00,-0.9,-0.1,-1.1,0.0,0.0,22.0,99.9,0.3,1.1,0.5,46.9,4.3,1002,0,0.0,22.5,22.9,,-0.6796013533436797,-0.5327008073080017,-0.7223878343976964,-0.6867578123116703,-0.6857818394919816,-0.6827637138266546,-0.3658546796200588,False
2021-10-30 02:28:00,-0.8,0.0,-1.0,0.0,0.0,22.0,99.9,0.4,1.1,0.5,39.8,2.7,1002,0,0.0,22.5,22.9,,-0.6792663392069817,-0.5322434605015472,-0.721758689436379,-0.6867578123116703,-0.6857818394919816,-0.602069562717682,-0.3658546796200588,False
2021-10-30 02:29:00,-0.8,0.0,-1.0,0.0,0.0,22.0,99.9,0.1,1.1,0.4,38.7,4.4,1002,0,0.1,22.5,22.9,,-0.6792663392069817,-0.5322434605015472,-0.721758689436379,-0.6867578123116703,-0.6857818394919816,-0.8441520160445998,-0.3658546796200588,False
2021-10-30 02:30:00,-0.8,-0.1,-1.0,0.0,0.0,22.0,99.9,0.1,0.7,0.3,46.1,2.0,1002,0,0.0,22.5,22.9,,-0.6792663392069817,-0.5327008073080017,-0.721758689436379,-0.6867578123116703,-0.6857818394919816,-0.8441520160445998,-0.6132184288866446,False
2021-10-30 02:31:00,-0.8,0.0,-1.0,0.0,0.0,22.0,99.9,0.0,0.4,0.1,47.6,0.0,1002,0,0.0,22.5,22.9,,-0.6792663392069817,-0.5322434605015472,-0.721758689436379,-0.6867578123116703,-0.6857818394919816,-0.9248461671535724,-0.7987412408365836,False
2021-10-30 02:32:00,-0.9,0.0,-1.0,0.0,0.0,22.0,100.0,0.1,0.7,0.3,38.5,0.0,1002,0,0.0,22.5,22.9,,-0.6796013533436797,-0.5322434605015472,-0.721758689436379,-0.6867578123116703,-0.6857818394919816,-0.8441520160445998,-0.6132184288866446,False
2021-10-30 02:33:00,-0.9,-0.1,-1.0,0.0,0.0,22.0,99.9,0.0,0.0,0.0,0.0,0.0,1002,0,0.0,22.5,22.9,,-0.6796013533436797,-0.5327008073080017,-0.721758689436379,-0.6867578123116703,-0.6857818394919816,-0.9248461671535724,-1.0461049901031694,False
2021-10-30 02:34:00,-0.9,-0.1,-1.0,0.0,0.0,22.0,99.9,0.0,0.0,0.0,0.0,0.0,1002,0,0.0,22.5,22.9,,-0.6796013533436797,-0.5327008073080017,-0.721758689436379,-0.6867578123116703,-0.6857818394919816,-0.9248461671535724,-1.0461049901031694,False
2021-10-30 02:35:00,-0.9,0.0,-1.0,0.0,0.0,22.0,99.9,0.0,0.0,0.0,0.0,0.0,1002,0,0.0,22.5,22.9,,-0.6796013533436797,-0.5322434605015472,-0.721758689436379,-0.6867578123116703,-0.6857818394919816,-0.9248461671535724,-1.0461049901031694,False
2021-10-30 02:36:00,-0.9,-0.1,-1.0,0.0,0.0,22.0,99.9,0.0,0.0,0.0,0.0,0.0,1002,0,0.0,22.5,22.9,,-0.6796013533436797,-0.5327008073080017,-0.721758689436379,-0.6867578123116703,-0.6857818394919816,-0.9248461671535724,-1.0461049901031694,False
2021-10-30 02:37:00,-0.9,0.0,-1.0,0.0,0.0,22.0,99.9,0.0,0.0,0.0,0.0,0.0,1002,0,0.0,22.5,22.9,,-0.6796013533436797,-0.5322434605015472,-0.721758689436379,-0.6867578123116703,-0.6857818394919816,-0.9248461671535724,-1.0461049901031694,False
2021-10-30 02:38:00,-0.9,0.0,-1.0,0.0,0.0,22.1,99.9,0.0,0.0,0.0,0.0,0.0,1002,0,0.0,22.5,22.9,,-0.6796013533436797,-0.5322434605015472,-0.721758689436379,-0.6867578123116703,-0.6857818394919816,-0.9248461671535724,-1.0461049901031694,False
2021-10-30 02:39:00,-0.9,0.0,-1.0,0.0,0.0,22.1,99.9,0.0,0.0,0.0,0.0,0.0,1002,0,0.0,22.5,22.9,,-0.6796013533436797,-0.5322434605015472,-0.721758689436379,-0.6867578123116703,-0.6857818394919816,-0.9248461671535724,-1.0461049901031694,False
2021-10-30 02:40:00,-0.9,-0.1,-1.1,0.0,0.0,22.1,100.0,0.0,0.0,0.0,0.0,0.0,1001,0,0.0,22.5,22.9,,-0.6796013533436797,-0.5327008073080017,-0.7223878343976964,-0.6867578123116703,-0.6857818394919816,-0.9248461671535724,-1.0461049901031694,False
2021-10-30 02:41:00,-0.9,-0.1,-1.1,0.0,0.0,22.1,99.9,0.1,0.7,0.2,341.1,0.0,1001,0,0.0,22.6,22.9,,-0.6796013533436797,-0.5327008073080017,-0.7223878343976964,-0.6867578123116703,-0.6857818394919816,-0.8441520160445998,-0.6132184288866446,False
2021-10-30 02:42:00,-0.9,-0.1,-1.1,0.0,0.0,22.1,99.9,0.2,0.7,0.4,340.9,0.3,1001,0,0.0,22.6,22.9,,-0.6796013533436797,-0.5327008073080017,-0.7223878343976964,-0.6867578123116703,-0.6857818394919816,-0.7634578649356273,-0.6132184288866446,False
2021-10-30 02:43:00,-0.9,0.0,-1.1,0.0,0.0,22.1,99.9,0.0,0.0,0.0,0.0,0.0,1002,0,0.0,22.6,22.9,,-0.6796013533436797,-0.5322434605015472,-0.7223878343976964,-0.6867578123116703,-0.6857818394919816,-0.9248461671535724,-1.0461049901031694,False
2021-10-30 02:44:00,-1.0,-0.1,-1.1,0.0,0.0,22.1,99.9,0.1,0.7,0.3,18.5,0.0,1002,0,0.0,22.5,22.9,,-0.6799363674803777,-0.5327008073080017,-0.7223878343976964,-0.6867578123116703,-0.6857818394919816,-0.8441520160445998,-0.6132184288866446,False
2021-10-30 02:45:00,-0.9,-0.1,-1.1,0.0,0.0,22.1,99.8,0.0,0.0,0.0,0.0,0.0,1001,0,0.0,22.5,22.9,,-0.6796013533436797,-0.5327008073080017,-0.7223878343976964,-0.6867578123116703,-0.6857818394919816,-0.9248461671535724,-1.0461049901031694,False
2021-10-30 02:46:00,-0.9,-0.1,-1.1,0.0,0.0,22.1,99.8,0.0,0.0,0.0,0.0,0.0,1001,0,0.0,22.5,22.9,,-0.6796013533436797,-0.5327008073080017,-0.7223878343976964,-0.6867578123116703,-0.6857818394919816,-0.9248461671535724,-1.0461049901031694,False
2021-10-30 02:47:00,-1.0,-0.1,-1.1,0.0,0.0,22.1,99.8,0.0,0.0,0.0,0.0,0.0,1001,0,0.0,22.5,22.9,,-0.6799363674803777,-0.5327008073080017,-0.7223878343976964,-0.6867578123116703,-0.6857818394919816,-0.9248461671535724,-1.0461049901031694,False
2021-10-30 02:48:00,-1.0,-0.1,-1.1,0.0,0.0,22.1,99.8,0.0,0.0,0.0,0.0,0.0,1001,0,0.0,22.5,22.9,,-0.6799363674803777,-0.5327008073080017,-0.7223878343976964,-0.6867578123116703,-0.6857818394919816,-0.9248461671535724,-1.0461049901031694,False
2021-10-30 02:49:00,-1.0,-0.1,-1.1,0.0,0.0,22.1,99.8,0.0,0.0,0.0,0.0,0.0,1001,0,0.0,22.5,22.8,,-0.6799363674803777,-0.5327008073080017,-0.7223878343976964,-0.6867578123116703,-0.6857818394919816,-0.9248461671535724,-1.0461049901031694,False
2021-10-30 02:50:00,-1.0,-0.1,-1.1,0.0,0.0,22.1,99.8,0.0,0.0,0.0,0.0,0.0,1001,0,0.0,22.4,22.8,,-0.6799363674803777,-0.5327008073080017,-0.7223878343976964,-0.6867578123116703,-0.6857818394919816,-0.9248461671535724,-1.0461049901031694,False
2021-10-30 02:51:00,-1.0,-0.1,-1.1,0.0,0.0,22.1,99.8,0.0,0.0,0.0,0.0,0.0,1001,0,0.1,22.4,22.8,,-0.6799363674803777,-0.5327008073080017,-0.7223878343976964,-0.6867578123116703,-0.6857818394919816,-0.9248461671535724,-1.0461049901031694,False
2021-10-30 02:52:00,-1.0,-0.1,-1.1,0.0,0.0,22.1,99.8,0.0,0.0,0.0,0.0,0.0,1001,0,0.0,22.4,22.8,,-0.6799363674803777,-0.5327008073080017,-0.7223878343976964,-0.6867578123116703,-0.6857818394919816,-0.9248461671535724,-1.0461049901031694,False
2021-10-30 02:53:00,-1.0,0.0,-1.1,0.0,0.0,22.1,99.9,0.0,0.0,0.0,0.0,0.0,1002,0,0.0,22.4,22.9,,-0.6799363674803777,-0.5322434605015472,-0.7223878343976964,-0.6867578123116703,-0.6857818394919816,-0.9248461671535724,-1.0461049901031694,False
2021-10-30 02:54:00,-1.0,-0.1,-1.1,0.0,0.0,22.1,99.9,0.0,0.0,0.0,0.0,0.0,1002,0,0.0,22.5,22.9,,-0.6799363674803777,-0.5327008073080017,-0.7223878343976964,-0.6867578123116703,-0.6857818394919816,-0.9248461671535724,-1.0461049901031694,False
2021-10-30 02:55:00,-1.0,-0.1,-1.1,0.0,0.0,22.1,99.7,0.0,0.7,0.2,3.4,0.0,1001,0,0.0,22.5,22.9,,-0.6799363674803777,-0.5327008073080017,-0.7223878343976964,-0.6867578123116703,-0.6857818394919816,-0.9248461671535724,-0.6132184288866446,False
2021-10-30 02:56:00,-1.0,-0.1,-1.1,0.0,0.0,22.1,99.7,0.8,1.1,0.5,11.3,3.9,1001,0,0.0,22.5,22.9,,-0.6799363674803777,-0.5327008073080017,-0.7223878343976964,-0.6867578123116703,-0.6857818394919816,-0.2792929582817916,-0.3658546796200588,False
2021-10-30 02:57:00,-1.0,-0.1,-1.1,0.0,0.0,22.1,99.7,0.8,1.1,0.5,24.9,4.7,1001,0,0.0,22.5,22.9,,-0.6799363674803777,-0.5327008073080017,-0.7223878343976964,-0.6867578123116703,-0.6857818394919816,-0.2792929582817916,-0.3658546796200588,False
2021-10-30 02:58:00,-1.0,-0.1,-1.1,0.0,0.0,22.1,99.6,0.1,0.7,0.3,33.0,0.4,1001,0,0.0,22.5,22.9,,-0.6799363674803777,-0.5327008073080017,-0.7223878343976964,-0.6867578123116703,-0.6857818394919816,-0.8441520160445998,-0.6132184288866446,False
2021-10-30 02:59:00,-1.0,-0.1,-1.2,0.0,0.0,22.1,99.7,0.0,0.0,0.0,0.0,0.0,1001,0,0.0,22.5,22.9,,-0.6799363674803777,-0.5327008073080017,-0.7230169793590139,-0.6867578123116703,-0.6857818394919816,-0.9248461671535724,-1.0461049901031694,False
2021-10-30 03:00:00,-1.0,-0.1,-1.2,0.0,0.0,22.1,99.7,0.4,1.6,0.6,42.9,3.8,1001,0,0.0,22.5,22.9,,-0.6799363674803777,-0.5327008073080017,-0.7230169793590139,-0.6867578123116703,-0.6857818394919816,-0.602069562717682,-0.0566499930368267,False
2021-10-30 03:01:00,-1.0,-0.1,-1.2,0.0,0.0,22.1,99.4,0.5,1.4,0.6,43.9,4.6,1001,0,0.0,22.5,22.9,,-0.6799363674803777,-0.5327008073080017,-0.7230169793590139,-0.6867578123116703,-0.6857818394919816,-0.5213754116087095,-0.1803318676701196,False
2021-10-30 03:02:00,-1.1,-0.1,-1.2,0.0,0.0,22.1,99.4,0.0,0.4,0.2,53.7,1.4,1001,0,0.0,22.5,22.9,,-0.6802713816170757,-0.5327008073080017,-0.7230169793590139,-0.6867578123116703,-0.6857818394919816,-0.9248461671535724,-0.7987412408365836,False
2021-10-30 03:03:00,-1.1,-0.1,-1.2,0.0,0.0,22.1,99.2,0.2,0.7,0.4,50.1,0.9,1001,0,0.0,22.5,22.9,,-0.6802713816170757,-0.5327008073080017,-0.7230169793590139,-0.6867578123116703,-0.6857818394919816,-0.7634578649356273,-0.6132184288866446,False
2021-10-30 03:04:00,-1.1,-0.1,-1.2,0.0,0.0,22.1,99.1,0.0,0.0,0.0,0.0,0.0,1001,0,0.0,22.5,22.9,,-0.6802713816170757,-0.5327008073080017,-0.7230169793590139,-0.6867578123116703,-0.6857818394919816,-0.9248461671535724,-1.0461049901031694,False
2021-10-30 03:05:00,-1.1,-0.1,-1.2,0.0,0.0,22.1,99.1,0.2,0.7,0.4,342.0,2.5,1001,0,0.0,22.5,22.9,,-0.6802713816170757,-0.5327008073080017,-0.7230169793590139,-0.6867578123116703,-0.6857818394919816,-0.7634578649356273,-0.6132184288866446,False
2021-10-30 03:06:00,-1.1,-0.1,-1.2,0.0,0.0,22.1,99.0,0.7,1.1,0.5,328.2,3.3,1001,0,0.0,22.5,22.9,,-0.6802713816170757,-0.5327008073080017,-0.7230169793590139,-0.6867578123116703,-0.6857818394919816,-0.3599871093907643,-0.3658546796200588,False
2021-10-30 03:07:00,-1.0,-0.1,-1.2,0.0,0.0,22.1,99.0,0.6,1.1,0.5,328.8,2.5,1001,0,0.0,22.5,22.8,,-0.6799363674803777,-0.5327008073080017,-0.7230169793590139,-0.6867578123116703,-0.6857818394919816,-0.4406812604997369,-0.3658546796200588,False
2021-10-30 03:08:00,-1.0,-0.1,-1.1,0.0,0.0,22.1,99.1,0.1,0.7,0.2,345.8,0.0,1001,0,0.0,22.5,22.8,,-0.6799363674803777,-0.5327008073080017,-0.7223878343976964,-0.6867578123116703,-0.6857818394919816,-0.8441520160445998,-0.6132184288866446,False
2021-10-30 03:09:00,-1.0,-0.1,-1.1,0.0,0.0,22.1,99.1,0.0,0.0,0.0,0.0,0.0,1001,0,0.0,22.5,22.8,,-0.6799363674803777,-0.5327008073080017,-0.7223878343976964,-0.6867578123116703,-0.6857818394919816,-0.9248461671535724,-1.0461049901031694,False
2021-10-30 03:10:00,-0.9,-0.1,-1.1,0.0,0.0,22.1,99.1,0.0,0.0,0.0,0.0,0.0,1001,0,0.0,22.5,22.8,,-0.6796013533436797,-0.5327008073080017,-0.7223878343976964,-0.6867578123116703,-0.6857818394919816,-0.9248461671535724,-1.0461049901031694,False
2021-10-30 03:11:00,-1.0,-0.1,-1.1,0.0,0.0,22.1,99.1,0.0,0.0,0.0,0.0,0.0,1001,0,0.0,22.5,22.8,,-0.6799363674803777,-0.5327008073080017,-0.7223878343976964,-0.6867578123116703,-0.6857818394919816,-0.9248461671535724,-1.0461049901031694,False
2021-10-30 03:12:00,-1.0,-0.1,-1.1,0.0,0.0,22.1,99.0,0.0,0.0,0.0,0.0,0.0,1001,0,0.0,22.5,22.8,,-0.6799363674803777,-0.5327008073080017,-0.7223878343976964,-0.6867578123116703,-0.6857818394919816,-0.9248461671535724,-1.0461049901031694,False
2021-10-30 03:13:00,-1.0,-0.1,-1.2,0.0,0.0,22.1,99.1,0.2,0.7,0.4,36.3,1.2,1001,0,0.0,22.5,22.8,,-0.6799363674803777,-0.5327008073080017,-0.7230169793590139,-0.6867578123116703,-0.6857818394919816,-0.7634578649356273,-0.6132184288866446,False
2021-10-30 03:14:00,-1.0,-0.1,-1.2,0.0,0.0,22.1,99.0,0.0,0.0,0.0,0.0,0.0,1001,0,0.0,22.5,22.8,,-0.6799363674803777,-0.5327008073080017,-0.7230169793590139,-0.6867578123116703,-0.6857818394919816,-0.9248461671535724,-1.0461049901031694,False
2021-10-30 03:15:00,-1.0,-0.1,-1.2,0.0,0.0,22.1,99.0,0.3,1.1,0.5,37.7,4.4,1001,0,0.0,22.5,22.9,,-0.6799363674803777,-0.5327008073080017,-0.7230169793590139,-0.6867578123116703,-0.6857818394919816,-0.6827637138266546,-0.3658546796200588,False
2021-10-30 03:16:00,-1.0,-0.1,-1.2,0.0,0.0,22.1,98.9,0.0,0.0,0.0,0.0,0.0,1001,0,0.0,22.5,22.9,,-0.6799363674803777,-0.5327008073080017,-0.7230169793590139,-0.6867578123116703,-0.6857818394919816,-0.9248461671535724,-1.0461049901031694,False
2021-10-30 03:17:00,-1.1,-0.1,-1.2,0.0,0.0,22.1,98.8,0.1,0.7,0.3,53.8,0.0,1001,0,0.0,22.5,22.9,,-0.6802713816170757,-0.5327008073080017,-0.7230169793590139,-0.6867578123116703,-0.6857818394919816,-0.8441520160445998,-0.6132184288866446,False
2021-10-30 03:18:00,-1.1,-0.1,-1.2,0.0,0.0,22.1,98.7,0.8,1.1,0.5,54.2,1.6,1001,0,0.0,22.5,22.9,,-0.6802713816170757,-0.5327008073080017,-0.7230169793590139,-0.6867578123116703,-0.6857818394919816,-0.2792929582817916,-0.3658546796200588,False
2021-10-30 03:19:00,-1.1,-0.1,-1.3,0.0,0.0,22.2,98.7,0.9,1.1,0.4,57.2,1.8,1001,0,0.0,22.5,22.9,,-0.6802713816170757,-0.5327008073080017,-0.7236461243203312,-0.6867578123116703,-0.6857818394919816,-0.198598807172819,-0.3658546796200588,False
2021-10-30 03:20:00,-1.1,-0.1,-1.3,0.0,0.0,22.2,98.5,0.6,1.1,0.5,58.4,0.4,1001,0,0.0,22.5,22.9,,-0.6802713816170757,-0.5327008073080017,-0.7236461243203312,-0.6867578123116703,-0.6857818394919816,-0.4406812604997369,-0.3658546796200588,False
2021-10-30 03:21:00,-1.1,-0.1,-1.2,0.0,0.0,22.2,98.6,0.7,1.1,0.5,59.5,5.1,1001,0,0.0,22.5,22.9,,-0.6802713816170757,-0.5327008073080017,-0.7230169793590139,-0.6867578123116703,-0.6857818394919816,-0.3599871093907643,-0.3658546796200588,False
2021-10-30 03:22:00,-1.0,-0.1,-1.2,0.0,0.0,22.2,98.6,0.8,1.6,0.5,50.5,3.5,1001,0,0.0,22.5,22.9,,-0.6799363674803777,-0.5327008073080017,-0.7230169793590139,-0.6867578123116703,-0.6857818394919816,-0.2792929582817916,-0.0566499930368267,False
2021-10-30 03:23:00,-1.0,-0.1,-1.2,0.0,0.0,22.2,98.6,0.9,1.4,0.5,53.6,4.8,1001,0,0.0,22.5,22.9,,-0.6799363674803777,-0.5327008073080017,-0.7230169793590139,-0.6867578123116703,-0.6857818394919816,-0.198598807172819,-0.1803318676701196,False
2021-10-30 03:24:00,-1.0,-0.1,-1.2,0.0,0.0,22.2,98.6,0.6,1.1,0.5,55.1,3.0,1001,0,0.0,22.5,22.9,,-0.6799363674803777,-0.5327008073080017,-0.7230169793590139,-0.6867578123116703,-0.6857818394919816,-0.4406812604997369,-0.3658546796200588,False
2021-10-30 03:25:00,-1.0,-0.1,-1.2,0.0,0.0,22.2,98.7,0.5,1.1,0.5,50.1,11.8,1001,0,0.0,22.5,22.9,,-0.6799363674803777,-0.5327008073080017,-0.7230169793590139,-0.6867578123116703,-0.6857818394919816,-0.5213754116087095,-0.3658546796200588,False
2021-10-30 03:26:00,-1.0,-0.1,-1.2,0.0,0.0,22.2,98.6,1.0,1.4,0.4,20.5,8.9,1001,0,0.1,22.5,22.9,,-0.6799363674803777,-0.5327008073080017,-0.7230169793590139,-0.6867578123116703,-0.6857818394919816,-0.1179046560638464,-0.1803318676701196,False
2021-10-30 03:27:00,-1.0,-0.1,-1.2,0.0,0.0,22.2,98.4,1.0,1.6,0.6,15.6,4.9,1001,0,0.0,22.5,22.9,,-0.6799363674803777,-0.5327008073080017,-0.7230169793590139,-0.6867578123116703,-0.6857818394919816,-0.1179046560638464,-0.0566499930368267,False
2021-10-30 03:28:00,-1.0,-0.1,-1.2,0.0,0.0,22.2,98.2,1.2,1.6,0.3,18.6,2.5,1001,0,0.1,22.6,22.9,,-0.6799363674803777,-0.5327008073080017,-0.7230169793590139,-0.6867578123116703,-0.6857818394919816,0.0434836461540987,-0.0566499930368267,False
2021-10-30 03:29:00,-1.0,-0.1,-1.1,0.0,0.0,22.2,98.1,0.6,1.4,0.6,34.1,8.1,1001,0,0.2,22.6,22.9,,-0.6799363674803777,-0.5327008073080017,-0.7223878343976964,-0.6867578123116703,-0.6857818394919816,-0.4406812604997369,-0.1803318676701196,False
2021-10-30 03:30:00,-1.0,-0.1,-1.1,0.0,0.0,22.2,98.2,1.5,1.9,0.4,55.7,4.6,1001,0,0.1,22.6,22.9,,-0.6799363674803777,-0.5327008073080017,-0.7223878343976964,-0.6867578123116703,-0.6857818394919816,0.2855660994810165,0.1288728189131124,False
2021-10-30 03:31:00,-1.0,-0.1,-1.1,0.0,0.0,22.2,98.2,1.3,2.1,0.6,66.1,12.1,1001,0,0.1,22.5,22.9,,-0.6799363674803777,-0.5327008073080017,-0.7223878343976964,-0.6867578123116703,-0.6857818394919816,0.1241777972630713,0.2525546935464053,False
2021-10-30 03:32:00,-0.9,-0.1,-1.1,0.0,0.0,22.2,98.3,0.6,1.4,0.6,68.7,6.0,1001,0,0.0,22.5,22.9,,-0.6796013533436797,-0.5327008073080017,-0.7223878343976964,-0.6867578123116703,-0.6857818394919816,-0.4406812604997369,-0.1803318676701196,False
2021-10-30 03:33:00,-0.9,-0.1,-1.1,0.0,0.0,22.2,98.4,0.7,1.1,0.5,58.8,7.2,1001,0,0.0,22.5,22.9,,-0.6796013533436797,-0.5327008073080017,-0.7223878343976964,-0.6867578123116703,-0.6857818394919816,-0.3599871093907643,-0.3658546796200588,False
2021-10-30 03:34:00,-0.9,-0.1,-1.1,0.0,0.0,22.2,98.5,0.3,1.1,0.5,45.1,3.2,1001,0,0.0,22.5,22.9,,-0.6796013533436797,-0.5327008073080017,-0.7223878343976964,-0.6867578123116703,-0.6857818394919816,-0.6827637138266546,-0.3658546796200588,False
2021-10-30 03:35:00,-1.0,-0.1,-1.1,0.0,0.0,22.2,98.6,0.4,1.1,0.5,33.8,6.7,1001,0,0.0,22.5,22.9,,-0.6799363674803777,-0.5327008073080017,-0.7223878343976964,-0.6867578123116703,-0.6857818394919816,-0.602069562717682,-0.3658546796200588,False
2021-10-30 03:36:00,-0.9,-0.1,-1.1,0.0,0.0,22.2,98.5,0.0,0.0,0.0,0.0,0.0,1001,0,0.0,22.5,22.9,,-0.6796013533436797,-0.5327008073080017,-0.7223878343976964,-0.6867578123116703,-0.6857818394919816,-0.9248461671535724,-1.0461049901031694,False
2021-10-30 03:37:00,-0.9,-0.1,-1.1,0.0,0.0,22.2,98.6,0.0,0.0,0.0,0.0,0.0,1001,0,0.0,22.5,22.8,,-0.6796013533436797,-0.5327008073080017,-0.7223878343976964,-0.6867578123116703,-0.6857818394919816,-0.9248461671535724,-1.0461049901031694,False
2021-10-30 03:38:00,-0.9,-0.1,-1.2,0.0,0.0,22.2,98.8,0.1,1.1,0.3,50.9,0.4,1001,0,0.0,22.4,22.8,,-0.6796013533436797,-0.5327008073080017,-0.7230169793590139,-0.6867578123116703,-0.6857818394919816,-0.8441520160445998,-0.3658546796200588,False
2021-10-30 03:39:00,-1.0,-0.1,-1.2,0.0,0.0,22.2,98.8,1.2,1.6,0.3,52.3,3.0,1001,0,0.0,22.4,22.8,,-0.6799363674803777,-0.5327008073080017,-0.7230169793590139,-0.6867578123116703,-0.6857818394919816,0.0434836461540987,-0.0566499930368267,False
2021-10-30 03:40:00,-1.0,-0.1,-1.2,0.0,0.0,22.1,98.8,1.2,1.6,0.4,52.3,3.8,1001,0,0.0,22.4,22.8,,-0.6799363674803777,-0.5327008073080017,-0.7230169793590139,-0.6867578123116703,-0.6857818394919816,0.0434836461540987,-0.0566499930368267,False
2021-10-30 03:41:00,-1.0,-0.1,-1.2,0.0,0.0,22.1,98.9,1.0,1.4,0.4,53.2,4.2,1001,0,0.0,22.4,22.8,,-0.6799363674803777,-0.5327008073080017,-0.7230169793590139,-0.6867578123116703,-0.6857818394919816,-0.1179046560638464,-0.1803318676701196,False
2021-10-30 03:42:00,-1.0,-0.1,-1.2,0.0,0.0,22.1,99.0,0.6,1.4,0.6,57.5,6.2,1001,0,0.0,22.4,22.8,,-0.6799363674803777,-0.5327008073080017,-0.7230169793590139,-0.6867578123116703,-0.6857818394919816,-0.4406812604997369,-0.1803318676701196,False
2021-10-30 03:43:00,-1.0,-0.1,-1.2,0.0,0.0,22.2,99.1,0.6,1.4,0.6,55.0,6.0,1001,0,0.0,22.4,22.8,,-0.6799363674803777,-0.5327008073080017,-0.7230169793590139,-0.6867578123116703,-0.6857818394919816,-0.4406812604997369,-0.1803318676701196,False
2021-10-30 03:44:00,-1.0,-0.1,-1.2,0.0,0.0,22.1,99.2,0.6,1.4,0.6,47.8,4.0,1001,0,0.0,22.4,22.8,,-0.6799363674803777,-0.5327008073080017,-0.7230169793590139,-0.6867578123116703,-0.6857818394919816,-0.4406812604997369,-0.1803318676701196,False
2021-10-30 03:45:00,-1.0,-0.1,-1.2,0.0,0.0,22.1,99.2,0.1,0.7,0.4,45.6,1.8,1001,0,0.0,22.4,22.8,,-0.6799363674803777,-0.5327008073080017,-0.7230169793590139,-0.6867578123116703,-0.6857818394919816,-0.8441520160445998,-0.6132184288866446,False
2021-10-30 03:46:00,-1.0,-0.1,-1.2,0.0,0.0,22.1,99.2,0.4,1.1,0.5,55.4,4.7,1001,0,0.0,22.4,22.8,,-0.6799363674803777,-0.5327008073080017,-0.7230169793590139,-0.6867578123116703,-0.6857818394919816,-0.602069562717682,-0.3658546796200588,False
2021-10-30 03:47:00,-1.0,-0.1,-1.2,0.0,0.0,22.1,99.3,0.4,1.1,0.5,54.3,6.3,1001,0,0.0,22.4,22.8,,-0.6799363674803777,-0.5327008073080017,-0.7230169793590139,-0.6867578123116703,-0.6857818394919816,-0.602069562717682,-0.3658546796200588,False
2021-10-30 03:48:00,-1.0,-0.1,-1.2,0.0,0.0,22.1,99.3,1.3,1.9,0.4,56.4,5.8,1001,0,0.0,22.4,22.8,,-0.6799363674803777,-0.5327008073080017,-0.7230169793590139,-0.6867578123116703,-0.6857818394919816,0.1241777972630713,0.1288728189131124,False
2021-10-30 03:49:00,-1.0,-0.1,-1.2,0.0,0.0,22.1,99.2,1.4,1.6,0.4,57.8,4.5,1001,0,0.0,22.4,22.8,,-0.6799363674803777,-0.5327008073080017,-0.7230169793590139,-0.6867578123116703,-0.6857818394919816,0.2048719483720438,-0.0566499930368267,False
2021-10-30 03:50:00,-1.0,-0.1,-1.2,0.0,0.0,22.1,99.3,1.2,1.6,0.4,68.3,5.5,1001,0,0.0,22.4,22.8,,-0.6799363674803777,-0.5327008073080017,-0.7230169793590139,-0.6867578123116703,-0.6857818394919816,0.0434836461540987,-0.0566499930368267,False
2021-10-30 03:51:00,-1.0,-0.1,-1.2,0.0,0.0,22.1,99.3,1.5,2.1,0.4,69.2,6.3,1001,0,0.0,22.4,22.8,,-0.6799363674803777,-0.5327008073080017,-0.7230169793590139,-0.6867578123116703,-0.6857818394919816,0.2855660994810165,0.2525546935464053,False
2021-10-30 03:52:00,-0.9,-0.1,-1.2,0.0,0.0,22.1,99.3,1.6,2.1,0.4,67.8,5.4,1001,0,0.0,22.4,22.8,,-0.6796013533436797,-0.5327008073080017,-0.7230169793590139,-0.6867578123116703,-0.6857818394919816,0.3662602505899892,0.2525546935464053,False
2021-10-30 03:53:00,-0.9,-0.1,-1.1,0.0,0.0,22.1,99.3,1.5,1.9,0.4,65.2,8.5,1001,0,0.0,22.4,22.8,,-0.6796013533436797,-0.5327008073080017,-0.7223878343976964,-0.6867578123116703,-0.6857818394919816,0.2855660994810165,0.1288728189131124,False
2021-10-30 03:54:00,-0.9,-0.1,-1.1,0.0,0.0,22.1,99.3,1.3,1.9,0.5,69.8,7.8,1001,0,0.0,22.4,22.8,,-0.6796013533436797,-0.5327008073080017,-0.7223878343976964,-0.6867578123116703,-0.6857818394919816,0.1241777972630713,0.1288728189131124,False
2021-10-30 03:55:00,-0.9,-0.1,-1.1,0.0,0.0,22.1,99.2,1.6,2.1,0.4,72.8,7.2,1001,0,0.0,22.4,22.8,,-0.6796013533436797,-0.5327008073080017,-0.7223878343976964,-0.6867578123116703,-0.6857818394919816,0.3662602505899892,0.2525546935464053,False
2021-10-30 03:56:00,-1.0,-0.1,-1.1,0.0,0.0,22.1,99.2,1.5,2.1,0.4,65.3,10.2,1001,0,0.0,22.4,22.8,,-0.6799363674803777,-0.5327008073080017,-0.7223878343976964,-0.6867578123116703,-0.6857818394919816,0.2855660994810165,0.2525546935464053,False
2021-10-30 03:57:00,-0.9,-0.1,-1.1,0.0,0.0,22.1,99.1,1.8,2.4,0.4,64.8,7.6,1001,0,0.0,22.4,22.8,,-0.6796013533436797,-0.5327008073080017,-0.7223878343976964,-0.6867578123116703,-0.6857818394919816,0.5276485528079343,0.4380775054963444,False
2021-10-30 03:58:00,-1.0,-0.1,-1.1,0.0,0.0,22.1,99.1,1.7,2.1,0.3,66.6,10.1,1001,0,0.0,22.4,22.8,,-0.6799363674803777,-0.5327008073080017,-0.7223878343976964,-0.6867578123116703,-0.6857818394919816,0.4469544016989616,0.2525546935464053,False
2021-10-30 03:59:00,-1.0,-0.1,-1.1,0.0,0.0,22.1,99.0,1.7,2.4,0.5,66.5,6.7,1001,0,0.0,22.4,22.8,,-0.6799363674803777,-0.5327008073080017,-0.7223878343976964,-0.6867578123116703,-0.6857818394919816,0.4469544016989616,0.4380775054963444,False
2021-10-30 04:00:00,-0.9,-0.1,-1.1,0.0,0.0,22.1,98.9,2.0,2.6,0.5,67.5,7.6,1001,0,0.0,22.4,22.8,,-0.6796013533436797,-0.5327008073080017,-0.7223878343976964,-0.6867578123116703,-0.6857818394919816,0.6890368550258795,0.5617593801296374,False
2021-10-30 04:01:00,-0.9,-0.1,-1.1,0.0,0.0,22.1,98.8,2.1,2.6,0.4,66.1,7.8,1001,0,0.0,22.4,22.8,,-0.6796013533436797,-0.5327008073080017,-0.7223878343976964,-0.6867578123116703,-0.6857818394919816,0.7697310061348521,0.5617593801296374,False
2021-10-30 04:02:00,-0.9,-0.1,-1.1,0.0,0.0,22.1,98.6,1.6,2.4,0.6,67.9,9.0,1001,0,0.0,22.4,22.8,,-0.6796013533436797,-0.5327008073080017,-0.7223878343976964,-0.6867578123116703,-0.6857818394919816,0.3662602505899892,0.4380775054963444,False
2021-10-30 04:03:00,-0.9,-0.1,-1.0,0.0,0.0,22.1,98.7,2.3,2.9,0.4,69.2,8.2,1001,0,0.0,22.4,22.8,,-0.6796013533436797,-0.5327008073080017,-0.721758689436379,-0.6867578123116703,-0.6857818394919816,0.9311193083527972,0.7472821920795766,False
2021-10-30 04:04:00,-0.9,-0.1,-1.0,0.0,0.0,22.1,98.6,1.7,2.4,0.4,72.6,9.7,1001,0,0.0,22.4,22.8,,-0.6796013533436797,-0.5327008073080017,-0.721758689436379,-0.6867578123116703,-0.6857818394919816,0.4469544016989616,0.4380775054963444,False
2021-10-30 04:05:00,-0.9,-0.1,-1.0,0.0,0.0,22.1,98.4,1.9,2.4,0.5,78.3,12.3,1001,0,0.0,22.4,22.8,,-0.6796013533436797,-0.5327008073080017,-0.721758689436379,-0.6867578123116703,-0.6857818394919816,0.6083427039169068,0.4380775054963444,False
2021-10-30 04:06:00,-0.8,-0.1,-1.0,0.0,0.0,22.1,98.4,2.0,2.6,0.5,82.1,7.5,1001,0,0.0,22.4,22.8,,-0.6792663392069817,-0.5327008073080017,-0.721758689436379,-0.6867578123116703,-0.6857818394919816,0.6890368550258795,0.5617593801296374,False
2021-10-30 04:07:00,-0.8,-0.1,-1.0,0.0,0.0,22.2,98.4,1.7,2.4,0.4,83.6,13.2,1001,0,0.0,22.4,22.8,,-0.6792663392069817,-0.5327008073080017,-0.721758689436379,-0.6867578123116703,-0.6857818394919816,0.4469544016989616,0.4380775054963444,False
2021-10-30 04:08:00,-0.8,-0.1,-0.9,0.0,0.0,22.2,98.6,2.0,2.4,0.4,85.7,6.8,1001,0,0.0,22.5,22.9,,-0.6792663392069817,-0.5327008073080017,-0.7211295444750616,-0.6867578123116703,-0.6857818394919816,0.6890368550258795,0.4380775054963444,False
2021-10-30 04:09:00,-0.8,-0.1,-0.9,0.0,0.0,22.2,98.5,1.1,1.9,0.6,86.4,6.2,1001,0,0.0,22.5,22.9,,-0.6792663392069817,-0.5327008073080017,-0.7211295444750616,-0.6867578123116703,-0.6857818394919816,-0.0372105049548737,0.1288728189131124,False
2021-10-30 04:10:00,-0.8,-0.1,-0.9,0.0,0.0,22.2,98.6,0.6,1.6,0.6,83.9,7.2,1001,0,0.0,22.5,22.9,,-0.6792663392069817,-0.5327008073080017,-0.7211295444750616,-0.6867578123116703,-0.6857818394919816,-0.4406812604997369,-0.0566499930368267,False
2021-10-30 04:11:00,-0.8,-0.1,-0.9,0.0,0.0,22.2,98.6,1.5,2.1,0.6,75.9,8.5,1001,0,0.0,22.5,22.9,,-0.6792663392069817,-0.5327008073080017,-0.7211295444750616,-0.6867578123116703,-0.6857818394919816,0.2855660994810165,0.2525546935464053,False
2021-10-30 04:12:00,-0.8,-0.1,-0.9,0.0,0.0,22.2,98.6,1.8,2.4,0.4,70.4,6.6,1001,0,0.0,22.5,22.9,,-0.6792663392069817,-0.5327008073080017,-0.7211295444750616,-0.6867578123116703,-0.6857818394919816,0.5276485528079343,0.4380775054963444,False
2021-10-30 04:13:00,-0.8,-0.1,-0.9,0.0,0.0,22.2,98.6,1.9,2.6,0.4,65.3,5.2,1001,0,0.0,22.5,22.9,,-0.6792663392069817,-0.5327008073080017,-0.7211295444750616,-0.6867578123116703,-0.6857818394919816,0.6083427039169068,0.5617593801296374,False
2021-10-30 04:14:00,-0.8,-0.1,-0.9,0.0,0.0,22.1,98.6,2.3,2.9,0.4,63.5,4.2,1001,0,0.0,22.5,22.9,,-0.6792663392069817,-0.5327008073080017,-0.7211295444750616,-0.6867578123116703,-0.6857818394919816,0.9311193083527972,0.7472821920795766,False
2021-10-30 04:15:00,-0.8,-0.1,-0.9,0.0,0.0,22.1,98.6,2.3,2.6,0.4,58.5,5.0,1001,0,0.0,22.5,22.9,,-0.6792663392069817,-0.5327008073080017,-0.7211295444750616,-0.6867578123116703,-0.6857818394919816,0.9311193083527972,0.5617593801296374,False
2021-10-30 04:16:00,-0.7,-0.1,-0.9,0.0,0.0,22.1,98.7,2.5,2.9,0.4,55.5,5.7,1001,0,0.0,22.5,22.9,,-0.6789313250702835,-0.5327008073080017,-0.7211295444750616,-0.6867578123116703,-0.6857818394919816,1.0925076105707423,0.7472821920795766,False
2021-10-30 04:17:00,-0.7,-0.1,-0.9,0.0,0.0,22.2,98.5,2.3,2.9,0.4,47.6,4.2,1001,0,0.0,22.5,22.9,,-0.6789313250702835,-0.5327008073080017,-0.7211295444750616,-0.6867578123116703,-0.6857818394919816,0.9311193083527972,0.7472821920795766,False
2021-10-30 04:18:00,-0.7,-0.1,-1.0,0.0,0.0,22.2,98.3,2.0,2.6,0.4,43.5,7.8,1001,0,0.0,22.5,22.9,,-0.6789313250702835,-0.5327008073080017,-0.721758689436379,-0.6867578123116703,-0.6857818394919816,0.6890368550258795,0.5617593801296374,False
2021-10-30 04:19:00,-0.7,-0.1,-0.9,0.0,0.0,22.2,98.3,1.9,2.4,0.4,42.7,5.7,1001,0,0.0,22.5,22.9,,-0.6789313250702835,-0.5327008073080017,-0.7211295444750616,-0.6867578123116703,-0.6857818394919816,0.6083427039169068,0.4380775054963444,False
2021-10-30 04:20:00,-0.7,-0.1,-0.9,0.0,0.0,22.2,98.2,1.8,2.4,0.4,41.5,5.1,1001,0,0.0,22.5,22.9,,-0.6789313250702835,-0.5327008073080017,-0.7211295444750616,-0.6867578123116703,-0.6857818394919816,0.5276485528079343,0.4380775054963444,False
2021-10-30 04:21:00,-0.7,-0.1,-0.9,0.0,0.0,22.2,98.2,1.7,2.1,0.4,40.4,4.9,1001,0,0.0,22.6,22.9,,-0.6789313250702835,-0.5327008073080017,-0.7211295444750616,-0.6867578123116703,-0.6857818394919816,0.4469544016989616,0.2525546935464053,False
2021-10-30 04:22:00,-0.7,-0.1,-0.9,0.0,0.0,22.3,98.2,1.7,2.1,0.3,33.8,5.4,1002,0,0.0,22.6,22.9,,-0.6789313250702835,-0.5327008073080017,-0.7211295444750616,-0.6867578123116703,-0.6857818394919816,0.4469544016989616,0.2525546935464053,False
2021-10-30 04:23:00,-0.7,-0.1,-0.9,0.0,0.0,22.3,98.2,1.8,2.4,0.4,27.9,7.0,1001,0,0.0,22.6,22.9,,-0.6789313250702835,-0.5327008073080017,-0.7211295444750616,-0.6867578123116703,-0.6857818394919816,0.5276485528079343,0.4380775054963444,False
2021-10-30 04:24:00,-0.7,-0.1,-0.8,0.0,0.0,22.3,97.8,1.9,2.4,0.4,23.2,7.3,1001,0,0.0,22.6,22.9,,-0.6789313250702835,-0.5327008073080017,-0.7205003995137442,-0.6867578123116703,-0.6857818394919816,0.6083427039169068,0.4380775054963444,False
2021-10-30 04:25:00,-0.7,-0.1,-0.8,0.0,0.0,22.3,97.0,1.6,2.6,0.6,22.9,13.1,1001,0,0.0,22.6,23.0,,-0.6789313250702835,-0.5327008073080017,-0.7205003995137442,-0.6867578123116703,-0.6857818394919816,0.3662602505899892,0.5617593801296374,False
2021-10-30 04:26:00,-0.7,-0.1,-0.8,0.0,0.0,22.4,97.0,1.6,2.1,0.4,28.0,7.0,1002,0,0.0,22.6,23.0,,-0.6789313250702835,-0.5327008073080017,-0.7205003995137442,-0.6867578123116703,-0.6857818394919816,0.3662602505899892,0.2525546935464053,False
2021-10-30 04:27:00,-0.7,-0.1,-0.9,0.0,0.0,22.4,97.3,1.5,2.4,0.5,23.4,6.8,1002,0,0.0,22.6,22.9,,-0.6789313250702835,-0.5327008073080017,-0.7211295444750616,-0.6867578123116703,-0.6857818394919816,0.2855660994810165,0.4380775054963444,False
2021-10-30 04:28:00,-0.8,-0.1,-0.9,0.0,0.0,22.4,97.6,1.8,2.4,0.5,17.4,10.4,1002,0,0.0,22.6,23.0,,-0.6792663392069817,-0.5327008073080017,-0.7211295444750616,-0.6867578123116703,-0.6857818394919816,0.5276485528079343,0.4380775054963444,False
2021-10-30 04:29:00,-0.8,-0.1,-0.8,0.0,0.0,22.3,97.8,1.6,2.6,0.5,21.4,16.1,1002,0,0.0,22.6,23.0,,-0.6792663392069817,-0.5327008073080017,-0.7205003995137442,-0.6867578123116703,-0.6857818394919816,0.3662602505899892,0.5617593801296374,False
2021-10-30 04:30:00,-0.8,-0.1,-0.8,0.0,0.0,22.3,98.0,1.7,2.6,0.6,38.2,18.3,1002,0,0.0,22.6,23.0,,-0.6792663392069817,-0.5327008073080017,-0.7205003995137442,-0.6867578123116703,-0.6857818394919816,0.4469544016989616,0.5617593801296374,False
2021-10-30 04:31:00,-0.8,-0.1,-0.9,0.0,0.0,22.3,98.0,1.8,2.6,0.5,44.2,13.5,1002,0,0.0,22.6,23.0,,-0.6792663392069817,-0.5327008073080017,-0.7211295444750616,-0.6867578123116703,-0.6857818394919816,0.5276485528079343,0.5617593801296374,False
2021-10-30 04:32:00,-0.8,-0.1,-0.9,0.0,0.0,22.3,98.0,1.9,2.6,0.5,49.6,10.6,1002,0,0.0,22.6,23.0,,-0.6792663392069817,-0.5327008073080017,-0.7211295444750616,-0.6867578123116703,-0.6857818394919816,0.6083427039169068,0.5617593801296374,False
2021-10-30 04:33:00,-0.8,-0.1,-0.9,0.0,0.0,22.3,98.0,1.7,2.4,0.5,54.0,7.8,1002,0,0.0,22.6,23.0,,-0.6792663392069817,-0.5327008073080017,-0.7211295444750616,-0.6867578123116703,-0.6857818394919816,0.4469544016989616,0.4380775054963444,False
2021-10-30 04:34:00,-0.8,-0.1,-0.9,0.0,0.0,22.3,97.7,0.9,1.6,0.6,51.8,5.7,1002,0,0.0,22.6,23.0,,-0.6792663392069817,-0.5327008073080017,-0.7211295444750616,-0.6867578123116703,-0.6857818394919816,-0.198598807172819,-0.0566499930368267,False
2021-10-30 04:35:00,-0.8,-0.1,-0.9,0.0,0.0,22.3,97.7,1.3,1.9,0.4,52.2,5.2,1002,0,0.0,22.6,23.0,,-0.6792663392069817,-0.5327008073080017,-0.7211295444750616,-0.6867578123116703,-0.6857818394919816,0.1241777972630713,0.1288728189131124,False
2021-10-30 04:36:00,-0.8,-0.1,-0.9,0.0,0.0,22.3,97.7,0.8,1.4,0.5,48.5,9.0,1001,0,0.0,22.6,23.0,,-0.6792663392069817,-0.5327008073080017,-0.7211295444750616,-0.6867578123116703,-0.6857818394919816,-0.2792929582817916,-0.1803318676701196,False
2021-10-30 04:37:00,-0.8,-0.1,-0.9,0.0,0.0,22.3,97.8,0.4,1.1,0.5,39.8,9.3,1001,0,0.0,22.6,23.0,,-0.6792663392069817,-0.5327008073080017,-0.7211295444750616,-0.6867578123116703,-0.6857818394919816,-0.602069562717682,-0.3658546796200588,False
2021-10-30 04:38:00,-0.8,-0.1,-0.9,0.0,0.0,22.3,97.6,0.1,0.7,0.3,343.1,4.7,1001,0,0.0,22.6,23.0,,-0.6792663392069817,-0.5327008073080017,-0.7211295444750616,-0.6867578123116703,-0.6857818394919816,-0.8441520160445998,-0.6132184288866446,False
2021-10-30 04:39:00,-0.8,-0.1,-0.9,0.0,0.0,22.3,97.7,1.2,1.4,0.3,336.7,14.2,1001,0,0.0,22.6,23.0,,-0.6792663392069817,-0.5327008073080017,-0.7211295444750616,-0.6867578123116703,-0.6857818394919816,0.0434836461540987,-0.1803318676701196,False
2021-10-30 04:40:00,-0.8,-0.1,-0.9,0.0,0.0,22.3,97.9,0.7,1.4,0.6,17.4,5.3,1001,0,0.0,22.6,23.0,,-0.6792663392069817,-0.5327008073080017,-0.7211295444750616,-0.6867578123116703,-0.6857818394919816,-0.3599871093907643,-0.1803318676701196,False
2021-10-30 04:41:00,-0.9,-0.1,-0.9,0.0,0.0,22.3,97.9,0.3,1.1,0.5,37.6,3.1,1001,0,0.0,22.6,23.0,,-0.6796013533436797,-0.5327008073080017,-0.7211295444750616,-0.6867578123116703,-0.6857818394919816,-0.6827637138266546,-0.3658546796200588,False
2021-10-30 04:42:00,-0.9,-0.1,-1.0,0.0,0.0,22.3,98.0,0.6,1.6,0.6,46.1,6.8,1001,0,0.0,22.6,23.0,,-0.6796013533436797,-0.5327008073080017,-0.721758689436379,-0.6867578123116703,-0.6857818394919816,-0.4406812604997369,-0.0566499930368267,False
2021-10-30 04:43:00,-0.9,-0.1,-1.0,0.0,0.0,22.3,98.2,1.0,1.1,0.4,62.6,5.4,1002,0,0.0,22.6,23.0,,-0.6796013533436797,-0.5327008073080017,-0.721758689436379,-0.6867578123116703,-0.6857818394919816,-0.1179046560638464,-0.3658546796200588,False
2021-10-30 04:44:00,-1.0,-0.1,-1.1,0.0,0.0,22.3,98.4,0.8,1.1,0.5,68.5,1.9,1002,0,0.0,22.6,23.0,,-0.6799363674803777,-0.5327008073080017,-0.7223878343976964,-0.6867578123116703,-0.6857818394919816,-0.2792929582817916,-0.3658546796200588,False
2021-10-30 04:45:00,-1.0,-0.1,-1.1,0.0,0.0,22.3,98.5,0.4,1.1,0.5,56.1,5.4,1002,0,0.1,22.6,23.0,,-0.6799363674803777,-0.5327008073080017,-0.7223878343976964,-0.6867578123116703,-0.6857818394919816,-0.602069562717682,-0.3658546796200588,False
2021-10-30 04:46:00,-1.0,-0.1,-1.2,0.0,0.0,22.3,98.4,0.8,1.4,0.5,27.4,12.5,1002,0,0.0,22.6,23.0,,-0.6799363674803777,-0.5327008073080017,-0.7230169793590139,-0.6867578123116703,-0.6857818394919816,-0.2792929582817916,-0.1803318676701196,False
2021-10-30 04:47:00,-1.0,-0.1,-1.2,0.0,0.0,22.2,98.4,1.0,1.1,0.3,16.9,3.4,1002,0,0.1,22.6,23.0,,-0.6799363674803777,-0.5327008073080017,-0.7230169793590139,-0.6867578123116703,-0.6857818394919816,-0.1179046560638464,-0.3658546796200588,False
2021-10-30 04:48:00,-1.0,-0.1,-1.2,0.0,0.0,22.2,98.3,0.9,1.1,0.5,3.4,7.0,1002,0,0.0,22.6,23.0,,-0.6799363674803777,-0.5327008073080017,-0.7230169793590139,-0.6867578123116703,-0.6857818394919816,-0.198598807172819,-0.3658546796200588,False
2021-10-30 04:49:00,-1.0,-0.1,-1.1,0.0,0.0,22.2,98.2,0.9,1.4,0.4,352.9,5.4,1002,0,0.0,22.6,23.0,,-0.6799363674803777,-0.5327008073080017,-0.7223878343976964,-0.6867578123116703,-0.6857818394919816,-0.198598807172819,-0.1803318676701196,False
2021-10-30 04:50:00,-1.0,-0.1,-1.2,0.0,0.0,22.2,98.2,0.2,1.1,0.4,350.1,0.0,1002,0,0.0,22.6,23.0,,-0.6799363674803777,-0.5327008073080017,-0.7230169793590139,-0.6867578123116703,-0.6857818394919816,-0.7634578649356273,-0.3658546796200588,False
2021-10-30 04:51:00,-1.0,-0.1,-1.2,0.0,0.0,22.2,98.3,0.6,1.4,0.6,8.8,10.0,1002,0,0.0,22.6,23.0,,-0.6799363674803777,-0.5327008073080017,-0.7230169793590139,-0.6867578123116703,-0.6857818394919816,-0.4406812604997369,-0.1803318676701196,False
2021-10-30 04:52:00,-1.0,-0.1,-1.2,0.0,0.0,22.2,98.4,1.2,1.6,0.5,8.1,7.6,1002,0,0.1,22.6,22.9,,-0.6799363674803777,-0.5327008073080017,-0.7230169793590139,-0.6867578123116703,-0.6857818394919816,0.0434836461540987,-0.0566499930368267,False
2021-10-30 04:53:00,-1.0,-0.1,-1.2,0.0,0.0,22.2,98.1,1.6,2.1,0.4,3.9,12.1,1002,0,0.1,22.6,22.9,,-0.6799363674803777,-0.5327008073080017,-0.7230169793590139,-0.6867578123116703,-0.6857818394919816,0.3662602505899892,0.2525546935464053,False
2021-10-30 04:54:00,-1.0,-0.2,-1.2,0.0,0.0,22.2,97.7,2.0,2.6,0.4,345.3,5.3,1002,0,0.2,22.6,22.9,,-0.6799363674803777,-0.5331581541144562,-0.7230169793590139,-0.6867578123116703,-0.6857818394919816,0.6890368550258795,0.5617593801296374,False
2021-10-30 04:55:00,-1.0,-0.2,-1.2,0.0,0.0,22.2,97.7,1.8,2.6,0.5,332.4,11.0,1002,0,0.0,22.6,22.9,,-0.6799363674803777,-0.5331581541144562,-0.7230169793590139,-0.6867578123116703,-0.6857818394919816,0.5276485528079343,0.5617593801296374,False
2021-10-30 04:56:00,-1.0,-0.2,-1.1,0.0,0.0,22.2,97.8,2.2,2.6,0.4,338.6,7.5,1002,0,0.0,22.5,22.9,,-0.6799363674803777,-0.5331581541144562,-0.7223878343976964,-0.6867578123116703,-0.6857818394919816,0.8504251572438248,0.5617593801296374,False
2021-10-30 04:57:00,-1.0,-0.2,-1.1,0.0,0.0,22.2,97.8,2.3,2.6,0.4,347.8,4.3,1002,0,0.0,22.5,22.9,,-0.6799363674803777,-0.5331581541144562,-0.7223878343976964,-0.6867578123116703,-0.6857818394919816,0.9311193083527972,0.5617593801296374,False
2021-10-30 04:58:00,-1.0,-0.2,-1.2,0.0,0.0,22.2,97.8,1.3,2.1,0.7,352.7,4.6,1002,0,0.0,22.5,22.9,,-0.6799363674803777,-0.5331581541144562,-0.7230169793590139,-0.6867578123116703,-0.6857818394919816,0.1241777972630713,0.2525546935464053,False
2021-10-30 04:59:00,-1.0,-0.1,-1.2,0.0,0.0,22.2,97.9,0.1,1.1,0.3,344.5,0.3,1002,0,0.1,22.5,22.9,,-0.6799363674803777,-0.5327008073080017,-0.7230169793590139,-0.6867578123116703,-0.6857818394919816,-0.8441520160445998,-0.3658546796200588,False
2021-10-30 05:00:00,-1.0,-0.1,-1.2,0.0,0.0,22.2,98.0,0.6,1.4,0.6,354.8,7.6,1002,0,0.1,22.5,22.9,,-0.6799363674803777,-0.5327008073080017,-0.7230169793590139,-0.6867578123116703,-0.6857818394919816,-0.4406812604997369,-0.1803318676701196,False
2021-10-30 05:01:00,-1.0,-0.1,-1.2,0.0,0.0,22.2,98.1,0.8,1.4,0.5,359.6,6.0,1002,0,0.0,22.5,22.9,,-0.6799363674803777,-0.5327008073080017,-0.7230169793590139,-0.6867578123116703,-0.6857818394919816,-0.2792929582817916,-0.1803318676701196,False
2021-10-30 05:02:00,-1.0,-0.1,-1.1,0.0,0.0,22.2,98.3,1.5,2.1,0.4,6.0,6.6,1002,0,0.1,22.5,22.9,,-0.6799363674803777,-0.5327008073080017,-0.7223878343976964,-0.6867578123116703,-0.6857818394919816,0.2855660994810165,0.2525546935464053,False
2021-10-30 05:03:00,-1.0,-0.1,-1.1,0.0,0.0,22.2,98.1,1.5,2.1,0.4,14.6,6.9,1002,0,0.1,22.5,22.9,,-0.6799363674803777,-0.5327008073080017,-0.7223878343976964,-0.6867578123116703,-0.6857818394919816,0.2855660994810165,0.2525546935464053,False
2021-10-30 05:04:00,-1.0,-0.2,-1.2,0.0,0.0,22.1,98.0,1.9,2.4,0.4,16.2,8.7,1002,0,0.1,22.5,22.9,,-0.6799363674803777,-0.5331581541144562,-0.7230169793590139,-0.6867578123116703,-0.6857818394919816,0.6083427039169068,0.4380775054963444,False
2021-10-30 05:05:00,-1.0,-0.1,-1.2,0.0,0.0,22.1,98.0,1.8,2.6,0.4,25.8,11.4,1002,0,0.0,22.5,22.8,,-0.6799363674803777,-0.5327008073080017,-0.7230169793590139,-0.6867578123116703,-0.6857818394919816,0.5276485528079343,0.5617593801296374,False
2021-10-30 05:06:00,-1.0,-0.1,-1.2,0.0,0.0,22.1,98.0,1.6,1.9,0.4,12.6,3.6,1002,0,0.1,22.5,22.8,,-0.6799363674803777,-0.5327008073080017,-0.7230169793590139,-0.6867578123116703,-0.6857818394919816,0.3662602505899892,0.1288728189131124,False
2021-10-30 05:07:00,-1.0,-0.1,-1.1,0.0,0.0,22.2,98.1,1.7,2.1,0.3,14.5,5.6,1002,0,0.0,22.5,22.8,,-0.6799363674803777,-0.5327008073080017,-0.7223878343976964,-0.6867578123116703,-0.6857818394919816,0.4469544016989616,0.2525546935464053,False
2021-10-30 05:08:00,-1.0,-0.1,-1.1,0.0,0.0,22.1,98.1,1.7,2.1,0.4,13.2,4.8,1002,0,0.1,22.4,22.8,,-0.6799363674803777,-0.5327008073080017,-0.7223878343976964,-0.6867578123116703,-0.6857818394919816,0.4469544016989616,0.2525546935464053,False
2021-10-30 05:09:00,-1.0,-0.1,-1.1,0.0,0.0,22.1,98.0,1.4,1.9,0.5,13.8,4.9,1002,0,0.0,22.4,22.8,,-0.6799363674803777,-0.5327008073080017,-0.7223878343976964,-0.6867578123116703,-0.6857818394919816,0.2048719483720438,0.1288728189131124,False
2021-10-30 05:10:00,-0.9,-0.1,-1.1,0.0,0.0,22.1,98.1,1.0,1.4,0.4,22.3,4.4,1002,0,0.1,22.4,22.8,,-0.6796013533436797,-0.5327008073080017,-0.7223878343976964,-0.6867578123116703,-0.6857818394919816,-0.1179046560638464,-0.1803318676701196,False
2021-10-30 05:11:00,-0.9,-0.1,-1.1,0.0,0.0,22.1,98.2,1.2,1.6,0.5,17.8,6.4,1002,0,0.0,22.4,22.8,,-0.6796013533436797,-0.5327008073080017,-0.7223878343976964,-0.6867578123116703,-0.6857818394919816,0.0434836461540987,-0.0566499930368267,False
2021-10-30 05:12:00,-0.9,-0.1,-1.0,0.0,0.0,22.1,98.2,0.9,1.9,0.6,22.0,7.4,1002,0,0.0,22.4,22.8,,-0.6796013533436797,-0.5327008073080017,-0.721758689436379,-0.6867578123116703,-0.6857818394919816,-0.198598807172819,0.1288728189131124,False
2021-10-30 05:13:00,-0.9,-0.1,-1.0,0.0,0.0,22.1,98.2,0.9,1.6,0.5,9.4,9.3,1002,0,0.1,22.4,22.8,,-0.6796013533436797,-0.5327008073080017,-0.721758689436379,-0.6867578123116703,-0.6857818394919816,-0.198598807172819,-0.0566499930368267,False
2021-10-30 05:14:00,-0.9,-0.1,-1.0,0.0,0.0,22.1,98.4,1.2,1.6,0.4,12.5,10.1,1002,0,0.0,22.5,22.8,,-0.6796013533436797,-0.5327008073080017,-0.721758689436379,-0.6867578123116703,-0.6857818394919816,0.0434836461540987,-0.0566499930368267,False
2021-10-30 05:15:00,-0.9,-0.1,-1.0,0.0,0.0,22.1,98.2,0.5,1.6,0.6,15.8,2.2,1002,0,0.0,22.5,22.8,,-0.6796013533436797,-0.5327008073080017,-0.721758689436379,-0.6867578123116703,-0.6857818394919816,-0.5213754116087095,-0.0566499930368267,False
2021-10-30 05:16:00,-0.9,-0.1,-1.0,0.0,0.0,22.1,98.2,0.5,1.1,0.5,7.5,2.0,1002,0,0.0,22.4,22.8,,-0.6796013533436797,-0.5327008073080017,-0.721758689436379,-0.6867578123116703,-0.6857818394919816,-0.5213754116087095,-0.3658546796200588,False
2021-10-30 05:17:00,-0.9,-0.1,-1.0,0.0,0.0,22.1,98.2,1.3,1.9,0.4,5.2,8.7,1002,0,0.0,22.4,22.8,,-0.6796013533436797,-0.5327008073080017,-0.721758689436379,-0.6867578123116703,-0.6857818394919816,0.1241777972630713,0.1288728189131124,False
2021-10-30 05:18:00,-0.9,-0.1,-1.0,0.0,0.0,22.1,98.1,1.2,1.9,0.4,2.1,4.8,1002,0,0.0,22.4,22.8,,-0.6796013533436797,-0.5327008073080017,-0.721758689436379,-0.6867578123116703,-0.6857818394919816,0.0434836461540987,0.1288728189131124,False
2021-10-30 05:19:00,-0.9,-0.1,-1.0,0.0,0.0,22.1,98.2,1.5,1.6,0.4,357.7,4.9,1002,0,0.1,22.4,22.8,,-0.6796013533436797,-0.5327008073080017,-0.721758689436379,-0.6867578123116703,-0.6857818394919816,0.2855660994810165,-0.0566499930368267,False
2021-10-30 05:20:00,-0.9,-0.1,-1.1,0.0,0.0,22.1,98.1,1.3,1.9,0.4,2.5,4.8,1002,0,0.0,22.4,22.8,,-0.6796013533436797,-0.5327008073080017,-0.7223878343976964,-0.6867578123116703,-0.6857818394919816,0.1241777972630713,0.1288728189131124,False
2021-10-30 05:21:00,-0.9,-0.1,-1.1,0.0,0.0,22.1,98.2,1.1,1.4,0.5,359.2,4.7,1002,0,0.0,22.4,22.8,,-0.6796013533436797,-0.5327008073080017,-0.7223878343976964,-0.6867578123116703,-0.6857818394919816,-0.0372105049548737,-0.1803318676701196,False
2021-10-30 05:22:00,-1.0,-0.1,-1.1,0.0,0.0,22.1,98.2,0.7,1.6,0.5,357.6,4.1,1002,0,0.0,22.4,22.8,,-0.6799363674803777,-0.5327008073080017,-0.7223878343976964,-0.6867578123116703,-0.6857818394919816,-0.3599871093907643,-0.0566499930368267,False
2021-10-30 05:23:00,-1.0,-0.1,-1.1,0.0,0.0,22.1,98.3,0.6,1.1,0.5,356.3,3.5,1002,0,0.0,22.4,22.8,,-0.6799363674803777,-0.5327008073080017,-0.7223878343976964,-0.6867578123116703,-0.6857818394919816,-0.4406812604997369,-0.3658546796200588,False
2021-10-30 05:24:00,-1.0,-0.1,-1.1,0.0,0.0,22.1,98.2,0.8,1.1,0.5,342.3,5.6,1002,0,0.0,22.4,22.7,,-0.6799363674803777,-0.5327008073080017,-0.7223878343976964,-0.6867578123116703,-0.6857818394919816,-0.2792929582817916,-0.3658546796200588,False
2021-10-30 05:25:00,-1.0,-0.1,-1.1,0.0,0.0,22.1,98.4,1.1,1.4,0.3,348.9,1.6,1002,0,0.0,22.4,22.7,,-0.6799363674803777,-0.5327008073080017,-0.7223878343976964,-0.6867578123116703,-0.6857818394919816,-0.0372105049548737,-0.1803318676701196,False
2021-10-30 05:26:00,-1.0,-0.1,-1.2,0.0,0.0,22.1,98.5,0.9,1.4,0.5,347.4,0.5,1002,0,0.0,22.4,22.7,,-0.6799363674803777,-0.5327008073080017,-0.7230169793590139,-0.6867578123116703,-0.6857818394919816,-0.198598807172819,-0.1803318676701196,False
2021-10-30 05:27:00,-1.0,-0.1,-1.2,0.0,0.0,22.0,98.4,0.2,0.7,0.4,341.3,3.4,1002,0,0.0,22.4,22.7,,-0.6799363674803777,-0.5327008073080017,-0.7230169793590139,-0.6867578123116703,-0.6857818394919816,-0.7634578649356273,-0.6132184288866446,False
2021-10-30 05:28:00,-1.0,-0.1,-1.2,0.0,0.0,22.0,98.6,0.5,1.4,0.6,341.1,5.5,1002,0,0.0,22.4,22.7,,-0.6799363674803777,-0.5327008073080017,-0.7230169793590139,-0.6867578123116703,-0.6857818394919816,-0.5213754116087095,-0.1803318676701196,False
2021-10-30 05:29:00,-1.0,-0.1,-1.2,0.0,0.0,22.0,98.5,0.7,1.1,0.5,346.4,8.5,1002,0,0.0,22.4,22.7,,-0.6799363674803777,-0.5327008073080017,-0.7230169793590139,-0.6867578123116703,-0.6857818394919816,-0.3599871093907643,-0.3658546796200588,False
2021-10-30 05:30:00,-1.0,-0.1,-1.2,0.0,0.0,22.0,98.3,0.1,0.7,0.4,346.4,0.1,1002,0,0.0,22.4,22.7,,-0.6799363674803777,-0.5327008073080017,-0.7230169793590139,-0.6867578123116703,-0.6857818394919816,-0.8441520160445998,-0.6132184288866446,False
2021-10-30 05:31:00,-1.0,-0.1,-1.2,0.0,0.0,22.0,98.4,0.1,0.7,0.3,350.1,4.9,1002,0,0.0,22.4,22.7,,-0.6799363674803777,-0.5327008073080017,-0.7230169793590139,-0.6867578123116703,-0.6857818394919816,-0.8441520160445998,-0.6132184288866446,False
2021-10-30 05:32:00,-1.0,-0.1,-1.2,0.0,0.0,22.0,98.5,0.1,1.1,0.4,14.8,4.2,1002,0,0.0,22.4,22.7,,-0.6799363674803777,-0.5327008073080017,-0.7230169793590139,-0.6867578123116703,-0.6857818394919816,-0.8441520160445998,-0.3658546796200588,False
2021-10-30 05:33:00,-1.0,-0.1,-1.2,0.0,0.0,22.0,98.5,0.5,1.4,0.6,2.5,10.5,1002,0,0.0,22.4,22.7,,-0.6799363674803777,-0.5327008073080017,-0.7230169793590139,-0.6867578123116703,-0.6857818394919816,-0.5213754116087095,-0.1803318676701196,False
2021-10-30 05:34:00,-1.0,-0.1,-1.2,0.0,0.0,22.0,98.6,0.0,0.0,0.0,0.0,0.0,1002,0,0.0,22.3,22.7,,-0.6799363674803777,-0.5327008073080017,-0.7230169793590139,-0.6867578123116703,-0.6857818394919816,-0.9248461671535724,-1.0461049901031694,False
2021-10-30 05:35:00,-1.0,-0.1,-1.2,0.0,0.0,22.0,98.6,0.6,1.1,0.5,353.9,8.5,1002,0,0.0,22.3,22.7,,-0.6799363674803777,-0.5327008073080017,-0.7230169793590139,-0.6867578123116703,-0.6857818394919816,-0.4406812604997369,-0.3658546796200588,False
2021-10-30 05:36:00,-1.0,-0.1,-1.2,0.0,0.0,22.0,98.6,0.6,1.4,0.6,358.2,3.5,1002,0,0.0,22.3,22.7,,-0.6799363674803777,-0.5327008073080017,-0.7230169793590139,-0.6867578123116703,-0.6857818394919816,-0.4406812604997369,-0.1803318676701196,False
2021-10-30 05:37:00,-1.0,-0.1,-1.2,0.0,0.0,22.0,98.8,0.4,1.1,0.5,355.7,5.8,1002,0,0.0,22.3,22.7,,-0.6799363674803777,-0.5327008073080017,-0.7230169793590139,-0.6867578123116703,-0.6857818394919816,-0.602069562717682,-0.3658546796200588,False
2021-10-30 05:38:00,-1.0,-0.1,-1.2,0.0,0.0,22.0,98.8,1.0,1.6,0.5,1.1,15.8,1002,0,0.0,22.3,22.7,,-0.6799363674803777,-0.5327008073080017,-0.7230169793590139,-0.6867578123116703,-0.6857818394919816,-0.1179046560638464,-0.0566499930368267,False
2021-10-30 05:39:00,-1.0,-0.1,-1.2,0.0,0.0,22.0,98.9,1.1,1.6,0.4,359.0,5.6,1002,0,0.0,22.3,22.7,,-0.6799363674803777,-0.5327008073080017,-0.7230169793590139,-0.6867578123116703,-0.6857818394919816,-0.0372105049548737,-0.0566499930368267,False
2021-10-30 05:40:00,-1.0,-0.1,-1.2,0.0,0.0,22.0,98.9,0.8,1.4,0.5,348.2,7.3,1002,0,0.0,22.3,22.7,,-0.6799363674803777,-0.5327008073080017,-0.7230169793590139,-0.6867578123116703,-0.6857818394919816,-0.2792929582817916,-0.1803318676701196,False
2021-10-30 05:41:00,-1.0,-0.1,-1.2,0.0,0.0,22.0,98.9,0.0,0.7,0.2,350.2,0.0,1002,0,0.0,22.3,22.7,,-0.6799363674803777,-0.5327008073080017,-0.7230169793590139,-0.6867578123116703,-0.6857818394919816,-0.9248461671535724,-0.6132184288866446,False
2021-10-30 05:42:00,-1.0,-0.1,-1.3,0.0,0.0,22.0,98.7,0.5,1.1,0.5,351.1,2.3,1002,0,0.0,22.3,22.7,,-0.6799363674803777,-0.5327008073080017,-0.7236461243203312,-0.6867578123116703,-0.6857818394919816,-0.5213754116087095,-0.3658546796200588,False
2021-10-30 05:43:00,-1.1,-0.1,-1.3,0.0,0.0,22.0,98.8,0.7,1.1,0.5,350.5,8.0,1002,0,0.0,22.3,22.7,,-0.6802713816170757,-0.5327008073080017,-0.7236461243203312,-0.6867578123116703,-0.6857818394919816,-0.3599871093907643,-0.3658546796200588,False
2021-10-30 05:44:00,-1.1,-0.1,-1.3,0.0,0.0,22.0,98.9,1.1,1.6,0.4,340.6,1.1,1002,0,0.0,22.3,22.7,,-0.6802713816170757,-0.5327008073080017,-0.7236461243203312,-0.6867578123116703,-0.6857818394919816,-0.0372105049548737,-0.0566499930368267,False
2021-10-30 05:45:00,-1.1,-0.1,-1.3,0.0,0.0,22.0,98.8,0.9,1.4,0.5,343.0,2.0,1002,0,0.0,22.3,22.7,,-0.6802713816170757,-0.5327008073080017,-0.7236461243203312,-0.6867578123116703,-0.6857818394919816,-0.198598807172819,-0.1803318676701196,False
2021-10-30 05:46:00,-1.1,-0.1,-1.3,0.0,0.0,22.0,98.5,0.5,1.1,0.5,333.6,4.7,1002,0,0.0,22.4,22.7,,-0.6802713816170757,-0.5327008073080017,-0.7236461243203312,-0.6867578123116703,-0.6857818394919816,-0.5213754116087095,-0.3658546796200588,False
2021-10-30 05:47:00,-1.1,-0.1,-1.3,0.0,0.0,22.0,98.4,1.1,1.6,0.4,326.1,7.2,1002,0,0.0,22.4,22.7,,-0.6802713816170757,-0.5327008073080017,-0.7236461243203312,-0.6867578123116703,-0.6857818394919816,-0.0372105049548737,-0.0566499930368267,False
2021-10-30 05:48:00,-1.1,-0.1,-1.3,0.0,0.0,22.0,98.2,0.7,1.6,0.6,331.5,8.9,1002,0,0.0,22.4,22.7,,-0.6802713816170757,-0.5327008073080017,-0.7236461243203312,-0.6867578123116703,-0.6857818394919816,-0.3599871093907643,-0.0566499930368267,False
2021-10-30 05:49:00,-1.1,-0.1,-1.3,0.0,0.0,22.1,98.2,1.3,2.1,0.6,353.5,8.9,1002,0,0.0,22.3,22.7,,-0.6802713816170757,-0.5327008073080017,-0.7236461243203312,-0.6867578123116703,-0.6857818394919816,0.1241777972630713,0.2525546935464053,False
2021-10-30 05:50:00,-1.2,-0.1,-1.3,0.0,0.0,22.1,98.2,0.6,1.1,0.5,330.1,4.4,1002,0,0.0,22.4,22.7,,-0.6806063957537737,-0.5327008073080017,-0.7236461243203312,-0.6867578123116703,-0.6857818394919816,-0.4406812604997369,-0.3658546796200588,False
2021-10-30 05:51:00,-1.2,-0.1,-1.3,0.0,0.0,22.1,98.0,0.9,1.4,0.4,321.5,3.2,1002,0,0.0,22.4,22.7,,-0.6806063957537737,-0.5327008073080017,-0.7236461243203312,-0.6867578123116703,-0.6857818394919816,-0.198598807172819,-0.1803318676701196,False
2021-10-30 05:52:00,-1.2,-0.1,-1.3,0.0,0.0,22.1,98.0,1.0,1.4,0.4,308.0,2.9,1002,0,0.0,22.4,22.7,,-0.6806063957537737,-0.5327008073080017,-0.7236461243203312,-0.6867578123116703,-0.6857818394919816,-0.1179046560638464,-0.1803318676701196,False
2021-10-30 05:53:00,-1.2,-0.1,-1.3,0.0,0.0,22.1,98.0,0.4,1.1,0.5,304.2,6.1,1002,0,0.0,22.4,22.7,,-0.6806063957537737,-0.5327008073080017,-0.7236461243203312,-0.6867578123116703,-0.6857818394919816,-0.602069562717682,-0.3658546796200588,False
2021-10-30 05:54:00,-1.1,-0.1,-1.3,0.0,0.0,22.1,98.0,0.4,1.1,0.5,306.8,4.8,1002,0,0.0,22.4,22.7,,-0.6802713816170757,-0.5327008073080017,-0.7236461243203312,-0.6867578123116703,-0.6857818394919816,-0.602069562717682,-0.3658546796200588,False
2021-10-30 05:55:00,-1.1,-0.1,-1.3,0.0,0.0,22.1,98.1,0.3,1.1,0.5,315.5,3.8,1002,0,0.0,22.4,22.7,,-0.6802713816170757,-0.5327008073080017,-0.7236461243203312,-0.6867578123116703,-0.6857818394919816,-0.6827637138266546,-0.3658546796200588,False
2021-10-30 05:56:00,-1.2,-0.1,-1.3,0.0,0.0,22.1,98.1,0.6,1.4,0.6,320.9,4.0,1002,0,0.0,22.4,22.7,,-0.6806063957537737,-0.5327008073080017,-0.7236461243203312,-0.6867578123116703,-0.6857818394919816,-0.4406812604997369,-0.1803318676701196,False
2021-10-30 05:57:00,-1.2,-0.1,-1.2,0.0,0.0,22.1,98.1,0.6,1.1,0.5,332.4,2.0,1002,0,0.0,22.4,22.7,,-0.6806063957537737,-0.5327008073080017,-0.7230169793590139,-0.6867578123116703,-0.6857818394919816,-0.4406812604997369,-0.3658546796200588,False
2021-10-30 05:58:00,-1.2,-0.1,-1.2,0.0,0.0,22.1,98.1,0.9,1.4,0.4,330.2,3.7,1002,0,0.0,22.3,22.7,,-0.6806063957537737,-0.5327008073080017,-0.7230169793590139,-0.6867578123116703,-0.6857818394919816,-0.198598807172819,-0.1803318676701196,False
2021-10-30 05:59:00,-1.2,-0.1,-1.3,0.0,0.0,22.1,97.9,0.2,1.1,0.5,327.9,0.0,1002,0,0.0,22.3,22.7,,-0.6806063957537737,-0.5327008073080017,-0.7236461243203312,-0.6867578123116703,-0.6857818394919816,-0.7634578649356273,-0.3658546796200588,False
2021-10-30 06:00:00,-1.2,-0.1,-1.3,0.0,0.0,22.1,98.0,0.4,1.1,0.5,318.5,0.9,1002,0,0.0,22.3,22.7,,-0.6806063957537737,-0.5327008073080017,-0.7236461243203312,-0.6867578123116703,-0.6857818394919816,-0.602069562717682,-0.3658546796200588,False
2021-10-30 06:01:00,-1.2,-0.1,-1.3,0.0,0.0,22.1,98.0,1.1,1.6,0.4,318.4,2.6,1002,0,0.0,22.3,22.7,,-0.6806063957537737,-0.5327008073080017,-0.7236461243203312,-0.6867578123116703,-0.6857818394919816,-0.0372105049548737,-0.0566499930368267,False
2021-10-30 06:02:00,-1.2,-0.1,-1.3,0.0,0.0,22.1,98.0,0.8,1.1,0.5,312.3,3.8,1002,0,0.0,22.3,22.7,,-0.6806063957537737,-0.5327008073080017,-0.7236461243203312,-0.6867578123116703,-0.6857818394919816,-0.2792929582817916,-0.3658546796200588,False
2021-10-30 06:03:00,-1.2,-0.1,-1.3,0.0,0.0,22.1,98.0,0.5,1.4,0.6,310.3,2.2,1002,0,0.0,22.3,22.7,,-0.6806063957537737,-0.5327008073080017,-0.7236461243203312,-0.6867578123116703,-0.6857818394919816,-0.5213754116087095,-0.1803318676701196,False
2021-10-30 06:04:00,-1.2,-0.1,-1.3,0.0,0.0,22.1,98.0,0.4,0.7,0.5,322.2,2.2,1002,0,0.0,22.3,22.7,,-0.6806063957537737,-0.5327008073080017,-0.7236461243203312,-0.6867578123116703,-0.6857818394919816,-0.602069562717682,-0.6132184288866446,False
2021-10-30 06:05:00,-1.2,-0.1,-1.3,0.0,0.0,22.1,98.2,0.4,1.1,0.5,322.8,3.4,1002,0,0.0,22.3,22.7,,-0.6806063957537737,-0.5327008073080017,-0.7236461243203312,-0.6867578123116703,-0.6857818394919816,-0.602069562717682,-0.3658546796200588,False
2021-10-30 06:06:00,-1.2,-0.1,-1.3,0.0,0.0,22.1,98.2,1.2,1.9,0.5,331.1,6.2,1002,0,0.0,22.3,22.7,,-0.6806063957537737,-0.5327008073080017,-0.7236461243203312,-0.6867578123116703,-0.6857818394919816,0.0434836461540987,0.1288728189131124,False
2021-10-30 06:07:00,-1.2,-0.1,-1.3,0.0,0.0,22.1,98.4,1.5,1.9,0.4,337.9,5.2,1002,0,0.0,22.3,22.7,,-0.6806063957537737,-0.5327008073080017,-0.7236461243203312,-0.6867578123116703,-0.6857818394919816,0.2855660994810165,0.1288728189131124,False
2021-10-30 06:08:00,-1.2,-0.1,-1.3,0.0,0.0,22.1,98.5,0.9,1.4,0.4,343.0,6.1,1002,0,0.0,22.3,22.7,,-0.6806063957537737,-0.5327008073080017,-0.7236461243203312,-0.6867578123116703,-0.6857818394919816,-0.198598807172819,-0.1803318676701196,False
2021-10-30 06:09:00,-1.2,-0.1,-1.3,0.0,0.0,22.1,98.4,0.8,1.6,0.6,349.2,4.1,1002,0,0.0,22.3,22.7,,-0.6806063957537737,-0.5327008073080017,-0.7236461243203312,-0.6867578123116703,-0.6857818394919816,-0.2792929582817916,-0.0566499930368267,False
2021-10-30 06:10:00,-1.2,-0.1,-1.3,0.0,0.0,22.0,98.3,1.5,2.1,0.4,354.5,9.4,1002,0,0.0,22.3,22.7,,-0.6806063957537737,-0.5327008073080017,-0.7236461243203312,-0.6867578123116703,-0.6857818394919816,0.2855660994810165,0.2525546935464053,False
2021-10-30 06:11:00,-1.2,-0.1,-1.3,0.0,0.0,22.1,98.1,1.1,1.4,0.4,348.7,7.6,1002,0,0.0,22.3,22.7,,-0.6806063957537737,-0.5327008073080017,-0.7236461243203312,-0.6867578123116703,-0.6857818394919816,-0.0372105049548737,-0.1803318676701196,False
2021-10-30 06:12:00,-1.2,-0.1,-1.3,0.0,0.0,22.1,98.1,1.2,1.6,0.4,337.1,9.5,1002,0,0.0,22.3,22.7,,-0.6806063957537737,-0.5327008073080017,-0.7236461243203312,-0.6867578123116703,-0.6857818394919816,0.0434836461540987,-0.0566499930368267,False
2021-10-30 06:13:00,-1.2,-0.1,-1.3,0.0,0.0,22.1,98.0,0.7,1.4,0.6,326.0,3.5,1002,0,0.0,22.3,22.7,,-0.6806063957537737,-0.5327008073080017,-0.7236461243203312,-0.6867578123116703,-0.6857818394919816,-0.3599871093907643,-0.1803318676701196,False
2021-10-30 06:14:00,-1.2,-0.1,-1.3,0.0,0.0,22.1,97.8,0.0,0.0,0.0,0.0,0.0,1002,0,0.0,22.4,22.7,,-0.6806063957537737,-0.5327008073080017,-0.7236461243203312,-0.6867578123116703,-0.6857818394919816,-0.9248461671535724,-1.0461049901031694,False
2021-10-30 06:15:00,-1.2,-0.1,-1.3,0.0,0.0,22.1,98.0,0.0,0.0,0.0,0.0,0.0,1002,0,0.0,22.4,22.7,,-0.6806063957537737,-0.5327008073080017,-0.7236461243203312,-0.6867578123116703,-0.6857818394919816,-0.9248461671535724,-1.0461049901031694,False
2021-10-30 06:16:00,-1.2,-0.1,-1.3,0.0,0.0,22.1,98.1,0.0,0.0,0.0,0.0,0.0,1002,0,0.1,22.4,22.7,,-0.6806063957537737,-0.5327008073080017,-0.7236461243203312,-0.6867578123116703,-0.6857818394919816,-0.9248461671535724,-1.0461049901031694,False
2021-10-30 06:17:00,-1.2,-0.1,-1.3,0.0,0.0,22.1,98.1,0.0,0.0,0.0,0.0,0.0,1002,0,0.0,22.4,22.7,,-0.6806063957537737,-0.5327008073080017,-0.7236461243203312,-0.6867578123116703,-0.6857818394919816,-0.9248461671535724,-1.0461049901031694,False
2021-10-30 06:18:00,-1.2,-0.1,-1.3,0.0,0.0,22.1,98.1,0.0,0.0,0.0,0.0,0.0,1002,0,0.0,22.4,22.7,,-0.6806063957537737,-0.5327008073080017,-0.7236461243203312,-0.6867578123116703,-0.6857818394919816,-0.9248461671535724,-1.0461049901031694,False
2021-10-30 06:19:00,-1.2,-0.1,-1.3,0.0,0.0,22.1,98.0,0.0,0.0,0.0,0.0,0.0,1002,0,0.0,22.4,22.7,,-0.6806063957537737,-0.5327008073080017,-0.7236461243203312,-0.6867578123116703,-0.6857818394919816,-0.9248461671535724,-1.0461049901031694,False
2021-10-30 06:20:00,-1.2,-0.1,-1.3,0.0,0.0,22.1,98.1,0.2,1.1,0.5,312.2,1.1,1002,0,0.0,22.4,22.7,,-0.6806063957537737,-0.5327008073080017,-0.7236461243203312,-0.6867578123116703,-0.6857818394919816,-0.7634578649356273,-0.3658546796200588,False
2021-10-30 06:21:00,-1.2,-0.1,-1.3,0.0,0.0,22.1,98.1,0.1,1.1,0.4,304.9,0.1,1002,0,0.0,22.4,22.7,,-0.6806063957537737,-0.5327008073080017,-0.7236461243203312,-0.6867578123116703,-0.6857818394919816,-0.8441520160445998,-0.3658546796200588,False
2021-10-30 06:22:00,-1.2,-0.1,-1.3,0.0,0.0,22.1,98.2,0.7,1.4,0.6,319.9,12.4,1002,0,0.0,22.4,22.7,,-0.6806063957537737,-0.5327008073080017,-0.7236461243203312,-0.6867578123116703,-0.6857818394919816,-0.3599871093907643,-0.1803318676701196,False
2021-10-30 06:23:00,-1.2,-0.1,-1.3,0.1,0.1,22.1,98.1,0.1,0.7,0.2,347.1,0.9,1002,0,0.0,22.4,22.7,,-0.6806063957537737,-0.5327008073080017,-0.7236461243203312,-0.6864254722391014,-0.6854356855367634,-0.8441520160445998,-0.6132184288866446,False
2021-10-30 06:24:00,-1.2,-0.1,-1.2,0.1,0.1,22.1,97.9,0.0,0.0,0.0,0.0,0.0,1002,0,0.0,22.4,22.7,,-0.6806063957537737,-0.5327008073080017,-0.7230169793590139,-0.6864254722391014,-0.6854356855367634,-0.9248461671535724,-1.0461049901031694,False
2021-10-30 06:25:00,-1.1,-0.1,-1.2,0.1,0.1,22.1,97.5,0.0,0.0,0.0,0.0,0.0,1002,0,0.0,22.4,22.7,,-0.6802713816170757,-0.5327008073080017,-0.7230169793590139,-0.6864254722391014,-0.6854356855367634,-0.9248461671535724,-1.0461049901031694,False
2021-10-30 06:26:00,-1.1,-0.1,-1.2,0.2,0.2,22.1,97.5,0.0,0.0,0.0,0.0,0.0,1002,0,0.0,22.4,22.7,,-0.6802713816170757,-0.5327008073080017,-0.7230169793590139,-0.6860931321665326,-0.6850895315815452,-0.9248461671535724,-1.0461049901031694,False
2021-10-30 06:27:00,-1.0,-0.1,-1.2,0.2,0.2,22.1,97.5,0.0,0.0,0.0,0.0,0.0,1002,0,0.0,22.4,22.7,,-0.6799363674803777,-0.5327008073080017,-0.7230169793590139,-0.6860931321665326,-0.6850895315815452,-0.9248461671535724,-1.0461049901031694,False
2021-10-30 06:28:00,-1.0,-0.2,-1.1,0.3,0.3,22.1,97.4,0.0,0.0,0.0,0.0,0.0,1002,0,0.0,22.3,22.7,,-0.6799363674803777,-0.5331581541144562,-0.7223878343976964,-0.6857607920939635,-0.6847433776263269,-0.9248461671535724,-1.0461049901031694,False
2021-10-30 06:29:00,-0.9,-0.1,-1.0,0.4,0.4,22.1,97.7,0.0,0.4,0.1,139.2,0.0,1002,0,0.0,22.3,22.7,,-0.6796013533436797,-0.5327008073080017,-0.721758689436379,-0.6854284520213946,-0.6843972236711086,-0.9248461671535724,-0.7987412408365836,False
2021-10-30 06:30:00,-0.8,-0.1,-0.9,0.5,0.4,22.2,98.1,1.3,1.9,0.4,148.6,3.7,1002,0,0.0,22.3,22.7,,-0.6792663392069817,-0.5327008073080017,-0.7211295444750616,-0.6850961119488257,-0.6843972236711086,0.1241777972630713,0.1288728189131124,False
2021-10-30 06:31:00,-0.7,-0.1,-0.8,0.5,0.5,22.1,98.3,0.7,1.4,0.5,162.9,6.3,1002,0,0.0,22.3,22.7,,-0.6789313250702835,-0.5327008073080017,-0.7205003995137442,-0.6850961119488257,-0.6840510697158904,-0.3599871093907643,-0.1803318676701196,False
2021-10-30 06:32:00,-0.6,-0.1,-0.7,0.6,0.6,22.1,98.2,0.2,1.1,0.4,185.6,0.2,1002,0,0.1,22.4,22.7,,-0.6785963109335856,-0.5327008073080017,-0.7198712545524268,-0.6847637718762567,-0.6837049157606722,-0.7634578649356273,-0.3658546796200588,False
2021-10-30 06:33:00,-0.4,-0.1,-0.5,0.8,0.7,22.1,98.4,0.2,1.1,0.4,171.2,4.9,1002,0,0.0,22.3,22.7,,-0.6779262826601896,-0.5327008073080017,-0.718612964629792,-0.6840990917311188,-0.683358761805454,-0.7634578649356273,-0.3658546796200588,False
2021-10-30 06:34:00,-0.3,-0.1,-0.4,0.9,0.9,22.1,98.4,0.0,1.1,0.2,164.9,0.0,1002,0,0.0,22.3,22.7,,-0.6775912685234916,-0.5327008073080017,-0.7179838196684746,-0.6837667516585499,-0.6826664538950173,-0.9248461671535724,-0.3658546796200588,False
2021-10-30 06:35:00,-0.1,-0.1,-0.2,1.1,1.0,22.1,98.5,0.1,0.7,0.3,165.8,1.0,1002,0,0.0,22.3,22.7,,-0.6769212402500955,-0.5327008073080017,-0.7167255297458398,-0.6831020715134121,-0.6823202999397991,-0.8441520160445998,-0.6132184288866446,False
2021-10-30 06:36:00,0.0,-0.1,-0.1,1.2,1.1,22.1,98.5,0.9,1.6,0.7,178.2,2.4,1002,0,0.0,22.3,22.7,,-0.6765862261133975,-0.5327008073080017,-0.7160963847845223,-0.6827697314408431,-0.681974145984581,-0.198598807172819,-0.0566499930368267,False
2021-10-30 06:37:00,0.2,-0.1,0.1,1.4,1.3,22.1,98.4,1.3,1.9,0.4,182.2,5.6,1002,0,0.0,22.3,22.7,,-0.6759161978400015,-0.5327008073080017,-0.7148380948618875,-0.6821050512957052,-0.6812818380741444,0.1241777972630713,0.1288728189131124,False
2021-10-30 06:38:00,0.3,-0.1,0.2,1.5,1.4,22.1,98.6,1.6,1.9,0.4,177.6,7.1,1002,0,0.0,22.4,22.7,,-0.6755811837033034,-0.5327008073080017,-0.7142089499005702,-0.6817727112231363,-0.6809356841189261,0.3662602505899892,0.1288728189131124,False
2021-10-30 06:39:00,0.4,-0.1,0.3,1.6,1.5,22.1,98.5,0.7,1.6,0.6,183.3,2.6,1002,0,0.0,22.4,22.7,,-0.6752461695666054,-0.5327008073080017,-0.7135798049392528,-0.6814403711505673,-0.6805895301637079,-0.3599871093907643,-0.0566499930368267,False
2021-10-30 06:40:00,0.5,-0.1,0.5,1.8,1.6,22.1,98.7,0.1,0.7,0.2,189.5,1.0,1002,0,0.0,22.4,22.7,,-0.6749111554299074,-0.5327008073080017,-0.7123215150166179,-0.6807756910054295,-0.6802433762084897,-0.8441520160445998,-0.6132184288866446,False
2021-10-30 06:41:00,0.7,-0.1,0.7,1.9,1.8,22.1,98.7,1.0,1.6,0.6,172.4,6.1,1002,0,0.0,22.4,22.8,,-0.6742411271565114,-0.5327008073080017,-0.7110632250939831,-0.6804433509328605,-0.6795510682980531,-0.1179046560638464,-0.0566499930368267,False
2021-10-30 06:42:00,0.9,-0.1,0.9,2.2,2.1,22.1,98.7,1.1,2.1,0.8,172.1,6.9,1002,0,0.0,22.4,22.8,,-0.6735710988831153,-0.5327008073080017,-0.7098049351713482,-0.6794463307151537,-0.6785126064323985,-0.0372105049548737,0.2525546935464053,False
2021-10-30 06:43:00,1.2,-0.1,1.2,2.5,2.3,22.1,98.5,1.9,2.4,0.3,169.4,5.4,1002,0,0.0,22.4,22.8,,-0.6725660564730213,-0.5327008073080017,-0.7079175002873961,-0.6784493104974468,-0.6778202985219619,0.6083427039169068,0.4380775054963444,False
2021-10-30 06:44:00,1.5,-0.1,1.5,2.8,2.7,22.0,98.4,1.9,2.1,0.3,169.6,5.0,1002,0,0.0,22.4,22.8,,-0.6715610140629272,-0.5327008073080017,-0.7060300654034438,-0.6774522902797401,-0.6764356827010891,0.6083427039169068,0.2525546935464053,False
2021-10-30 06:45:00,1.9,-0.1,1.9,3.2,3.1,22.0,98.4,1.7,2.1,0.4,174.2,4.7,1002,0,0.0,22.4,22.7,,-0.6702209575161351,-0.5327008073080017,-0.7035134855581742,-0.6761229299894643,-0.6750510668802161,0.4469544016989616,0.2525546935464053,False
2021-10-30 06:46:00,2.3,-0.1,2.3,3.7,3.5,22.0,98.4,1.7,2.1,0.4,175.3,4.8,1002,0,0.0,22.4,22.7,,-0.668880900969343,-0.5327008073080017,-0.7009969057129046,-0.6744612296266197,-0.6736664510593431,0.4469544016989616,0.2525546935464053,False
2021-10-30 06:47:00,2.8,-0.1,2.8,4.2,4.0,22.0,98.4,1.1,1.6,0.5,173.1,2.5,1002,0,0.0,22.4,22.7,,-0.6672058302858529,-0.5327008073080017,-0.6978511809063176,-0.672799529263775,-0.6719356812832519,-0.0372105049548737,-0.0566499930368267,False
2021-10-30 06:48:00,3.3,-0.1,3.3,4.8,4.6,22.0,98.5,1.4,1.9,0.4,172.9,9.0,1002,0,0.0,22.4,22.7,,-0.6655307596023629,-0.5327008073080017,-0.6947054560997306,-0.6708054888283612,-0.6698587575519425,0.2048719483720438,0.1288728189131124,False
2021-10-30 06:49:00,3.9,-0.1,3.9,5.4,5.2,22.0,98.5,1.5,1.9,0.4,175.3,5.8,1002,0,0.0,22.4,22.7,,-0.6635206747821748,-0.5327008073080017,-0.690930586331826,-0.6688114483929476,-0.6677818338206329,0.2855660994810165,0.1288728189131124,False
2021-10-30 06:50:00,4.5,-0.1,4.5,6.1,5.8,22.0,98.5,1.2,1.6,0.5,176.5,8.1,1002,0,0.0,22.4,22.7,,-0.6615105899619866,-0.5327008073080017,-0.6871557165639216,-0.6664850678849651,-0.6657049100893234,0.0434836461540987,-0.0566499930368267,False
2021-10-30 06:51:00,5.2,-0.1,5.1,6.8,6.4,22.0,98.6,1.2,1.9,0.7,179.4,6.1,1002,0,0.0,22.4,22.7,,-0.6591654910051006,-0.5327008073080017,-0.6833808467960172,-0.6641586873769825,-0.663627986358014,0.0434836461540987,0.1288728189131124,False
2021-10-30 06:52:00,5.8,-0.1,5.8,7.4,7.0,22.0,98.6,1.4,1.9,0.4,174.9,6.7,1002,0,0.0,22.4,22.7,,-0.6571554061849124,-0.5327008073080017,-0.6789768320667954,-0.6621646469415688,-0.6615510626267046,0.2048719483720438,0.1288728189131124,False
2021-10-30 06:53:00,6.4,-0.1,6.4,8.1,7.7,22.0,98.4,1.5,2.4,0.4,175.8,6.1,1002,0,0.0,22.4,22.7,,-0.6551453213647243,-0.5327008073080017,-0.6752019622988908,-0.6598382664335863,-0.6591279849401769,0.2855660994810165,0.4380775054963444,False
2021-10-30 06:54:00,7.0,-0.2,7.0,8.7,8.2,22.0,98.1,1.6,2.1,0.4,172.2,11.7,1002,0,0.0,22.4,22.7,,-0.6531352365445362,-0.5331581541144562,-0.6714270925309864,-0.6578442259981727,-0.6573972151640857,0.3662602505899892,0.2525546935464053,False
2021-10-30 06:55:00,7.5,-0.2,7.5,9.2,8.8,22.0,98.1,1.1,1.9,0.6,180.3,5.7,1002,0,0.0,22.4,22.7,,-0.6514601658610462,-0.5331581541144562,-0.6682813677243994,-0.656182525635328,-0.6553202914327761,-0.0372105049548737,0.1288728189131124,False
2021-10-30 06:56:00,8.0,-0.2,8.0,9.7,9.3,22.0,98.0,1.5,2.1,0.4,186.7,8.9,1002,0,0.0,22.3,22.7,,-0.649785095177556,-0.5331581541144562,-0.6651356429178124,-0.6545208252724832,-0.6535895216566849,0.2855660994810165,0.2525546935464053,False
2021-10-30 06:57:00,8.5,-0.2,8.5,10.3,9.8,21.9,97.8,1.8,2.4,0.5,186.7,6.2,1002,0,0.0,22.3,22.7,,-0.648110024494066,-0.5331581541144562,-0.6619899181112253,-0.6525267848370696,-0.6518587518805937,0.5276485528079343,0.4380775054963444,False
2021-10-30 06:58:00,9.1,-0.2,9.0,10.8,10.3,21.9,97.9,2.0,2.4,0.4,189.1,7.6,1002,0,0.0,22.3,22.7,,-0.6460999396738778,-0.5331581541144562,-0.6588441933046384,-0.6508650844742249,-0.6501279821045025,0.6890368550258795,0.4380775054963444,False
2021-10-30 06:59:00,9.6,-0.2,9.6,11.4,10.9,22.0,97.9,1.4,1.9,0.4,184.6,3.6,1002,0,0.0,22.3,22.7,,-0.6444248689903878,-0.5331581541144562,-0.655069323536734,-0.6488710440388112,-0.6480510583731931,0.2048719483720438,0.1288728189131124,False
2021-10-30 07:00:00,10.2,-0.1,10.1,12.0,11.4,22.0,98.1,1.3,1.9,0.4,184.5,6.4,1002,0,0.0,22.3,22.7,,-0.6424147841701997,-0.5327008073080017,-0.6519235987301469,-0.6468770036033976,-0.6463202885971019,0.1241777972630713,0.1288728189131124,False
2021-10-30 07:01:00,10.7,-0.1,10.7,12.6,12.0,21.9,98.0,0.7,1.6,0.7,186.4,4.8,1002,0,0.0,22.3,22.7,,-0.6407397134867096,-0.5327008073080017,-0.6481487289622424,-0.644882963167984,-0.6442433648657925,-0.3599871093907643,-0.0566499930368267,False
2021-10-30 07:02:00,11.3,-0.1,11.3,13.2,12.6,21.9,98.2,0.9,1.9,0.6,188.6,6.0,1002,0,0.1,22.3,22.7,,-0.6387296286665214,-0.5327008073080017,-0.644373859194338,-0.6428889227325704,-0.642166441134483,-0.198598807172819,0.1288728189131124,False
2021-10-30 07:03:00,11.9,-0.1,11.9,13.8,13.2,21.9,98.2,1.4,2.1,0.5,196.3,12.4,1002,0,0.0,22.3,22.7,,-0.6367195438463333,-0.5327008073080017,-0.6405989894264336,-0.6408948822971566,-0.6400895174031735,0.2048719483720438,0.2525546935464053,False
2021-10-30 07:04:00,12.5,-0.1,12.5,14.5,13.8,21.9,98.1,1.4,2.1,0.5,197.1,8.9,1002,0,0.0,22.4,22.7,,-0.6347094590261452,-0.5327008073080017,-0.6368241196585291,-0.6385685017891741,-0.638012593671864,0.2048719483720438,0.2525546935464053,False
2021-10-30 07:05:00,13.1,-0.1,13.1,15.1,14.4,21.9,98.2,2.0,2.4,0.4,192.6,6.8,1002,0,0.0,22.4,22.7,,-0.6326993742059571,-0.5327008073080017,-0.6330492498906247,-0.6365744613537605,-0.6359356699405546,0.6890368550258795,0.4380775054963444,False
2021-10-30 07:06:00,13.6,-0.1,13.6,15.7,15.0,21.9,98.2,1.7,2.4,0.6,196.9,6.5,1002,0,0.0,22.4,22.7,,-0.6310243035224671,-0.5327008073080017,-0.6299035250840377,-0.6345804209183469,-0.6338587462092451,0.4469544016989616,0.4380775054963444,False
2021-10-30 07:07:00,14.2,-0.1,14.2,16.3,15.6,22.0,98.2,1.5,2.1,0.5,191.0,5.8,1002,0,0.0,22.4,22.8,,-0.6290142187022789,-0.5327008073080017,-0.6261286553161332,-0.6325863804829333,-0.6317818224779357,0.2855660994810165,0.2525546935464053,False
2021-10-30 07:08:00,14.8,-0.1,14.8,17.0,16.2,22.0,98.2,1.1,1.9,0.6,192.9,8.7,1002,0,0.0,22.4,22.8,,-0.6270041338820908,-0.5327008073080017,-0.6223537855482287,-0.6302599999749506,-0.6297048987466263,-0.0372105049548737,0.1288728189131124,False
2021-10-30 07:09:00,15.4,-0.1,15.4,17.6,16.8,22.0,98.4,0.8,1.4,0.6,199.1,6.2,1002,0,0.0,22.4,22.8,,-0.6249940490619027,-0.5327008073080017,-0.6185789157803243,-0.628265959539537,-0.6276279750153168,-0.2792929582817916,-0.1803318676701196,False
2021-10-30 07:10:00,16.0,-0.1,16.0,18.2,17.4,22.0,98.5,1.0,1.9,0.6,205.8,8.1,1002,0,0.0,22.4,22.8,,-0.6229839642417145,-0.5327008073080017,-0.6148040460124199,-0.6262719191041234,-0.6255510512840072,-0.1179046560638464,0.1288728189131124,False
2021-10-30 07:11:00,16.6,-0.1,16.6,18.9,18.0,22.0,98.5,0.7,1.6,0.6,198.2,6.3,1002,0,0.0,22.5,22.8,,-0.6209738794215265,-0.5327008073080017,-0.6110291762445155,-0.6239455385961408,-0.6234741275526978,-0.3599871093907643,-0.0566499930368267,False
2021-10-30 07:12:00,17.1,-0.1,17.1,19.5,18.6,22.0,98.5,0.1,1.1,0.4,214.3,2.1,1003,0,0.0,22.5,22.9,,-0.6192988087380363,-0.5327008073080017,-0.6078834514379284,-0.6219514981607271,-0.6213972038213884,-0.8441520160445998,-0.3658546796200588,False
2021-10-30 07:13:00,17.7,0.0,17.7,20.1,19.2,22.0,98.6,0.2,0.7,0.4,212.8,2.6,1003,0,0.0,22.5,22.9,,-0.6172887239178483,-0.5322434605015472,-0.6041085816700239,-0.6199574577253135,-0.619320280090079,-0.7634578649356273,-0.6132184288866446,False
2021-10-30 07:14:00,18.3,0.0,18.3,20.7,19.9,22.0,98.5,0.1,0.7,0.3,221.4,0.4,1003,0,0.0,22.5,22.9,,-0.6152786390976601,-0.5322434605015472,-0.6003337119021195,-0.6179634172898999,-0.6168972024035512,-0.8441520160445998,-0.6132184288866446,False
2021-10-30 07:15:00,18.9,0.0,18.9,21.4,20.5,22.0,98.6,0.2,0.7,0.5,189.1,6.1,1003,0,0.0,22.6,22.9,,-0.6132685542774721,-0.5322434605015472,-0.5965588421342151,-0.6156370367819173,-0.6148202786722418,-0.7634578649356273,-0.6132184288866446,False
2021-10-30 07:16:00,19.5,0.0,19.5,22.0,21.1,22.0,98.6,0.4,1.4,0.6,199.4,5.8,1003,0,0.0,22.6,22.9,,-0.6112584694572839,-0.5322434605015472,-0.5927839723663106,-0.6136429963465037,-0.6127433549409323,-0.602069562717682,-0.1803318676701196,False
2021-10-30 07:17:00,20.1,0.0,20.1,22.7,21.8,22.0,98.5,0.1,1.1,0.3,192.0,1.0,1003,0,0.0,22.6,22.9,,-0.6092483846370959,-0.5322434605015472,-0.5890091025984062,-0.6113166158385211,-0.6103202772544045,-0.8441520160445998,-0.3658546796200588,False
2021-10-30 07:18:00,20.7,0.0,20.7,23.4,22.5,22.0,98.5,0.1,0.7,0.4,204.7,0.4,1003,0,0.0,22.6,22.9,,-0.6072382998169078,-0.5322434605015472,-0.5852342328305017,-0.6089902353305385,-0.6078971995678769,-0.8441520160445998,-0.6132184288866446,False
2021-10-30 07:19:00,21.4,0.0,21.4,24.2,23.1,22.0,98.6,0.0,0.0,0.0,0.0,0.0,1003,0,0.0,22.6,23.0,,-0.6048932008600215,-0.5322434605015472,-0.5808302181012799,-0.606331514749987,-0.6058202758365675,-0.9248461671535724,-1.0461049901031694,False
2021-10-30 07:20:00,22.1,0.0,22.0,24.9,23.8,22.0,98.8,0.0,0.0,0.0,0.0,0.0,1003,0,0.0,22.6,23.0,,-0.6025481019031355,-0.5322434605015472,-0.5770553483333755,-0.6040051342420044,-0.6033971981500397,-0.9248461671535724,-1.0461049901031694,False
2021-10-30 07:21:00,22.7,0.0,22.7,25.6,24.5,22.1,98.7,0.1,0.7,0.4,191.5,1.0,1003,0,0.0,22.7,23.0,,-0.6005380170829474,-0.5322434605015472,-0.5726513336041537,-0.6016787537340219,-0.6009741204635121,-0.8441520160445998,-0.6132184288866446,False
2021-10-30 07:22:00,23.3,0.0,23.4,26.3,25.2,22.0,98.6,0.1,0.7,0.2,188.7,0.8,1003,0,0.0,22.7,23.0,,-0.5985279322627592,-0.5322434605015472,-0.5682473188749317,-0.5993523732260393,-0.5985510427769843,-0.8441520160445998,-0.6132184288866446,False
2021-10-30 07:23:00,24.0,0.0,24.0,26.9,25.9,22.1,98.8,0.2,1.1,0.4,187.1,1.5,1003,0,0.0,22.7,23.1,,-0.5961828333058731,-0.5322434605015472,-0.5644724491070273,-0.5973583327906257,-0.5961279650904566,-0.7634578649356273,-0.3658546796200588,False
2021-10-30 07:24:00,24.7,0.0,24.7,27.7,26.6,22.1,98.8,1.5,2.1,0.4,185.5,8.4,1003,0,0.1,22.7,23.1,,-0.593837734348987,-0.5322434605015472,-0.5600684343778055,-0.5946996122100742,-0.593704887403929,0.2855660994810165,0.2525546935464053,False
2021-10-30 07:25:00,25.4,0.0,25.4,28.4,27.3,22.0,98.5,1.2,1.9,0.5,178.1,9.7,1003,0,0.0,22.8,23.1,,-0.5914926353921008,-0.5322434605015472,-0.5556644196485836,-0.5923732317020916,-0.5912818097174012,0.0434836461540987,0.1288728189131124,False
2021-10-30 07:26:00,26.1,0.0,26.2,29.1,27.9,22.1,98.6,0.6,1.9,0.8,179.0,3.5,1003,0,0.0,22.8,23.1,,-0.5891475364352148,-0.5322434605015472,-0.5506312599580444,-0.590046851194109,-0.5892048859860918,-0.4406812604997369,0.1288728189131124,False
2021-10-30 07:27:00,26.9,0.0,26.9,29.8,28.7,22.1,98.8,1.1,1.6,0.5,173.0,6.0,1003,0,0.0,22.8,23.1,,-0.5864674233416306,-0.5322434605015472,-0.5462272452288225,-0.5877204706861264,-0.5864356543443459,-0.0372105049548737,-0.0566499930368267,False
2021-10-30 07:28:00,27.6,-0.1,27.6,30.6,29.4,22.1,98.9,0.9,1.6,0.6,163.5,7.8,1003,0,0.0,22.8,23.1,,-0.5841223243847444,-0.5327008073080017,-0.5418232304996007,-0.5850617501055749,-0.5840125766578181,-0.198598807172819,-0.0566499930368267,False
2021-10-30 07:29:00,28.4,-0.1,28.4,31.4,30.2,22.1,99.0,0.9,1.6,0.6,159.8,4.5,1003,0,0.0,22.8,23.2,,-0.5814422112911602,-0.5327008073080017,-0.5367900708090614,-0.5824030295250233,-0.5812433450160722,-0.198598807172819,-0.0566499930368267,False
2021-10-30 07:30:00,29.2,-0.1,29.2,32.2,31.0,22.1,98.9,1.1,1.6,0.5,166.7,7.0,1003,0,0.0,22.8,23.2,,-0.5787620981975762,-0.5327008073080017,-0.5317569111185222,-0.5797443089444718,-0.5784741133743263,-0.0372105049548737,-0.0566499930368267,False
2021-10-30 07:31:00,30.0,-0.1,30.0,33.1,31.8,22.1,98.9,1.2,1.6,0.4,173.7,8.7,1003,0,0.0,22.8,23.2,,-0.576081985103992,-0.5327008073080017,-0.5267237514279829,-0.5767532482913514,-0.5757048817325803,0.0434836461540987,-0.0566499930368267,False
2021-10-30 07:32:00,30.9,-0.1,30.9,34.0,32.6,22.1,98.9,0.5,1.6,0.6,166.9,4.5,1003,0,0.0,22.9,23.2,,-0.5730668578737098,-0.5327008073080017,-0.5210614467761262,-0.573762187638231,-0.5729356500908344,-0.5213754116087095,-0.0566499930368267,False
2021-10-30 07:33:00,31.7,-0.1,31.7,34.9,33.5,22.1,98.9,0.7,1.1,0.5,173.1,4.2,1003,0,0.0,22.9,23.2,,-0.5703867447801257,-0.5327008073080017,-0.516028287085587,-0.5707711269851105,-0.5698202644938701,-0.3599871093907643,-0.3658546796200588,False
2021-10-30 07:34:00,32.6,-0.1,32.6,35.8,34.3,22.0,99.0,0.8,1.6,0.6,175.7,6.3,1003,0,0.0,22.9,23.2,,-0.5673716175498436,-0.5327008073080017,-0.5103659824337304,-0.5677800663319901,-0.5670510328521242,-0.2792929582817916,-0.0566499930368267,False
2021-10-30 07:35:00,33.5,-0.1,33.5,36.7,35.2,22.1,99.1,0.5,1.4,0.6,175.0,7.7,1003,0,0.0,22.9,23.2,,-0.5643564903195614,-0.5327008073080017,-0.5047036777818737,-0.5647890056788696,-0.5639356472551601,-0.5213754116087095,-0.1803318676701196,False
2021-10-30 07:36:00,34.3,-0.1,34.3,37.6,36.1,22.1,99.0,0.8,1.9,0.7,170.7,7.4,1003,0,0.0,22.9,23.2,,-0.5616763772259773,-0.5327008073080017,-0.4996705180913344,-0.5617979450257492,-0.5608202616581959,-0.2792929582817916,0.1288728189131124,False
2021-10-30 07:37:00,35.1,0.0,35.1,38.4,36.9,22.1,99.1,1.0,1.9,0.5,178.2,1.9,1003,0,0.0,23.0,23.3,,-0.5589962641323931,-0.5322434605015472,-0.4946373584007952,-0.5591392244451976,-0.5580510300164498,-0.1179046560638464,0.1288728189131124,False
2021-10-30 07:38:00,35.8,-0.1,35.8,39.2,37.6,22.1,99.1,1.4,1.9,0.4,177.6,8.5,1003,0,0.0,23.0,23.3,,-0.5566511651755071,-0.5327008073080017,-0.4902333436715734,-0.5564805038646461,-0.5556279523299222,0.2048719483720438,0.1288728189131124,False
2021-10-30 07:39:00,36.4,-0.1,36.5,39.8,38.2,22.1,99.0,1.4,2.1,0.5,172.8,7.2,1003,0,0.0,23.0,23.3,,-0.5546410803553188,-0.5327008073080017,-0.4858293289423515,-0.5544864634292326,-0.5535510285986128,0.2048719483720438,0.2525546935464053,False
2021-10-30 07:40:00,37.0,-0.1,37.0,40.4,38.7,22.1,99.0,1.7,2.4,0.4,170.6,7.7,1003,0,0.0,23.1,23.4,,-0.5526309955351307,-0.5327008073080017,-0.4826836041357645,-0.5524924229938188,-0.5518202588225216,0.4469544016989616,0.4380775054963444,False
2021-10-30 07:41:00,37.4,-0.1,37.4,40.8,39.2,22.1,98.9,1.2,1.9,0.6,172.9,10.5,1003,0,0.0,23.1,23.4,,-0.5512909389883387,-0.5327008073080017,-0.4801670242904948,-0.5511630627035431,-0.5500894890464304,0.0434836461540987,0.1288728189131124,False
2021-10-30 07:42:00,37.8,-0.1,37.8,41.2,39.5,22.1,99.0,1.2,1.9,0.5,170.8,11.4,1003,0,0.0,23.1,23.4,,-0.5499508824415467,-0.5327008073080017,-0.4776504444452252,-0.5498337024132672,-0.5490510271807756,0.0434836461540987,0.1288728189131124,False
2021-10-30 07:43:00,38.1,-0.1,38.2,41.6,39.9,22.1,98.8,1.5,2.1,0.5,174.1,6.6,1003,0,0.0,23.1,23.4,,-0.5489458400314525,-0.5327008073080017,-0.4751338645999555,-0.5485043421229916,-0.5476664113599026,0.2855660994810165,0.2525546935464053,False
2021-10-30 07:44:00,38.5,-0.1,38.5,41.9,40.2,22.1,98.8,1.1,1.9,0.6,172.6,6.0,1003,0,0.0,23.1,23.4,,-0.5476057834846605,-0.5327008073080017,-0.4732464297160034,-0.5475073219052847,-0.546627949494248,-0.0372105049548737,0.1288728189131124,False
2021-10-30 07:45:00,38.8,-0.1,38.8,42.2,40.6,22.1,98.8,1.6,2.4,0.5,165.0,6.7,1003,0,0.0,23.1,23.4,,-0.5466007410745665,-0.5327008073080017,-0.4713589948320512,-0.5465103016875779,-0.545243333673375,0.3662602505899892,0.4380775054963444,False
2021-10-30 07:46:00,39.2,-0.1,39.2,42.6,41.0,22.1,98.8,1.6,2.6,0.5,172.2,9.7,1003,0,0.0,23.1,23.4,,-0.5452606845277743,-0.5327008073080017,-0.4688424149867815,-0.5451809413973022,-0.543858717852502,0.3662602505899892,0.5617593801296374,False
2021-10-30 07:47:00,39.6,-0.1,39.6,43.0,41.4,22.1,98.8,1.9,2.4,0.3,171.9,9.7,1003,0,0.0,23.1,23.4,,-0.5439206279809823,-0.5327008073080017,-0.4663258351415119,-0.5438515811070264,-0.5424741020316289,0.6083427039169068,0.4380775054963444,False
2021-10-30 07:48:00,40.0,-0.1,40.0,43.4,41.7,22.1,98.6,1.7,1.9,0.3,171.6,6.7,1003,0,0.0,23.1,23.4,,-0.5425805714341901,-0.5327008073080017,-0.4638092552962423,-0.5425222208167506,-0.5414356401659743,0.4469544016989616,0.1288728189131124,False
2021-10-30 07:49:00,40.4,-0.1,40.4,43.8,42.1,22.1,98.6,1.8,2.6,0.6,170.6,8.3,1003,0,0.0,23.1,23.4,,-0.5412405148873981,-0.5327008073080017,-0.4612926754509726,-0.541192860526475,-0.5400510243451013,0.5276485528079343,0.5617593801296374,False
2021-10-30 07:50:00,40.8,-0.1,40.8,44.1,42.4,22.1,98.6,1.7,2.6,0.6,172.8,11.5,1003,0,0.0,23.2,23.4,,-0.5399004583406061,-0.5327008073080017,-0.458776095605703,-0.5401958403087681,-0.5390125624794465,0.4469544016989616,0.5617593801296374,False
2021-10-30 07:51:00,41.1,-0.1,41.1,44.5,42.7,22.1,98.6,2.1,2.6,0.4,168.5,9.4,1003,0,0.0,23.2,23.4,,-0.538895415930512,-0.5327008073080017,-0.4568886607217508,-0.5388664800184924,-0.5379741006137919,0.7697310061348521,0.5617593801296374,False
2021-10-30 07:52:00,41.4,-0.1,41.4,44.8,43.0,22.1,98.6,2.5,2.9,0.3,174.3,5.3,1003,0,0.0,23.2,23.5,,-0.5378903735204179,-0.5327008073080017,-0.4550012258377985,-0.5378694598007856,-0.5369356387481371,1.0925076105707423,0.7472821920795766,False
2021-10-30 07:53:00,41.7,-0.1,41.7,45.1,43.3,22.1,98.6,2.0,2.6,0.4,171.2,6.8,1003,0,0.0,23.2,23.5,,-0.5368853311103238,-0.5327008073080017,-0.4531137909538463,-0.5368724395830787,-0.5358971768824823,0.6890368550258795,0.5617593801296374,False
2021-10-30 07:54:00,42.0,-0.1,42.0,45.4,43.6,22.1,98.7,1.5,2.1,0.5,171.7,8.1,1003,0,0.1,23.2,23.5,,-0.5358802887002299,-0.5327008073080017,-0.4512263560698941,-0.5358754193653719,-0.5348587150168277,0.2855660994810165,0.2525546935464053,False
2021-10-30 07:55:00,42.3,-0.1,42.4,45.8,44.0,22.1,98.6,1.6,2.1,0.4,173.3,6.3,1003,0,0.0,23.2,23.5,,-0.5348752462901358,-0.5327008073080017,-0.4487097762246245,-0.5345460590750961,-0.5334740991959547,0.3662602505899892,0.2525546935464053,False
2021-10-30 07:56:00,42.7,-0.1,42.8,46.2,44.5,22.1,98.5,1.4,1.6,0.4,175.6,7.5,1003,0,0.0,23.2,23.5,,-0.5335351897433437,-0.5327008073080017,-0.4461931963793549,-0.5332166987848203,-0.5317433294198635,0.2048719483720438,-0.0566499930368267,False
2021-10-30 07:57:00,43.1,-0.1,43.2,46.7,45.0,22.1,98.7,0.6,1.1,0.5,170.6,6.1,1003,0,0.0,23.2,23.5,,-0.5321951331965517,-0.5327008073080017,-0.4436766165340852,-0.5315549984219756,-0.5300125596437723,-0.4406812604997369,-0.3658546796200588,False
2021-10-30 07:58:00,43.6,-0.1,43.6,47.3,45.5,22.1,98.7,1.3,1.9,0.6,169.1,7.1,1003,0,0.0,23.3,23.5,,-0.5305200625130615,-0.5327008073080017,-0.4411600366888156,-0.5295609579865621,-0.528281789867681,0.1241777972630713,0.1288728189131124,False
2021-10-30 07:59:00,44.1,-0.1,44.1,47.9,46.1,22.1,98.7,1.7,2.1,0.3,164.6,7.5,1003,0,0.0,23.3,23.5,,-0.5288449918295715,-0.5327008073080017,-0.4380143118822286,-0.5275669175511484,-0.5262048661363716,0.4469544016989616,0.2525546935464053,False
2021-10-30 08:00:00,44.6,-0.1,44.7,48.7,46.8,22.1,98.6,1.8,2.1,0.4,169.0,5.2,1003,0,0.0,23.3,23.5,,-0.5271699211460814,-0.5327008073080017,-0.4342394421143241,-0.5249081969705968,-0.5237817884498438,0.5276485528079343,0.2525546935464053,False
2021-10-30 08:01:00,45.3,-0.1,45.3,49.5,47.6,22.1,98.6,1.5,1.9,0.4,170.9,2.8,1003,0,0.0,23.4,23.6,,-0.5248248221891952,-0.5327008073080017,-0.4304645723464197,-0.5222494763900454,-0.5210125568080979,0.2855660994810165,0.1288728189131124,False
2021-10-30 08:02:00,46.1,-0.1,46.1,50.5,48.6,22.1,98.7,1.3,1.6,0.4,165.8,7.9,1003,0,0.0,23.4,23.6,,-0.5221447090956111,-0.5327008073080017,-0.4254314126558805,-0.518926075664356,-0.5175510172559155,0.1241777972630713,-0.0566499930368267,False
2021-10-30 08:03:00,47.0,-0.1,47.0,51.6,49.7,22.1,98.7,0.9,1.4,0.4,175.2,5.7,1003,0,0.0,23.4,23.6,,-0.5191295818653289,-0.5327008073080017,-0.4197691080040238,-0.5152703348660976,-0.5137433237485148,-0.198598807172819,-0.1803318676701196,False
2021-10-30 08:04:00,47.9,-0.1,48.0,52.8,50.8,22.1,98.7,0.9,1.4,0.5,173.5,5.1,1003,0,0.1,23.4,23.6,,-0.5161144546350467,-0.5327008073080017,-0.4134776583908497,-0.5112822539952704,-0.5099356302411141,-0.198598807172819,-0.1803318676701196,False
2021-10-30 08:05:00,48.9,0.0,49.0,54.0,52.0,22.1,98.7,0.8,1.4,0.5,161.3,5.2,1003,0,0.0,23.4,23.6,,-0.5127643132680666,-0.5322434605015472,-0.4071862087776757,-0.507294173124443,-0.5057817827784952,-0.2792929582817916,-0.1803318676701196,False
2021-10-30 08:06:00,50.0,0.0,50.0,55.3,53.2,22.1,98.8,1.1,1.6,0.4,164.1,5.4,1003,0,0.0,23.4,23.6,,-0.5090791577643884,-0.5322434605015472,-0.4008947591645016,-0.5029737521810469,-0.5016279353158763,-0.0372105049548737,-0.0566499930368267,False
2021-10-30 08:07:00,51.2,0.0,51.2,56.6,54.6,22.1,98.7,0.8,1.1,0.5,162.6,3.1,1003,0,0.0,23.5,23.7,,-0.5050589881240121,-0.5322434605015472,-0.3933450196286927,-0.4986533312376506,-0.4967817799428209,-0.2792929582817916,-0.3658546796200588,False
2021-10-30 08:08:00,52.4,0.0,52.4,58.1,56.0,22.1,98.8,0.4,1.1,0.5,166.5,4.0,1003,0,0.0,23.5,23.7,,-0.501038818483636,-0.5322434605015472,-0.3857952800928838,-0.4936682301491166,-0.4919356245697655,-0.602069562717682,-0.3658546796200588,False
2021-10-30 08:09:00,53.9,0.0,53.9,59.9,57.7,22.2,99.0,0.4,1.1,0.5,156.5,4.5,1003,0,0.0,23.6,23.7,,-0.4960136064331656,-0.5322434605015472,-0.3763581056731228,-0.4876861088428756,-0.4860510073310554,-0.602069562717682,-0.3658546796200588,False
2021-10-30 08:10:00,55.7,0.1,55.6,62.0,59.8,22.2,99.2,0.2,0.7,0.4,158.4,0.8,1003,0,0.0,23.6,23.8,,-0.4899833519726013,-0.5317861136950928,-0.3656626413307268,-0.4807069673189279,-0.4787817742714722,-0.7634578649356273,-0.6132184288866446,False
2021-10-30 08:11:00,57.8,0.0,57.8,64.5,62.2,22.2,99.2,0.2,1.1,0.5,158.2,1.8,1003,0,0.0,23.7,23.9,,-0.482948055101943,-0.5322434605015472,-0.3518214521817439,-0.4723984655047044,-0.4704740793462345,-0.7634578649356273,-0.3658546796200588,False
2021-10-30 08:12:00,60.3,0.1,60.2,67.2,64.9,22.2,99.2,0.4,1.1,0.5,161.4,4.7,1003,0,0.0,23.8,23.9,,-0.4745727016844925,-0.5317861136950928,-0.3367219731101261,-0.463425283545343,-0.4611279225553418,-0.602069562717682,-0.3658546796200588,False
2021-10-30 08:13:00,62.9,0.1,62.9,70.2,67.9,22.2,99.2,0.4,1.1,0.5,176.9,11.1,1003,0,0.1,23.8,24.0,,-0.465862334130344,-0.5317861136950928,-0.3197350591545561,-0.4534550813682748,-0.4507433038987946,-0.602069562717682,-0.3658546796200588,False
2021-10-30 08:14:00,65.9,0.1,65.8,73.6,71.0,22.2,99.0,0.5,1.1,0.5,177.0,12.8,1003,0,0.0,23.9,24.0,,-0.4558119100294034,-0.5317861136950928,-0.3014898552763513,-0.4421555189009309,-0.440012531287029,-0.5213754116087095,-0.3658546796200588,False
2021-10-30 08:15:00,69.0,0.1,68.9,77.0,74.5,22.2,99.0,1.1,1.9,0.6,179.6,10.2,1003,0,0.0,23.9,24.1,,-0.4454264717917649,-0.5317861136950928,-0.2819863614755117,-0.430855956433587,-0.4278971428543905,-0.0372105049548737,0.1288728189131124,False
2021-10-30 08:16:00,72.4,0.1,72.3,80.7,78.1,22.2,99.2,0.2,1.4,0.5,182.2,3.5,1003,0,0.0,24.0,24.1,,-0.4340359911440322,-0.5317861136950928,-0.2605954327907199,-0.4185593737485362,-0.4154356004665338,-0.7634578649356273,-0.1803318676701196,False
2021-10-30 08:17:00,75.9,0.1,75.9,84.6,81.9,22.3,99.2,0.9,1.9,0.7,168.3,5.6,1003,0,0.0,24.1,24.2,,-0.4223104963596016,-0.5317861136950928,-0.2379462141832932,-0.4055981109183476,-0.4022817501682405,-0.198598807172819,0.1288728189131124,False
2021-10-30 08:18:00,79.7,0.1,79.6,88.7,85.9,22.3,99.1,0.8,1.6,0.6,176.6,9.9,1003,0,0.0,24.1,24.3,,-0.4095799591650769,-0.5317861136950928,-0.2146678506145492,-0.3919721679430211,-0.3884355919595108,-0.2792929582817916,-0.0566499930368267,False
2021-10-30 08:19:00,83.6,0.0,83.5,92.9,89.9,22.3,99.0,0.7,1.4,0.6,168.4,2.9,1003,0,0.0,24.2,24.3,,-0.3965144078338543,-0.5322434605015472,-0.1901311971231703,-0.3780138848951256,-0.3745894337507811,-0.3599871093907643,-0.1803318676701196,False
2021-10-30 08:20:00,87.5,0.0,87.5,97.2,94.1,22.2,98.6,1.5,1.9,0.4,166.2,4.6,1003,0,0.0,24.3,24.4,,-0.3834488565026315,-0.5322434605015472,-0.1649653986704741,-0.3637232617746612,-0.3600509676316149,0.2855660994810165,0.1288728189131124,False
2021-10-30 08:21:00,91.5,0.0,91.4,101.6,98.3,22.2,98.6,1.2,1.9,0.5,150.6,15.2,1003,0,0.0,24.4,24.4,,-0.3700482910347108,-0.5322434605015472,-0.1404287451790952,-0.3491002985816279,-0.3455125015124487,0.0434836461540987,0.1288728189131124,False
2021-10-30 08:22:00,95.4,0.0,95.4,105.8,102.3,22.2,98.7,0.4,1.1,0.5,164.3,2.7,1003,0,0.0,24.4,24.5,,-0.356982739703488,-0.5322434605015472,-0.1152629467263989,-0.3351420155337324,-0.331666343303719,-0.602069562717682,-0.3658546796200588,False
2021-10-30 08:23:00,99.3,0.1,99.3,110.0,106.5,22.2,98.6,0.1,1.1,0.4,157.2,0.5,1003,0,0.1,24.5,24.5,,-0.3439171883722653,-0.5317861136950928,-0.0907262932350201,-0.321183732485837,-0.3171278771845527,-0.8441520160445998,-0.3658546796200588,False
2021-10-30 08:24:00,103.3,0.1,103.3,114.3,110.6,22.3,98.7,1.2,1.6,0.4,165.1,7.9,1003,0,0.0,24.6,24.6,,-0.3305166229043446,-0.5317861136950928,-0.0655604947823238,-0.3068931093653726,-0.3029355650206048,0.0434836461540987,-0.0566499930368267,False
2021-10-30 08:25:00,107.5,0.1,107.5,118.7,114.9,22.3,98.7,0.6,1.1,0.5,169.5,0.2,1003,0,0.0,24.8,24.7,,-0.3164460291630279,-0.5317861136950928,-0.0391364064069927,-0.2922701461723392,-0.2880509449462203,-0.4406812604997369,-0.3658546796200588,False
2021-10-30 08:26:00,111.7,0.2,111.8,123.1,119.2,22.3,98.5,0.0,0.4,0.0,0.0,0.0,1003,0,0.0,24.9,24.8,,-0.3023754354217111,-0.5313287668886383,-0.0120831730703443,-0.2776471829793059,-0.2731663248718359,-0.9248461671535724,-0.7987412408365836,False
2021-10-30 08:27:00,116.2,0.1,116.3,127.7,123.7,22.3,98.5,0.1,1.1,0.4,158.0,1.6,1003,0,0.0,25.0,25.0,,-0.2872997992703002,-0.5317861136950928,0.0162283501889389,-0.2623595396411347,-0.257589396887015,-0.8441520160445998,-0.3658546796200588,False
2021-10-30 08:28:00,121.0,0.1,121.1,132.5,128.4,22.3,98.5,1.0,1.4,0.5,169.7,8.0,1003,0,0.0,25.1,25.1,,-0.2712191207087954,-0.5317861136950928,0.0464273083321745,-0.2464072161578256,-0.2413201609917575,-0.1179046560638464,-0.1803318676701196,False
2021-10-30 08:29:00,125.9,0.1,126.1,137.5,133.2,22.3,98.3,1.2,1.6,0.4,174.3,5.4,1003,0,0.0,25.2,25.2,,-0.2548034280105924,-0.5317861136950928,0.0778845563980448,-0.2297902125293786,-0.2247047711412819,0.0434836461540987,-0.0566499930368267,False
2021-10-30 08:30:00,131.0,0.1,131.1,142.5,138.0,22.3,98.0,0.3,1.1,0.5,172.6,5.2,1003,0,0.0,25.3,25.2,,-0.2377177070389936,-0.5317861136950928,0.1093418044639151,-0.2131732089009317,-0.2080893812908062,-0.6827637138266546,-0.3658546796200588,False
2021-10-30 08:31:00,136.2,0.2,136.2,147.7,142.9,22.3,98.1,0.3,1.1,0.5,179.4,0.9,1003,0,0.0,25.5,25.3,,-0.2202969719306966,-0.5313287668886383,0.1414281974911028,-0.1958915251273468,-0.1911278374851123,-0.6827637138266546,-0.3658546796200588,False
2021-10-30 08:32:00,141.4,0.2,141.4,152.8,147.8,22.3,98.3,0.1,0.7,0.3,187.5,0.0,1003,0,0.0,25.6,25.5,,-0.2028762368223996,-0.5313287668886383,0.1741437354796081,-0.1789421814263309,-0.1741662936794183,-0.8441520160445998,-0.6132184288866446,False
2021-10-30 08:33:00,147.0,0.2,147.0,158.2,153.1,22.3,97.9,0.0,0.7,0.2,187.5,0.0,1003,0,0.0,25.8,25.6,,-0.1841154451673106,-0.5313287668886383,0.2093758533133828,-0.1609958175076082,-0.1558201340528515,-0.9248461671535724,-0.6132184288866446,False
2021-10-30 08:34:00,152.6,0.2,152.7,163.5,158.3,22.4,98.2,0.0,0.0,0.0,0.0,0.0,1003,0,0.0,25.9,25.8,,-0.1653546535122216,-0.5313287668886383,0.2452371161084749,-0.1433817936614544,-0.1378201283815028,-0.9248461671535724,-1.0461049901031694,False
2021-10-30 08:35:00,157.9,0.2,158.0,168.4,163.1,22.4,98.1,0.0,0.0,0.0,0.0,0.0,1003,0,0.0,26.1,25.9,,-0.1475989042672266,-0.5313287668886383,0.2785817990582976,-0.1270971301055763,-0.1212047385310272,-0.9248461671535724,-1.0461049901031694,False
2021-10-30 08:36:00,162.5,0.3,162.6,172.5,167.1,22.4,98.2,0.0,0.0,0.0,0.0,0.0,1003,0,0.0,26.3,26.1,,-0.1321882539791178,-0.5308714200821838,0.3075224672788982,-0.1134711871302498,-0.1073585803222975,-0.9248461671535724,-1.0461049901031694,False
2021-10-30 08:37:00,166.5,0.4,166.7,176.1,170.6,22.4,98.4,0.0,0.0,0.0,0.0,0.0,1003,0,0.0,26.6,26.4,,-0.1187876885111971,-0.5304140732757292,0.3333174106929119,-0.101506944517768,-0.095243191889659,-0.9248461671535724,-1.0461049901031694,False
2021-10-30 08:38:00,170.4,0.3,170.5,179.4,173.8,22.4,98.4,0.0,0.0,0.0,0.0,0.0,1003,0,0.0,26.9,26.6,,-0.1057221371799743,-0.5308714200821838,0.3572249192229734,-0.090539722122993,-0.0841662653226752,-0.9248461671535724,-1.0461049901031694,False
2021-10-30 08:39:00,173.8,0.3,173.9,182.1,176.5,22.5,98.5,0.0,0.0,0.0,0.0,0.0,1003,0,0.0,27.1,26.8,,-0.0943316565322417,-0.5308714200821838,0.3786158479077653,-0.0815665401636317,-0.0748201085317826,-0.9248461671535724,-1.0461049901031694,False
2021-10-30 08:40:00,176.7,0.3,176.8,184.4,178.6,22.5,98.3,0.0,0.0,0.0,0.0,0.0,1003,0,0.0,27.3,26.9,,-0.0846162465679992,-0.5308714200821838,0.3968610517859701,-0.073922718494546,-0.0675508754721996,-0.9248461671535724,-1.0461049901031694,False
2021-10-30 08:41:00,179.1,0.4,179.2,186.0,180.3,22.5,98.1,0.0,0.0,0.0,0.0,0.0,1003,0,0.0,27.5,27.1,,-0.0765759072872468,-0.5304140732757292,0.4119605308575877,-0.068605277333443,-0.0616662582334894,-0.9248461671535724,-1.0461049901031694,False
2021-10-30 08:42:00,180.9,0.5,180.9,187.1,181.4,22.5,98.2,0.0,0.0,0.0,0.0,0.0,1003,0,0.0,27.7,27.2,,-0.0705456528266824,-0.5299567264692747,0.4226559951999837,-0.0649495365351847,-0.0578585647260887,-0.9248461671535724,-1.0461049901031694,False
2021-10-30 08:43:00,182.4,0.5,182.4,188.0,182.4,22.5,98.1,0.0,0.0,0.0,0.0,0.0,1003,0,0.0,27.9,27.4,,-0.0655204407762121,-0.5299567264692747,0.4320931696197448,-0.0619584758820642,-0.0543970251739063,-0.9248461671535724,-1.0461049901031694,False
2021-10-30 08:44:00,184.0,0.6,184.0,189.1,183.5,22.5,97.8,0.0,0.0,0.0,0.0,0.0,1003,0,0.0,28.1,27.6,,-0.0601602145890439,-0.5294993796628202,0.4421594890008233,-0.0583027350838059,-0.0505893316665056,-0.9248461671535724,-1.0461049901031694,False
2021-10-30 08:45:00,185.9,0.7,185.9,190.5,184.8,22.6,97.9,0.0,0.0,0.0,0.0,0.0,1003,0,0.0,28.2,27.7,,-0.0537949459917815,-0.5290420328563658,0.454113243265854,-0.0536499740678407,-0.0460893302486684,-0.9248461671535724,-1.0461049901031694,False
2021-10-30 08:46:00,188.1,0.6,188.0,192.1,186.2,22.6,97.7,0.0,0.0,0.0,0.0,0.0,1003,0,0.1,28.2,27.7,,-0.0464246349844251,-0.5294993796628202,0.4673252874535196,-0.0483325329067377,-0.0412431748756131,-0.9248461671535724,-1.0461049901031694,False
2021-10-30 08:47:00,190.0,0.7,189.9,193.7,187.6,22.6,97.4,0.0,0.0,0.0,0.0,0.0,1003,0,0.0,28.2,27.7,,-0.0400593663871628,-0.5290420328563658,0.4792790417185503,-0.0430150917456347,-0.0363970195025577,-0.9248461671535724,-1.0461049901031694,False
2021-10-30 08:48:00,191.5,0.8,191.4,194.9,188.8,22.6,96.7,0.0,0.0,0.0,0.0,0.0,1003,0,0.0,28.2,27.7,,-0.0350341543366925,-0.5285846860499113,0.4887162161383114,-0.0390270108748074,-0.0322431720399387,-0.9248461671535724,-1.0461049901031694,False
2021-10-30 08:49:00,192.7,0.8,192.6,195.9,189.7,22.6,96.2,0.0,0.0,0.0,0.0,0.0,1003,0,0.0,28.2,27.7,,-0.0310139846963163,-0.5285846860499113,0.4962659556741202,-0.035703610149118,-0.0291277864429746,-0.9248461671535724,-1.0461049901031694,False
2021-10-30 08:50:00,194.3,0.8,194.2,197.3,191.0,22.6,96.5,0.0,0.0,0.0,0.0,0.0,1003,0,0.0,28.0,27.7,,-0.0256537585091479,-0.5285846860499113,0.5063322750551987,-0.0310508491331528,-0.0246277850251374,-0.9248461671535724,-1.0461049901031694,False
2021-10-30 08:51:00,195.9,0.7,195.9,198.8,192.6,22.6,97.4,0.0,0.0,0.0,0.0,0.0,1003,0,0.0,28.0,27.8,,-0.0202935323219797,-0.5290420328563658,0.5170277393975947,-0.0260657480446187,-0.0190893217416455,-0.9248461671535724,-1.0461049901031694,False
2021-10-30 08:52:00,197.5,0.8,197.4,200.2,194.0,22.7,97.5,0.0,0.0,0.0,0.0,0.0,1003,0,0.0,28.1,27.9,,-0.0149333061348114,-0.5285846860499113,0.5264649138173558,-0.0214129870286536,-0.0142431663685901,-0.9248461671535724,-1.0461049901031694,False
2021-10-30 08:53:00,198.9,0.8,198.9,201.6,195.3,22.7,97.4,0.5,1.4,0.6,227.2,4.2,1003,0,0.0,28.1,28.0,,-0.0102431082210391,-0.5285846860499113,0.5359020882371169,-0.0167602260126885,-0.0097431649507529,-0.5213754116087095,-0.1803318676701196,False
2021-10-30 08:54:00,200.1,0.6,200.1,202.7,196.4,22.7,96.5,0.6,1.1,0.5,240.1,5.2,1003,0,0.0,28.0,28.0,,-0.0062229385806629,-0.5294993796628202,0.5434518277729258,-0.0131044852144301,-0.0059354714433523,-0.4406812604997369,-0.3658546796200588,False
2021-10-30 08:55:00,201.1,0.6,201.1,203.8,197.4,22.7,96.7,0.4,1.1,0.5,236.5,0.2,1003,0,0.0,27.9,27.9,,-0.0028727972136828,-0.5294993796628202,0.5497432773860998,-0.0094487444161717,-0.0024739318911698,-0.602069562717682,-0.3658546796200588,False
2021-10-30 08:56:00,201.3,0.6,201.3,204.4,198.1,22.7,96.2,0.0,0.0,0.0,0.0,0.0,1003,0,0.0,27.7,27.8,,-0.0022027689402867,-0.5294993796628202,0.5510015673087347,-0.0074547039807581,-5.085420464220748e-05,-0.9248461671535724,-1.0461049901031694,False
2021-10-30 08:57:00,201.8,0.7,201.8,205.4,199.1,22.7,96.4,0.0,0.0,0.0,0.0,0.0,1003,0,0.0,27.7,27.9,,-0.0005276982567966,-0.5290420328563658,0.5541472921153218,-0.0041313032550687,0.0034106853475402,-0.9248461671535724,-1.0461049901031694,False
2021-10-30 08:58:00,203.7,0.7,203.5,207.8,201.5,22.7,96.8,0.0,0.0,0.0,0.0,0.0,1003,0,0.0,27.8,27.9,,0.0058375703404656,-0.5290420328563658,0.5648427564577176,0.0038448584865857,0.011718380272778,-0.9248461671535724,-1.0461049901031694,False
2021-10-30 08:59:00,206.2,0.9,206.0,211.0,204.6,22.7,97.0,0.0,0.0,0.0,0.0,0.0,1003,0,0.0,27.9,28.0,,0.0142129237579161,-0.5281273392434568,0.5805713804906528,0.0144797408087918,0.0224491528845435,-0.9248461671535724,-1.0461049901031694,False
2021-10-30 09:00:00,208.9,1.0,208.5,214.3,207.9,22.8,97.8,0.1,0.7,0.3,197.8,0.4,1003,0,0.0,28.2,28.2,,0.0232583054487626,-0.5276699924370023,0.596300004523588,0.0254469632035668,0.0338722334067456,-0.8441520160445998,-0.6132184288866446,False
2021-10-30 09:01:00,212.2,0.9,211.9,218.4,211.8,22.8,96.6,0.5,1.1,0.5,192.2,4.2,1003,0,0.0,28.2,28.2,,0.0343137719597971,-0.5281273392434568,0.6176909332083799,0.0390729061788933,0.0473722376602571,-0.5213754116087095,-0.3658546796200588,False
2021-10-30 09:02:00,216.7,0.7,216.4,223.2,216.2,22.8,96.6,0.0,0.4,0.2,169.9,1.1,1003,0,0.0,28.2,28.2,,0.049389408111208,-0.5290420328563658,0.6460024564676631,0.0550252296622023,0.0626030116898597,-0.9248461671535724,-0.7987412408365836,False
2021-10-30 09:03:00,221.5,0.8,221.2,228.2,221.0,22.8,96.7,0.0,0.0,0.0,0.0,0.0,1003,0,0.0,28.2,28.1,,0.0654700866727129,-0.5285846860499113,0.6762014146108986,0.0716422332906493,0.0792184015403354,-0.9248461671535724,-1.0461049901031694,False
2021-10-30 09:04:00,226.3,1.0,225.9,233.2,225.8,22.9,96.9,0.0,0.0,0.0,0.0,0.0,1003,0,0.0,28.3,28.2,,0.0815507652342178,-0.5276699924370023,0.7057712277928168,0.0882592369190963,0.0958337913908111,-0.9248461671535724,-1.0461049901031694,False
2021-10-30 09:05:00,230.6,1.4,230.1,237.7,230.3,22.9,97.5,0.0,0.0,0.0,0.0,0.0,1003,0,0.0,28.5,28.4,,0.0959563731122325,-0.5258406052111843,0.7321953161681478,0.1032145401846986,0.1114107193756321,-0.9248461671535724,-1.0461049901031694,False
2021-10-30 09:06:00,234.5,1.5,233.9,241.9,234.3,22.9,97.0,0.0,0.0,0.0,0.0,0.0,1003,0,0.0,28.7,28.5,,0.1090219244434553,-0.5253832584047298,0.7561028246982093,0.1171728232325941,0.1252568775843618,-0.9248461671535724,-1.0461049901031694,False
2021-10-30 09:07:00,237.7,1.4,237.1,245.1,237.6,22.9,96.7,0.1,0.4,0.2,271.2,1.3,1003,0,0.0,28.8,28.6,,0.1197423768177918,-0.5258406052111843,0.7762354634603662,0.1278077055548001,0.1366799581065637,-0.8441520160445998,-0.7987412408365836,False
2021-10-30 09:08:00,240.2,1.3,239.7,247.9,240.3,22.9,95.5,0.0,0.0,0.0,0.0,0.0,1003,0,0.0,28.6,28.6,,0.1281177302352423,-0.5262979520176387,0.7925932324546188,0.1371132275867304,0.1460261148974564,-0.9248461671535724,-1.0461049901031694,False
2021-10-30 09:09:00,242.0,0.9,241.7,250.0,242.5,22.9,95.7,0.0,0.0,0.0,0.0,0.0,1003,0,0.0,28.4,28.6,,0.1341479846958066,-0.5281273392434568,0.8051761316809669,0.1440923691106782,0.1536415019122577,-0.9248461671535724,-1.0461049901031694,False
2021-10-30 09:10:00,243.7,1.5,243.0,252.4,245.1,22.9,95.8,0.0,0.0,0.0,0.0,0.0,1003,0,0.0,28.4,28.6,,0.1398432250196729,-0.5253832584047298,0.8133550161780932,0.1520685308523327,0.162641504747932,-0.9248461671535724,-1.0461049901031694,False
2021-10-30 09:11:00,244.8,1.0,244.4,254.1,247.1,22.9,95.6,0.0,0.0,0.0,0.0,0.0,1003,0,0.0,28.6,28.8,,0.1435283805233512,-0.5276699924370023,0.822163045636537,0.1577183120860046,0.1695645838522968,-0.9248461671535724,-1.0461049901031694,False
2021-10-30 09:12:00,246.3,0.9,245.9,256.8,249.9,22.9,95.3,0.0,0.0,0.0,0.0,0.0,1003,0,0.0,29.0,29.0,,0.1485535925738215,-0.5281273392434568,0.8316002200562981,0.1666914940453661,0.1792568945984077,-0.9248461671535724,-1.0461049901031694,False
2021-10-30 09:13:00,250.4,2.5,248.9,262.6,255.6,22.9,95.6,0.0,0.0,0.0,0.0,0.0,1003,0,0.0,29.3,29.2,,0.1622891721784402,-0.5208097903401848,0.8504745688958203,0.1859672182543646,0.1989876700458475,-0.9248461671535724,-1.0461049901031694,False
2021-10-30 09:14:00,257.4,6.0,253.6,271.6,264.3,22.9,95.2,0.0,0.0,0.0,0.0,0.0,1003,0,0.0,29.6,29.4,,0.1857401617473014,-0.5048026521142773,0.8800443820777383,0.2158778247855691,0.2291030641498347,-0.9248461671535724,-1.0461049901031694,False
2021-10-30 09:15:00,262.0,5.4,258.7,277.3,269.9,23.0,95.9,0.0,0.0,0.0,0.0,0.0,1003,0,0.0,30.0,29.6,,0.2011508120354103,-0.5075467329530042,0.912130775104926,0.2348212089219986,0.2484876856420562,-0.9248461671535724,-1.0461049901031694,False
2021-10-30 09:16:00,269.5,7.6,264.9,286.3,278.7,23.0,96.7,0.0,0.0,0.0,0.0,0.0,1003,0,0.0,30.4,29.8,,0.2262768722877617,-0.4974851032110053,0.9511377627066052,0.2647318154532032,0.2789492337012616,-0.9248461671535724,-1.0461049901031694,False
2021-10-30 09:17:00,276.1,8.7,270.9,293.5,285.9,23.1,95.2,0.0,0.0,0.0,0.0,0.0,1003,0,0.0,30.8,30.2,,0.2483878053098309,-0.4924542883400058,0.9888864603856496,0.2886603006781668,0.3038723184769751,-0.9248461671535724,-1.0461049901031694,False
2021-10-30 09:18:00,282.8,9.8,276.7,300.7,292.9,23.1,94.7,0.0,0.0,0.0,0.0,0.0,1003,0,0.0,31.1,30.4,,0.2708337524685981,-0.4874234734690063,1.0253768681420592,0.3125887859031304,0.3281030953422521,-0.9248461671535724,-1.0461049901031694,False
2021-10-30 09:19:00,283.1,4.3,280.6,300.8,293.0,23.1,94.0,0.0,0.0,0.0,0.0,0.0,1003,0,0.0,31.2,30.5,,0.2718387948786922,-0.5125775478240038,1.0499135216334383,0.3129211259756994,0.3284492492974704,-0.9248461671535724,-1.0461049901031694,False
2021-10-30 09:20:00,285.4,3.1,283.7,303.6,295.7,23.1,94.2,0.0,0.0,0.0,0.0,0.0,1003,0,0.0,31.4,30.6,,0.2795441200227465,-0.5180657095014578,1.0694170154342777,0.3222266480076298,0.3377954060883629,-0.9248461671535724,-1.0461049901031694,False
2021-10-30 09:21:00,289.8,2.1,288.6,308.5,300.5,23.1,93.7,0.0,0.0,0.0,0.0,0.0,1003,0,0.0,31.6,30.8,,0.2942847420374594,-0.5226391775660028,1.100245118538831,0.3385113115635077,0.3544107959388387,-0.9248461671535724,-1.0461049901031694,False
2021-10-30 09:22:00,297.6,3.6,295.4,317.3,309.0,23.1,93.7,0.0,0.0,0.0,0.0,0.0,1003,0,0.0,31.8,30.9,,0.3204158446999049,-0.5157789754691853,1.1430269759084142,0.3677572379495744,0.3838338821323893,-0.9248461671535724,-1.0461049901031694,False
2021-10-30 09:23:00,304.0,4.9,301.2,323.8,315.4,23.1,93.7,0.0,0.0,0.0,0.0,0.0,1003,0,0.0,32.1,31.1,,0.3418567494485779,-0.5098334669852768,1.1795173836648238,0.3893593426665555,0.4059877352663568,-0.9248461671535724,-1.0461049901031694,False
2021-10-30 09:24:00,307.5,4.9,304.6,326.9,318.4,23.2,94.5,0.2,1.1,0.5,11.8,0.4,1003,0,0.0,32.5,31.3,,0.3535822442330086,-0.5098334669852768,1.2009083123496158,0.3996618849161925,0.416372353922904,-0.7634578649356273,-0.3658546796200588,False
2021-10-30 09:25:00,311.7,2.6,310.2,330.3,321.7,23.2,94.0,0.1,0.7,0.4,12.2,0.4,1003,0,0.0,32.6,31.5,,0.3676528379743253,-0.5203524435337303,1.2361404301833905,0.4109614473835365,0.4277954344451061,-0.8441520160445998,-0.6132184288866446,False
2021-10-30 09:26:00,318.5,2.6,317.2,336.9,328.2,23.3,93.9,0.0,0.0,0.0,0.0,0.0,1003,0,0.0,32.8,31.6,,0.3904337992697906,-0.5203524435337303,1.280180577475609,0.4328958921730864,0.4502954415342919,-0.9248461671535724,-1.0461049901031694,False
2021-10-30 09:27:00,329.2,4.4,326.7,347.9,339.0,23.3,94.2,0.0,0.0,0.0,0.0,0.0,1003,0,0.0,33.1,31.8,,0.4262803118964785,-0.5121202010175493,1.3399493488007626,0.4694533001556698,0.4876800686978622,-0.9248461671535724,-1.0461049901031694,False
2021-10-30 09:28:00,344.9,11.1,337.6,365.0,355.7,23.3,94.5,0.0,0.0,0.0,0.0,0.0,1003,0,0.0,33.6,32.2,,0.4788775313580674,-0.4814779649850979,1.4085261495843602,0.5262834525649586,0.5454877792193088,-0.9248461671535724,-1.0461049901031694,False
2021-10-30 09:29:00,362.5,20.6,348.6,384.3,374.5,23.4,95.1,0.2,1.1,0.4,53.1,6.5,1003,0,0.0,34.0,32.6,,0.5378400194169186,-0.4380300183719204,1.4777320953292747,0.5904250865707639,0.6105647228003385,-0.7634578649356273,-0.3658546796200588,False
2021-10-30 09:30:00,382.7,34.7,359.6,408.4,398.0,23.4,93.1,0.0,0.0,0.0,0.0,0.0,1003,0,0.0,34.4,32.8,,0.6055128750299184,-0.3735441186618359,1.5469380410741895,0.6705190440598782,0.6919109022766256,-0.9248461671535724,-1.0461049901031694,False
2021-10-30 09:31:00,404.3,47.4,372.8,432.9,421.8,23.4,92.8,0.0,0.0,0.0,0.0,0.0,1003,0,0.0,34.8,33.1,,0.6778759285566903,-0.3154610742421145,1.6299851759680872,0.7519423618392683,0.7742955436185675,-0.9248461671535724,-1.0461049901031694,False
2021-10-30 09:32:00,417.6,50.6,383.6,447.2,435.9,23.4,92.8,0.0,0.0,0.0,0.0,0.0,1003,0,0.0,35.2,33.5,,0.7224328087375268,-0.3008259764355706,1.6979328317903672,0.7994669922166266,0.8231032513043396,-0.9248461671535724,-1.0461049901031694,False
2021-10-30 09:33:00,435.6,66.1,391.2,467.2,455.6,23.4,93.1,0.0,0.0,0.0,0.0,0.0,1003,0,0.0,35.6,33.8,,0.7827353533431701,-0.2299372214351231,1.7457478488504898,0.8659350067304145,0.8912955804823336,-0.9248461671535724,-1.0461049901031694,False
2021-10-30 09:34:00,442.4,67.4,396.9,474.3,462.6,23.4,92.8,0.0,0.0,0.0,0.0,0.0,1003,0,0.0,36.1,34.2,,0.8055163146386352,-0.2239917129512146,1.781609111645582,0.8895311518828093,0.9155263573476108,-0.9248461671535724,-1.0461049901031694,False
2021-10-30 09:35:00,446.3,69.1,399.8,477.4,465.7,23.5,93.7,0.0,0.0,0.0,0.0,0.0,1003,0,0.0,36.6,34.7,,0.8185818659698579,-0.2162168172414882,1.799854315523787,0.8998336941324464,0.926257129959376,-0.9248461671535724,-1.0461049901031694,False
2021-10-30 09:36:00,436.5,58.6,397.0,463.0,452.0,23.5,92.5,0.0,0.0,0.0,0.0,0.0,1003,0,0.0,36.7,35.0,,0.7857504805734522,-0.2642382319192106,1.7822382566068995,0.8519767236825192,0.8788340380944768,-0.9248461671535724,-1.0461049901031694,False
2021-10-30 09:37:00,414.0,33.4,390.9,434.7,424.4,23.5,92.3,0.0,0.0,0.0,0.0,0.0,1003,0,0.0,36.7,35.0,,0.710372299816398,-0.3794896271457444,1.7438604139665377,0.7579244831455093,0.7832955464542417,-0.9248461671535724,-1.0461049901031694,False
2021-10-30 09:38:00,410.6,28.4,390.8,430.6,420.4,23.5,92.5,0.0,0.0,0.0,0.0,0.0,1003,0,0.0,36.8,35.0,,0.6989818191686655,-0.4023569674684694,1.7432312690052203,0.7442985401701828,0.7694493882455119,-0.9248461671535724,-1.0461049901031694,False
2021-10-30 09:39:00,455.2,75.9,402.4,481.0,469.4,23.6,94.4,0.0,0.0,0.0,0.0,0.0,1003,0,0.0,37.4,35.5,,0.8483981241359816,-0.1851172344025821,1.8162120845180396,0.9117979367449284,0.939064826302451,-0.9248461671535724,-1.0461049901031694,False
2021-10-30 09:40:00,490.8,104.7,417.9,520.9,508.9,23.6,94.5,0.0,0.0,0.0,0.0,0.0,1003,0,0.0,38.1,36.2,,0.9676631568004762,-0.0534013541436863,1.9137295535222372,1.044401625699935,1.075795638613657,-0.9248461671535724,-1.0461049901031694,False
2021-10-30 09:41:00,499.4,98.9,429.9,531.5,518.9,23.7,94.9,0.0,0.0,0.0,0.0,0.0,1003,0,0.0,38.9,36.8,,0.9964743725565056,-0.0799274689180473,1.9892269488803265,1.0796296733922428,1.1104110341354814,-0.9248461671535724,-1.0461049901031694,False
2021-10-30 09:42:00,529.8,128.6,440.1,567.0,553.5,23.8,93.1,0.0,0.4,0.1,65.6,0.0,1003,0,0.0,39.5,37.3,,1.098318670112703,0.0559045325989389,2.0533997349347017,1.1976103991542162,1.2301803026409934,-0.9248461671535724,-0.7987412408365836,False
2021-10-30 09:43:00,534.9,119.7,450.9,570.5,556.9,23.8,93.2,0.0,0.0,0.0,0.0,0.0,1003,0,0.0,40.2,37.8,,1.115404391084302,0.0152006668244885,2.121347390756981,1.2092423016941292,1.2419495371184135,-0.9248461671535724,-1.0461049901031694,False
2021-10-30 09:44:00,594.6,189.5,462.7,638.2,622.9,23.9,93.7,0.0,0.0,0.0,0.0,0.0,1003,0,0.0,41.0,38.4,,1.315407830693019,0.3344287377297291,2.195586496192436,1.4342365308233012,1.470411147562454,-0.9248461671535724,-1.0461049901031694,False
2021-10-30 09:45:00,587.8,157.9,476.9,627.8,612.9,24.0,93.3,0.0,0.0,0.0,0.0,0.0,1003,0,0.0,42.0,39.3,,1.2926268693975536,0.1899071468901073,2.2849250806995074,1.3996731632761312,1.4357957520406297,-0.9248461671535724,-1.0461049901031694,False
2021-10-30 09:46:00,578.6,137.7,481.8,614.8,600.3,24.0,91.3,0.0,0.4,0.1,281.6,0.0,1003,0,0.0,42.8,40.1,,1.261805568821336,0.0975230919862983,2.3157531838040604,1.356468953842169,1.392180353683131,-0.9248461671535724,-0.7987412408365836,False
2021-10-30 09:47:00,579.9,125.6,491.0,614.6,600.1,24.0,93.3,0.0,0.0,0.0,0.0,0.0,1003,0,0.0,43.3,40.6,,1.2661607525984102,0.0421841284053039,2.373634520245262,1.3558042736970315,1.3914880457726948,-0.9248461671535724,-1.0461049901031694,False
2021-10-30 09:48:00,609.8,147.3,505.8,646.6,632.1,24.1,95.7,0.0,0.0,0.0,0.0,0.0,1003,0,0.0,44.1,41.2,,1.3663299794711177,0.1414283854059304,2.466747974520238,1.462153096919092,1.5022573114425326,-0.9248461671535724,-1.0461049901031694,False
2021-10-30 09:49:00,652.3,198.5,510.9,689.6,673.6,24.2,92.3,0.0,0.0,0.0,0.0,0.0,1003,0,0.0,44.8,41.9,,1.508710987567775,0.3755899503106341,2.4988343675474254,1.605059328123736,1.645911202858103,-0.9248461671535724,-1.0461049901031694,False
2021-10-30 09:50:00,647.8,197.2,507.2,683.2,667.1,24.2,93.0,0.1,0.7,0.4,325.0,5.0,1003,0,0.0,45.5,42.3,,1.4936353514163645,0.3696444418267255,2.475556003978681,1.583789563479324,1.6234111957689177,-0.8441520160445998,-0.6132184288866446,False
2021-10-30 09:51:00,601.6,151.7,492.6,624.4,610.0,24.2,93.6,0.1,0.7,0.2,308.8,0.4,1003,0,0.0,46.1,42.8,,1.3388588202618803,0.1615516448899283,2.3837008396263406,1.3883736008087877,1.4257572873393007,-0.8441520160445998,-0.6132184288866446,False
2021-10-30 09:52:00,540.4,93.0,473.1,558.5,546.0,24.3,92.9,0.0,0.0,0.0,0.0,0.0,1003,0,0.0,46.4,43.1,,1.133830168602693,-0.1069109304988628,2.2610175721694463,1.1693614929858565,1.2042187559996251,-0.9248461671535724,-1.0461049901031694,False
2021-10-30 09:53:00,523.0,89.7,457.7,536.8,525.2,24.3,92.0,0.0,0.0,0.0,0.0,0.0,1003,0,0.0,46.6,43.2,,1.0755377088172378,-0.1220033751118612,2.164129248126565,1.0972436972383963,1.1322187333142308,-0.9248461671535724,-1.0461049901031694,False
2021-10-30 09:54:00,502.5,80.6,443.8,514.6,503.4,24.4,94.9,0.0,0.0,0.0,0.0,0.0,1003,0,0.0,47.0,43.5,,1.0068598107941442,-0.1636219344992207,2.076678098503446,1.023464201128092,1.0567571710766537,-0.9248461671535724,-1.0461049901031694,False
2021-10-30 09:55:00,525.4,83.6,427.7,474.6,464.0,24.5,92.7,0.0,0.7,0.2,87.6,0.2,1003,0,0.0,47.0,43.7,,1.0835780480979902,-0.1499015303055857,1.9753857597313436,0.8905281721005163,0.920372512720666,-0.9248461671535724,-0.6132184288866446,False
2021-10-30 09:56:00,494.7,60.5,432.6,459.5,449.1,24.5,90.3,0.3,1.1,0.5,67.5,8.5,1003,0,0.0,46.9,43.7,,0.9807287081316988,-0.2555486425965751,2.0062138628358963,0.8403448211426062,0.8687955733931478,-0.6827637138266546,-0.3658546796200588,False
2021-10-30 09:57:00,485.2,53.0,417.5,471.8,460.7,24.5,87.8,0.4,1.1,0.5,77.5,0.3,1003,1,0.0,46.5,43.4,,0.9489023651453872,-0.2898496530806626,1.911212973676968,0.8812226500685858,0.908949432198464,-0.602069562717682,-0.3658546796200588,False
2021-10-30 09:58:00,464.9,54.4,424.0,504.2,465.6,24.4,86.4,0.0,0.4,0.1,80.8,0.0,1003,0,0.0,45.7,42.9,,0.8808944953956892,-0.2834467977902996,1.9521073961625997,0.988900833580922,0.925910976004158,-0.9248461671535724,-0.7987412408365836,False
2021-10-30 09:59:00,467.9,56.0,426.3,483.3,471.2,24.4,88.0,0.0,0.0,0.0,0.0,0.0,1003,0,0.0,44.9,42.7,,0.8909449194966297,-0.2761292488870276,1.9665777302729,0.9194417584140138,0.9452955974963796,-0.9248461671535724,-1.0461049901031694,False
2021-10-30 10:00:00,463.3,50.9,425.9,478.1,465.9,24.4,88.0,0.0,0.0,0.0,0.0,0.0,1003,0,0.0,45.1,43.0,,0.8755342692085212,-0.299453936016207,1.96406115042763,0.9021600746404292,0.9269494378698124,-0.9248461671535724,-1.0461049901031694,False
2021-10-30 10:01:00,457.5,44.6,424.9,472.0,460.0,24.5,86.5,0.0,0.0,0.0,0.0,0.0,1003,0,0.0,45.3,43.1,,0.856103449280036,-0.3282667848228405,1.957769700814456,0.8818873302137238,0.9065263545119364,-0.9248461671535724,-1.0461049901031694,False
2021-10-30 10:02:00,447.0,33.3,422.8,460.0,448.3,24.5,87.7,0.0,0.0,0.0,0.0,0.0,1003,0,0.0,45.5,43.1,,0.8209269649267441,-0.3799469739521989,1.9445576566267904,0.842006521505451,0.8660263417514018,-0.9248461671535724,-1.0461049901031694,False
2021-10-30 10:03:00,439.3,27.5,419.6,451.2,439.8,24.5,87.1,0.0,0.0,0.0,0.0,0.0,1003,0,0.0,45.8,43.2,,0.7951308764009967,-0.4064730887265599,1.9244250178646336,0.8127605951193843,0.8366032555578512,-0.9248461671535724,-1.0461049901031694,False
2021-10-30 10:04:00,435.3,25.9,416.7,446.6,435.4,24.6,88.7,0.0,0.0,0.0,0.0,0.0,1003,0,0.0,46.0,43.4,,0.781730310933076,-0.4137906376298318,1.9061798139864288,0.7974729517812131,0.8213724815282484,-0.9248461671535724,-1.0461049901031694,False
2021-10-30 10:05:00,432.9,10.8,416.8,442.4,430.3,24.7,88.7,0.0,0.0,0.0,0.0,0.0,1003,0,0.0,46.2,43.4,,0.7736899716523234,-0.4828500054044613,1.9068089589477464,0.7835146687333175,0.8037186298121182,-0.9248461671535724,-1.0461049901031694,False
2021-10-30 10:06:00,444.4,27.2,419.3,457.0,445.0,24.7,88.8,0.0,0.0,0.0,0.0,0.0,1003,1,0.0,46.3,43.5,,0.8122165973725956,-0.4078451291459234,1.9225375829806808,0.8320363193283827,0.8546032612291998,-0.9248461671535724,-1.0461049901031694,False
2021-10-30 10:07:00,453.6,40.4,423.9,467.8,456.1,24.8,87.9,0.0,0.0,0.0,0.0,0.0,1003,0,0.0,46.3,43.6,,0.8430378979488133,-0.3474753506939295,1.9514782512012816,0.8679290471658282,0.8930263502584248,-0.9248461671535724,-1.0461049901031694,False
2021-10-30 10:08:00,462.2,48.0,426.8,478.4,466.7,24.8,88.6,0.0,0.0,0.0,0.0,0.0,1003,0,0.0,46.4,43.6,,0.8718491137048429,-0.3127169934033875,1.9697234550794869,0.903157094858136,0.9297186695115583,-0.9248461671535724,-1.0461049901031694,False
2021-10-30 10:09:00,440.8,27.9,420.1,453.1,442.0,24.9,89.3,0.5,1.6,0.6,299.8,14.9,1003,0,0.0,46.4,43.6,,0.800156088451467,-0.4046437015007419,1.9275707426712203,0.8190750564981942,0.8442186425726526,-0.5213754116087095,-0.0566499930368267,False
2021-10-30 10:10:00,410.6,10.4,404.0,421.4,411.0,24.8,87.7,0.0,0.4,0.1,214.8,0.0,1003,0,0.0,45.8,43.1,,0.6989818191686655,-0.4846793926302793,1.826278403899118,0.7137232534938402,0.7369109164549972,-0.9248461671535724,-0.7987412408365836,False
2021-10-30 10:11:00,407.7,12.4,399.8,419.0,408.7,24.7,87.5,0.5,1.1,0.5,248.8,8.4,1003,0,0.0,45.2,42.6,,0.6892664092044228,-0.4755324565011893,1.799854315523787,0.7057470917521858,0.7289493754849775,-0.5213754116087095,-0.3658546796200588,False
2021-10-30 10:12:00,403.1,6.8,399.5,413.9,403.7,24.7,87.4,0.8,1.4,0.6,247.6,9.9,1003,0,0.0,44.8,42.3,,0.6738557589163141,-0.5011438776626413,1.7979668806398348,0.6887977480511698,0.7116416777240654,-0.2792929582817916,-0.1803318676701196,False
2021-10-30 10:13:00,410.4,8.4,405.3,422.7,412.3,24.7,88.5,0.6,1.4,0.6,219.8,7.6,1003,0,0.0,44.2,42.0,,0.6983117908952693,-0.4938263287593692,1.8344572883962444,0.7180436744372365,0.7414109178728344,-0.4406812604997369,-0.1803318676701196,False
2021-10-30 10:14:00,420.0,8.9,414.4,433.4,422.8,24.7,88.4,0.0,0.0,0.0,0.0,0.0,1003,0,0.0,43.8,41.8,,0.7304731480182791,-0.4915395947270968,1.891709479876128,0.753604062202113,0.7777570831707499,-0.9248461671535724,-1.0461049901031694,False
2021-10-30 10:15:00,434.7,10.2,428.1,449.1,438.2,24.7,88.5,0.2,1.1,0.5,263.7,9.7,1003,0,0.0,43.5,41.7,,0.7797202261128878,-0.4855940862431883,1.977902339576613,0.8057814535954366,0.8310647922743593,-0.7634578649356273,-0.3658546796200588,False
2021-10-30 10:16:00,456.1,12.6,447.3,471.1,459.7,24.7,89.5,0.7,1.1,0.5,279.8,8.8,1003,0,0.0,43.2,41.7,,0.8514132513662638,-0.4746177628882803,2.0986981721495552,0.8788962695606034,0.9054878926462816,-0.3599871093907643,-0.3658546796200588,False
2021-10-30 10:17:00,474.0,10.2,467.2,489.0,477.0,24.7,87.5,1.0,1.4,0.4,287.5,5.4,1003,0,0.0,42.7,41.5,,0.9113807818352088,-0.4855940862431883,2.223898019451719,0.9383851425504436,0.9653725268990376,-0.1179046560638464,-0.1803318676701196,False
2021-10-30 10:18:00,492.0,16.1,480.8,507.7,495.2,24.7,87.4,0.1,0.7,0.4,280.3,1.2,1003,0,0.0,42.4,41.3,,0.9716833264408522,-0.4586106246623729,2.3094617341908865,1.000532736120835,1.0283725467487577,-0.8441520160445998,-0.6132184288866446,False
2021-10-30 10:19:00,502.8,21.4,487.2,518.4,505.6,24.7,89.1,0.0,0.0,0.0,0.0,0.0,1003,0,0.0,42.7,41.5,,1.0078648532042385,-0.4343712439202843,2.3497270117152,1.0360931238857116,1.0643725580914551,-0.9248461671535724,-1.0461049901031694,False
2021-10-30 10:20:00,510.5,24.7,491.7,526.7,513.7,24.7,88.3,0.6,1.1,0.5,211.8,4.7,1003,0,0.0,43.3,41.9,,1.0336609417299856,-0.4192787993072859,2.3780385349744835,1.0636773499089338,1.0924110284641328,-0.4406812604997369,-0.3658546796200588,False
2021-10-30 10:21:00,520.3,26.6,500.0,537.8,524.6,24.8,87.7,0.1,0.7,0.4,195.7,3.5,1003,0,0.0,43.9,42.3,,1.0664923271263913,-0.4105892099846504,2.4302575667638284,1.1005670979640858,1.1301418095829212,-0.8441520160445998,-0.6132184288866446,False
2021-10-30 10:22:00,553.3,60.4,506.6,574.5,560.6,24.8,87.7,0.5,1.1,0.5,198.5,4.5,1003,0,0.0,44.5,42.8,,1.1770469922367373,-0.2560059894030296,2.471781134210777,1.2225359045968869,1.2547572334614887,-0.5213754116087095,-0.3658546796200588,False
2021-10-30 10:23:00,534.3,29.8,510.7,551.4,538.0,24.8,88.9,0.5,1.4,0.6,189.2,5.9,1003,0,0.0,45.2,43.3,,1.1133943062641138,-0.3959541121781064,2.4975760776247906,1.1457653478334615,1.1765264395821655,-0.5213754116087095,-0.1803318676701196,False
2021-10-30 10:24:00,525.9,15.7,514.4,540.9,527.7,24.8,88.8,0.2,0.7,0.4,202.4,1.3,1003,0,0.0,45.8,43.8,,1.0852531187814802,-0.4604400118881908,2.520854441193535,1.110869640213723,1.140872582194687,-0.7634578649356273,-0.6132184288866446,False
2021-10-30 10:25:00,531.8,19.6,516.9,547.8,534.3,24.9,87.5,1.0,1.4,0.4,185.2,9.4,1003,0,0.0,46.3,44.2,,1.1050189528466634,-0.4426034864364654,2.53658306522647,1.1338011052209798,1.1637187432390907,-0.1179046560638464,-0.1803318676701196,False
2021-10-30 10:26:00,557.2,43.7,522.4,576.7,562.6,24.9,87.2,0.2,1.4,0.5,188.8,1.1,1003,0,0.0,46.6,44.4,,1.1901125435679605,-0.332382906080931,2.5711860380989275,1.2298473861934036,1.2616803125658536,-0.7634578649356273,-0.1803318676701196,False
2021-10-30 10:27:00,572.8,54.2,528.7,594.4,579.8,24.9,87.1,0.3,0.7,0.5,201.3,2.8,1003,0,0.0,47.0,44.7,,1.2423747488928507,-0.2843614914032085,2.6108221706619243,1.2886715790381056,1.3212187928633912,-0.6827637138266546,-0.6132184288866446,False
2021-10-30 10:28:00,593.7,72.8,534.0,618.6,603.3,24.9,88.4,1.5,1.9,0.4,181.9,12.3,1003,0,0.0,47.4,45.0,,1.312392703462737,-0.1992949854026717,2.644166853611747,1.369097876599789,1.4025649723396785,0.2855660994810165,0.1288728189131124,False
2021-10-30 10:29:00,581.4,51.3,538.2,602.8,587.7,24.9,87.7,0.8,1.6,0.6,182.7,7.4,1003,0,0.0,47.7,45.1,,1.2711859646488803,-0.2976245487903891,2.670590941987078,1.3165881451338963,1.3485649553256327,-0.2792929582817916,-0.0566499930368267,False
2021-10-30 10:30:00,563.3,24.9,542.4,583.0,568.2,25.0,88.4,0.4,1.1,0.5,151.8,8.5,1003,0,0.0,48.0,45.4,,1.210548405906539,-0.4183641056943769,2.6970150303624085,1.2507848107652466,1.2810649340580753,-0.602069562717682,-0.3658546796200588,False
2021-10-30 10:31:00,564.6,22.2,546.5,585.4,570.6,25.1,87.1,0.0,0.7,0.2,150.7,0.0,1003,0,0.0,48.2,45.6,,1.2149035896836136,-0.4307124694686484,2.7228099737764224,1.258760972506901,1.2893726289833132,-0.9248461671535724,-0.6132184288866446,False
2021-10-30 10:32:00,579.9,34.7,551.8,602.6,587.4,25.2,85.9,0.1,0.7,0.3,176.6,0.8,1003,0,0.0,48.5,45.9,,1.2661607525984102,-0.3735441186618359,2.756154656726245,1.3159234649887588,1.3475264934599778,-0.8441520160445998,-0.6132184288866446,False
2021-10-30 10:33:00,600.3,55.7,555.5,627.5,611.9,25.2,84.7,0.0,0.0,0.0,0.0,0.0,1003,0,0.0,48.8,46.0,,1.3345036364848055,-0.277501289306391,2.7794330202949893,1.3986761430584247,1.4323342124884473,-0.9248461671535724,-1.0461049901031694,False
2021-10-30 10:34:00,608.0,67.3,552.6,633.2,617.6,25.2,85.4,0.0,0.0,0.0,0.0,0.0,1003,0,0.0,49.4,46.4,,1.3602997250105533,-0.2244490597576691,2.7611878164167845,1.4176195271948542,1.4520649879358871,-0.9248461671535724,-1.0461049901031694,False
2021-10-30 10:35:00,578.1,42.4,543.2,600.1,585.6,25.3,85.3,0.5,1.4,0.6,165.9,20.2,1003,0,0.0,49.9,46.8,,1.260130498137846,-0.3383284145648395,2.7020481900529485,1.3076149631745353,1.3412957222660495,-0.5213754116087095,-0.1803318676701196,False
2021-10-30 10:36:00,553.5,27.4,531.3,573.2,559.2,25.3,85.6,0.0,0.0,0.0,0.0,0.0,1003,0,0.0,50.1,47.1,,1.1777170205101335,-0.4069304355330144,2.6271799396561764,1.2182154836534906,1.2499110780884335,-0.9248461671535724,-1.0461049901031694,False
2021-10-30 10:37:00,531.8,15.6,519.6,550.9,537.4,25.4,88.2,1.0,2.1,0.7,129.1,23.6,1003,0,0.0,50.3,47.3,,1.1050189528466634,-0.4608973586946454,2.5535699791820403,1.144103647470617,1.1744495158508563,-0.1179046560638464,0.2525546935464053,False
2021-10-30 10:38:00,526.5,22.6,508.3,547.4,533.8,25.6,87.4,1.6,2.1,0.5,108.3,17.6,1003,0,0.0,49.9,46.9,,1.0872632036016685,-0.4288830822428304,2.4824765985531734,1.132471744930704,1.1619879734629994,0.3662602505899892,0.2525546935464053,False
2021-10-30 10:39:00,522.4,20.2,505.7,543.3,529.8,25.6,85.4,1.7,2.1,0.4,131.1,9.0,1003,0,0.0,49.0,45.9,,1.0735276239970497,-0.4398594055977383,2.4661188295589205,1.1188458019553775,1.1481418152542695,0.4469544016989616,0.2525546935464053,False
2021-10-30 10:40:00,521.0,19.0,505.8,542.5,529.0,25.6,85.3,1.1,1.6,0.4,123.8,8.8,1003,0,0.0,48.1,45.0,,1.0688374260832776,-0.4453475672751923,2.466747974520238,1.116187081374826,1.145372583612524,-0.0372105049548737,-0.0566499930368267,False
2021-10-30 10:41:00,523.5,24.7,503.8,547.4,533.8,25.6,85.1,0.6,1.4,0.6,108.5,13.9,1003,0,0.0,47.7,44.5,,1.077212779500728,-0.4192787993072859,2.45416507529389,1.132471744930704,1.1619879734629994,-0.4406812604997369,-0.1803318676701196,False
2021-10-30 10:42:00,532.9,35.0,504.4,559.5,545.7,25.5,85.1,0.4,1.1,0.5,114.9,5.2,1003,0,0.0,47.0,43.5,,1.1087041083503415,-0.3721720782424724,2.4579399450617943,1.1726848937115455,1.2031802941339709,-0.602069562717682,-0.3658546796200588,False
2021-10-30 10:43:00,535.9,34.4,507.2,562.5,548.9,25.5,87.2,1.1,2.1,0.7,130.9,25.3,1002,0,0.0,46.9,43.2,,1.1187545324512822,-0.3749161590811994,2.475556003978681,1.182655095888614,1.214257220700954,-0.0372105049548737,0.2525546935464053,False
2021-10-30 10:44:00,533.5,27.9,510.3,560.0,546.3,25.6,87.5,1.3,1.9,0.4,113.5,10.7,1002,0,0.0,47.1,43.2,,1.1107141931705298,-0.4046437015007419,2.495059497779521,1.1743465940743905,1.2052572178652798,0.1241777972630713,0.1288728189131124,False
2021-10-30 10:45:00,536.6,31.6,510.5,564.5,550.5,25.7,85.7,0.7,1.6,0.6,115.7,2.2,1002,0,0.0,47.1,43.1,,1.1210996314081685,-0.3877218696619254,2.4963177877021563,1.1893018973399927,1.2197956839844462,-0.3599871093907643,-0.0566499930368267,False
2021-10-30 10:46:00,532.3,29.6,507.4,559.8,545.8,25.8,86.0,0.0,0.0,0.0,0.0,0.0,1002,0,0.0,47.2,43.1,,1.1066940235301534,-0.3968688057910154,2.476814293901316,1.1736819139292525,1.2035264480891883,-0.9248461671535724,-1.0461049901031694,False
2021-10-30 10:47:00,521.0,16.4,506.9,547.7,534.1,25.8,86.6,0.0,0.0,0.0,0.0,0.0,1002,0,0.0,47.6,43.5,,1.0688374260832776,-0.4572385842430093,2.473668569094729,1.133468765148411,1.1630264353286544,-0.9248461671535724,-1.0461049901031694,False
2021-10-30 10:48:00,525.9,18.1,510.5,554.0,540.2,25.9,86.6,0.1,0.7,0.3,100.2,0.6,1002,0,0.0,48.0,43.9,,1.0852531187814802,-0.4494636885332829,2.4963177877021563,1.1544061897202542,1.1841418265969672,-0.8441520160445998,-0.6132184288866446,False
2021-10-30 10:49:00,547.2,31.3,520.5,578.1,563.8,26.0,84.7,0.6,1.1,0.5,67.3,3.7,1002,0,0.0,48.2,44.2,,1.1566111298981585,-0.3890939100812889,2.559232283833897,1.2345001472093686,1.2658341600284724,-0.4406812604997369,-0.3658546796200588,False
2021-10-30 10:50:00,578.3,50.8,535.0,613.4,598.4,26.0,83.9,0.7,1.6,0.6,76.5,9.9,1002,0,0.0,48.2,44.1,,1.260800526411242,-0.2999112828226615,2.6504583032249207,1.351816192826204,1.3856034285339844,-0.3599871093907643,-0.0566499930368267,False
2021-10-30 10:51:00,631.0,92.2,552.4,672.4,656.7,25.9,86.4,0.4,1.9,0.7,67.5,6.2,1002,0,0.0,48.6,44.4,,1.4373529764510975,-0.1105697049504987,2.759929526494149,1.5478968356418783,1.5874111844262204,-0.602069562717682,0.1288728189131124,False
2021-10-30 10:52:00,664.2,108.2,569.6,706.3,689.3,25.9,84.3,0.8,1.6,0.6,58.5,9.6,1002,0,0.0,49.0,44.6,,1.5485776698348397,-0.0373942159177788,2.8681424598407435,1.660560120242749,1.7002573738273674,-0.2792929582817916,-0.0566499930368267,False
2021-10-30 10:53:00,718.3,155.5,584.1,767.6,748.9,25.9,85.5,0.2,1.1,0.4,87.2,0.4,1002,0,0.0,49.4,44.8,,1.7298203177884672,0.1789308235351993,2.959368479231768,1.864284584727509,1.90656513113744,-0.7634578649356273,-0.3658546796200588,False
2021-10-30 10:54:00,814.0,257.0,594.3,878.0,856.0,25.9,85.3,0.5,1.1,0.5,81.4,7.9,1002,0,0.0,50.4,45.6,,2.050428846608471,0.6431378320865162,3.023541265286142,2.231188024843618,2.277296017176179,-0.5213754116087095,-0.3658546796200588,True
2021-10-30 10:55:00,826.0,263.5,599.6,883.0,861.0,26.0,85.4,1.7,2.4,0.4,74.6,12.1,1002,0,0.0,51.6,46.6,,2.090630543012233,0.6728653745060587,3.0568859482359656,2.2478050284720648,2.294603714937091,0.4469544016989616,0.4380775054963444,True
2021-10-30 10:56:00,851.0,285.0,605.9,912.0,890.0,26.0,84.2,1.6,2.1,0.5,66.4,14.6,1002,0,0.0,52.4,47.0,,2.1743840771867378,0.771194937893776,3.096522080798962,2.344183649517057,2.3949883619503813,0.3662602505899892,0.2525546935464053,True
2021-10-30 10:57:00,823.0,254.8,603.9,878.0,856.0,26.0,85.3,0.8,1.6,0.6,90.2,7.0,1002,0,0.0,53.4,47.7,,2.0805801189112927,0.6330762023445173,3.083939181572614,2.231188024843618,2.277296017176179,-0.2792929582817916,-0.0566499930368267,True
2021-10-30 10:58:00,810.0,244.5,598.8,864.0,843.0,26.1,85.7,0.6,1.6,0.6,108.5,7.9,1002,0,0.0,54.6,48.6,,2.0370282811405502,0.5859694812797038,3.051852788545426,2.1846604146839663,2.232296002997807,-0.4406812604997369,-0.0566499930368267,True
2021-10-30 10:59:00,932.0,397.7,589.4,1002.0,978.0,26.2,85.6,1.7,2.4,0.5,121.7,12.1,1002,0,0.0,55.5,49.4,,2.4457455279121323,1.286624788767997,2.9927131621815897,2.643289714829103,2.699603842542435,0.4469544016989616,0.4380775054963444,False
2021-10-30 11:00:00,995.0,492.6,571.1,1065.0,1039.0,26.4,83.4,1.6,2.1,0.4,98.3,16.3,1002,0,0.0,56.3,49.7,,2.656804434031884,1.7206469080933169,2.8775796342605044,2.8526639605475346,2.910757755225564,0.3662602505899892,0.2525546935464053,False
2021-10-30 11:01:00,988.0,504.2,552.7,1050.0,1025.0,26.5,83.6,1.5,2.4,0.5,49.9,11.9,1002,0,0.0,57.1,50.0,,2.633353444463023,1.7736991376420388,2.761816961378102,2.8028129496621936,2.8622962014950093,0.2855660994810165,0.4380775054963444,False
2021-10-30 11:02:00,978.0,506.0,541.7,1049.0,1025.0,26.4,82.7,0.4,1.4,0.6,29.4,7.3,1002,0,0.0,57.8,50.4,,2.5998520307932207,1.7819313801582195,2.692611015633187,2.799489548936504,2.8622962014950093,-0.602069562717682,-0.1803318676701196,False
2021-10-30 11:03:00,1071.0,616.0,539.1,1142.0,1116.0,26.4,82.5,0.2,0.7,0.4,20.2,11.9,1002,0,0.0,59.3,51.8,,2.911415177922378,2.2850128672581693,2.6762532466389346,3.108565816425618,3.1772963007436106,-0.7634578649356273,-0.6132184288866446,True
2021-10-30 11:04:00,1119.0,673.5,538.4,1193.0,1167.0,26.3,83.1,0.1,1.1,0.3,100.5,6.9,1002,0,0.0,60.5,53.2,,3.0722219635374266,2.547987280969506,2.671849231909712,3.278059253435777,3.3538348179049144,-0.8441520160445998,-0.3658546796200588,True
2021-10-30 11:05:00,1009.0,560.6,524.8,1070.0,1046.0,26.3,82.9,0.2,1.4,0.4,172.3,14.9,1002,0,0.0,61.5,54.5,,2.7037064131696065,2.0316427364823766,2.586285517170545,2.8692809641759816,2.9349885320908404,-0.7634578649356273,-0.1803318676701196,False
2021-10-30 11:06:00,970.0,534.1,507.0,1036.0,1012.0,26.4,82.3,0.1,1.0,0.3,195.2,1.5,1002,0,0.0,62.8,55.8,,2.57305089985738,1.9104458327719345,2.4742977140560467,2.756285339502542,2.817296187316638,-0.8441520160445998,-0.4276956169367052,False
2021-10-30 11:07:00,1010.0,587.6,498.5,1075.0,1051.0,26.4,83.5,1.2,1.6,0.4,197.7,6.7,1002,0,0.0,64.1,57.0,,2.7070565545365866,2.1551263742250915,2.4208203923440674,2.8858979678044285,2.9522962298517528,0.0434836461540987,-0.0566499930368267,False
2021-10-30 11:08:00,1004.0,576.2,501.1,1072.0,1048.0,26.6,84.1,0.8,1.6,0.6,198.3,11.2,1002,0,0.0,65.0,58.0,,2.6869557063347056,2.1029888382892787,2.43717816133832,2.8759277656273605,2.9419116111952053,-0.2792929582817916,-0.0566499930368267,False
2021-10-30 11:09:00,967.0,521.8,509.0,1024.0,1001.0,26.8,81.3,0.2,1.1,0.4,197.9,5.9,1002,0,0.0,65.5,58.8,,2.563000475756439,1.8541921755780304,2.486880613282395,2.716404530794269,2.779219252242631,-0.7634578649356273,-0.3658546796200588,False
2021-10-30 11:10:00,1007.0,564.3,513.2,1076.0,1052.0,26.9,83.6,0.5,2.1,0.7,81.4,25.4,1002,0,0.0,66.0,59.5,,2.6970061304356463,2.0485645683211926,2.5133047016577263,2.889221368530118,2.955757769403935,-0.5213754116087095,0.2525546935464053,False
2021-10-30 11:11:00,1092.0,667.1,507.6,1163.0,1137.0,27.0,83.4,2.0,2.6,0.4,57.0,11.6,1002,0,0.0,66.3,59.8,,2.9817681466289616,2.5187170853564185,2.4780725838239515,3.178357231665095,3.2499886313394417,0.6890368550258795,0.5617593801296374,True
2021-10-30 11:12:00,1154.0,755.7,491.3,1237.0,1208.0,27.0,82.4,1.2,1.9,0.6,69.5,12.6,1002,0,0.0,66.1,59.2,,3.189476911381733,2.9239263558751047,2.375521955129214,3.42428888536611,3.495757939544394,0.0434836461540987,0.1288728189131124,True
2021-10-30 11:13:00,1063.0,665.2,478.0,1132.0,1105.0,27.1,80.1,0.6,1.6,0.7,90.5,5.6,1002,0,0.0,66.0,58.5,,2.8846140469865365,2.510027496033783,2.291845675273999,3.075331809168724,3.139219365669604,-0.4406812604997369,-0.0566499930368267,True
2021-10-30 11:14:00,981.0,572.4,476.6,1041.0,1016.0,27.1,82.2,0.1,0.7,0.4,216.2,14.3,1002,0,0.0,66.2,58.4,,2.6099024548941614,2.0856096596440072,2.2830376458155555,2.772902343130989,2.831142345525368,-0.8441520160445998,-0.6132184288866446,False
2021-10-30 11:15:00,853.0,413.7,485.8,900.0,879.0,27.2,79.5,0.0,0.7,0.1,231.2,0.0,1002,0,0.0,66.6,59.0,,2.181084359920698,1.3598002778007168,2.3409189822567567,2.3043028408087847,2.3569114268763744,-0.9248461671535724,-0.6132184288866446,False
2021-10-30 11:16:00,756.4,293.7,494.1,805.0,786.9,27.1,80.7,0.4,1.6,0.6,83.5,7.8,1002,0,0.0,66.4,59.0,,1.8574607038704125,0.8109841100553175,2.3931380140461016,1.988579771868292,2.038103634120372,-0.602069562717682,-0.0566499930368267,False
2021-10-30 11:17:00,726.5,242.1,508.5,767.7,750.3,27.2,81.3,1.0,1.6,0.5,96.9,8.6,1002,0,0.0,65.7,58.5,,1.757291476997705,0.5749931579247958,2.483734888475808,1.864616924800078,1.911411286510496,-0.1179046560638464,-0.0566499930368267,False
2021-10-30 11:18:00,806.0,314.8,523.5,860.0,841.0,27.4,79.8,0.0,0.0,0.0,0.0,0.0,1002,0,0.0,65.0,57.8,,2.023627715672629,0.907484286217217,2.578106632673419,2.171366811781209,2.2253729238934423,-0.9248461671535724,-1.0461049901031694,False
2021-10-30 11:19:00,823.0,324.9,530.5,868.0,849.0,27.4,78.6,0.1,1.1,0.3,51.5,0.5,1002,0,0.0,65.1,58.0,,2.0805801189112927,0.9536763136691212,2.6221467799656373,2.197954017586724,2.2530652403109017,-0.8441520160445998,-0.3658546796200588,False
2021-10-30 11:20:00,690.5,182.8,524.7,723.7,707.9,27.4,79.8,1.2,1.9,0.5,54.6,8.2,1002,0,0.0,65.1,58.0,,1.6366863877864184,0.3037865016972777,2.585656372209228,1.7183872928697446,1.764642009497961,0.0434836461540987,0.1288728189131124,False
2021-10-30 11:21:00,630.7,114.2,527.3,659.6,645.3,27.4,79.8,0.7,1.6,0.6,56.6,14.7,1002,0,0.0,64.3,57.3,,1.4363479340410037,-0.0099534075305089,2.60201414120348,1.5053573063530543,1.5479496335313403,-0.3599871093907643,-0.0566499930368267,False
2021-10-30 11:22:00,642.6,112.7,540.7,673.5,658.9,27.4,82.3,0.2,1.1,0.4,80.2,4.9,1002,0,0.0,63.4,56.6,,1.4762146163080678,-0.0168136096273264,2.686319566020013,1.5515525764401368,1.5950265714410214,-0.7634578649356273,-0.3658546796200588,False
2021-10-30 11:23:00,694.2,156.3,552.3,727.8,711.9,27.5,81.4,1.3,1.9,0.5,83.1,5.9,1002,0,0.0,62.3,55.6,,1.6490819108442452,0.1825895979868353,2.759300381532832,1.7320132358450706,1.7784881677066902,0.1241777972630713,0.1288728189131124,False
2021-10-30 11:24:00,721.0,182.9,553.5,753.8,737.0,27.6,81.5,1.0,1.6,0.5,90.3,15.2,1002,0,0.0,61.5,54.9,,1.738865699479314,0.3042438485037322,2.766850121068641,1.818421654712995,1.8653728104664693,-0.1179046560638464,-0.0566499930368267,False
2021-10-30 11:25:00,720.8,183.9,552.3,751.1,734.0,27.7,81.0,1.3,1.9,0.5,70.6,7.8,1002,0,0.0,60.9,54.4,,1.738195671205918,0.3088173165682772,2.759300381532832,1.8094484727536335,1.8549881918099225,0.1241777972630713,0.1288728189131124,False
2021-10-30 11:26:00,734.1,198.3,552.8,766.6,748.9,27.7,79.4,1.6,2.4,0.5,83.7,23.5,1002,0,0.0,59.9,53.4,,1.7827525513867544,0.3746752566977251,2.762446106339419,1.8609611840018196,1.90656513113744,0.3662602505899892,0.4380775054963444,False
2021-10-30 11:27:00,803.0,276.4,551.0,839.0,820.0,27.7,80.3,1.0,1.9,0.6,110.5,2.8,1002,0,0.0,59.2,52.7,,2.0135772915716887,0.731863112538689,2.751121497035706,2.1015753965417314,2.152680593297611,-0.1179046560638464,0.1288728189131124,False
2021-10-30 11:28:00,824.0,306.8,543.9,863.0,843.0,27.8,80.5,0.5,1.4,0.6,148.2,18.8,1002,0,0.0,59.3,52.8,,2.0839302602782728,0.870896541700857,2.70645220478217,2.181337013958277,2.232296002997807,-0.5213754116087095,-0.1803318676701196,False
2021-10-30 11:29:00,849.0,344.3,535.2,890.0,870.0,27.9,77.8,0.9,1.6,0.5,110.7,16.1,1002,0,0.0,59.6,53.4,,2.167683794452777,1.0424015941212943,2.651716593147556,2.2710688335518907,2.325757570906733,-0.198598807172819,-0.0566499930368267,False
2021-10-30 11:30:00,888.0,397.6,526.0,929.0,908.0,27.9,77.6,0.2,0.7,0.4,110.9,2.8,1002,0,0.0,60.2,54.1,,2.2983393077650045,1.2861674419615423,2.5938352567063543,2.400681461853777,2.457296073889665,-0.7634578649356273,-0.6132184288866446,False
2021-10-30 11:31:00,886.0,410.3,513.1,929.0,908.0,28.0,78.1,0.3,1.4,0.5,125.5,4.9,1002,0,0.0,60.8,54.8,,2.291639025031044,1.344250486381264,2.5126755566964087,2.400681461853777,2.457296073889665,-0.6827637138266546,-0.1803318676701196,False
2021-10-30 11:32:00,838.0,376.6,494.5,876.0,856.0,28.0,76.5,0.1,1.1,0.3,129.2,0.3,1002,0,0.0,61.5,55.4,,2.1308322394159958,1.1901246126060976,2.395654593891371,2.2245412233922397,2.277296017176179,-0.8441520160445998,-0.3658546796200588,False
2021-10-30 11:33:00,848.0,415.2,470.3,893.0,872.0,28.0,76.2,0.0,0.0,0.0,0.0,0.0,1002,0,0.0,62.1,56.0,,2.164333653085797,1.366660479897534,2.2434015132525587,2.2810390357289587,2.3326806500110977,-0.9248461671535724,-1.0461049901031694,False
2021-10-30 11:34:00,819.0,413.5,442.2,863.0,843.0,28.0,76.9,0.1,1.1,0.3,203.8,1.9,1002,0,0.0,62.9,56.8,,2.067179553443372,1.3588855841878078,2.066611779122367,2.181337013958277,2.232296002997807,-0.8441520160445998,-0.3658546796200588,False
2021-10-30 11:35:00,915.0,552.6,413.4,970.0,948.0,28.0,77.9,0.3,1.1,0.5,189.1,11.2,1002,0,0.0,63.5,57.5,,2.388793124673469,1.9950549919660163,1.8854180302629544,2.536940891607042,2.5957576559769624,-0.6827637138266546,-0.3658546796200588,False
2021-10-30 11:36:00,819.0,482.4,380.5,869.0,850.0,28.1,78.6,0.1,1.1,0.4,189.2,0.0,1002,0,0.0,64.2,58.3,,2.067179553443372,1.6739975338349578,1.6784293379895274,2.2012774183124133,2.2565267798630844,-0.8441520160445998,-0.3658546796200588,False
2021-10-30 11:37:00,1037.0,745.0,362.7,1093.0,1068.0,28.2,77.8,0.9,2.1,0.8,239.2,16.7,1002,0,0.0,64.7,58.8,,2.7975103714450515,2.8749902475844733,1.566441534875029,2.945719180866837,3.0111424022388538,-0.198598807172819,0.2525546935464053,True
2021-10-30 11:38:00,977.0,701.6,342.4,1040.0,1018.0,28.2,78.0,1.9,2.4,0.3,251.1,13.5,1002,0,0.0,65.1,59.2,,2.5965018894262406,2.676501733583221,1.438725107727595,2.7695789424053,2.8380654246297325,0.6083427039169068,0.4380775054963444,False
2021-10-30 11:39:00,887.0,625.6,318.5,932.0,912.0,27.9,77.2,1.6,2.1,0.4,257.6,9.3,1002,0,0.0,64.4,59.2,,2.2949891663980244,2.328918160677801,1.2883594619727352,2.410651664030845,2.4711422320983947,0.3662602505899892,0.2525546935464053,False
2021-10-30 11:40:00,1028.0,815.0,290.0,1087.0,1064.0,27.6,77.6,1.2,2.1,0.6,255.7,20.6,1002,0,0.0,63.0,58.9,,2.76735909914223,3.1951330121026227,1.1090531479972745,2.925778776512701,2.997296244030124,0.0434836461540987,0.2525546935464053,True
2021-10-30 11:41:00,1006.0,820.0,262.7,1062.0,1040.0,27.4,79.5,1.3,2.1,0.7,276.9,7.8,1002,0,0.0,62.2,59.0,,2.6936559890686658,3.2180003524253475,0.9372965735576224,2.8426937583704666,2.914219294777746,0.1241777972630713,0.2525546935464053,True
2021-10-30 11:42:00,1000.0,830.0,246.4,1056.0,1034.0,27.4,80.1,0.0,0.4,0.1,284.3,0.0,1002,0,0.0,62.0,59.1,,2.673555140866785,3.2637350330707977,0.8347459448628851,2.82275335401633,2.893450057464652,-0.9248461671535724,-0.7987412408365836,True
2021-10-30 11:43:00,981.0,820.0,235.2,1036.0,1014.0,27.5,80.9,0.8,1.6,0.6,302.6,15.2,1002,0,0.0,62.4,59.5,,2.6099024548941614,3.2180003524253475,0.7642817091953354,2.756285339502542,2.824219266421003,-0.2792929582817916,-0.0566499930368267,True
2021-10-30 11:44:00,986.0,833.0,228.9,1042.0,1020.0,27.6,80.4,1.5,2.1,0.5,290.9,16.9,1002,0,0.0,62.3,59.7,,2.6266531617290623,3.2774554372644324,0.724645576632339,2.776225743856678,2.8449885037340974,0.2855660994810165,0.2525546935464053,True
2021-10-30 11:45:00,984.0,834.0,225.5,1039.0,1017.0,27.6,78.4,1.5,1.9,0.4,278.8,12.0,1002,0,0.0,61.9,59.4,,2.619952878995102,3.282028905328977,0.7032546479475471,2.76625554167961,2.83460388507755,0.2855660994810165,0.1288728189131124,True
2021-10-30 11:46:00,985.0,836.0,223.0,1040.0,1018.0,27.5,80.2,1.9,2.9,0.4,253.6,12.7,1002,0,0.0,61.4,59.2,,2.623303020362082,3.291175841458068,0.6875260239146119,2.7695789424053,2.8380654246297325,0.6083427039169068,0.7472821920795766,True
2021-10-30 11:47:00,983.0,838.0,218.5,1038.0,1016.0,27.7,80.5,1.0,1.6,0.5,235.9,16.8,1002,0,0.0,61.2,59.2,,2.616602737628122,3.3003227775871578,0.6592145006553286,2.7629321409539207,2.831142345525368,-0.1179046560638464,-0.0566499930368267,True
2021-10-30 11:48:00,979.0,839.0,213.6,1035.0,1013.0,27.8,78.0,0.0,0.7,0.2,202.8,0.2,1002,0,0.0,61.6,59.6,,2.603202172160201,3.3048962456517024,0.6283863975507756,2.7529619387768527,2.82075772686882,-0.9248461671535724,-0.6132184288866446,True
2021-10-30 11:49:00,977.0,839.0,210.2,1033.0,1011.0,27.9,77.6,0.0,0.0,0.0,0.0,0.0,1002,0,0.0,62.5,60.2,,2.5965018894262406,3.3048962456517024,0.6069954688659838,2.7463151373254737,2.813834647764456,-0.9248461671535724,-1.0461049901031694,True
2021-10-30 11:50:00,975.0,839.0,207.8,1030.0,1008.0,27.9,78.2,0.1,1.1,0.4,279.9,6.0,1002,0,0.0,63.4,60.8,,2.5898016066922804,3.3048962456517024,0.5918959897943662,2.7363449351484057,2.8034500291079083,-0.8441520160445998,-0.3658546796200588,True
2021-10-30 11:51:00,975.0,841.0,205.0,1030.0,1008.0,27.9,77.7,0.0,0.4,0.0,0.0,0.0,1002,0,0.0,64.0,61.2,,2.5898016066922804,3.3140431817807925,0.5742799308774788,2.7363449351484057,2.8034500291079083,-0.9248461671535724,-0.7987412408365836,True
2021-10-30 11:52:00,974.0,843.0,202.4,1031.0,1009.0,28.0,79.1,0.0,0.0,0.0,0.0,0.0,1002,0,0.0,64.5,61.6,,2.5864514653253003,3.3231901179098826,0.5579221618832262,2.739668335874095,2.8069115686600905,-0.9248461671535724,-1.0461049901031694,True
2021-10-30 11:53:00,973.0,844.0,199.4,1030.0,1007.0,28.1,76.7,0.0,0.0,0.0,0.0,0.0,1002,0,0.0,65.3,62.0,,2.58310132395832,3.327763585974428,0.539047813043704,2.7363449351484057,2.7999884895557257,-0.9248461671535724,-1.0461049901031694,True
2021-10-30 11:54:00,971.0,843.0,196.8,1027.0,1005.0,28.2,77.8,0.0,0.0,0.0,0.0,0.0,1002,0,0.0,66.5,62.9,,2.57640104122436,3.3231901179098826,0.5226900440494514,2.7263747329713377,2.793065410451361,-0.9248461671535724,-1.0461049901031694,True
2021-10-30 11:55:00,967.0,841.0,195.0,1024.0,1001.0,28.5,76.0,0.1,0.7,0.3,191.7,0.3,1001,0,0.0,67.4,63.6,,2.563000475756439,3.3140431817807925,0.511365434745738,2.716404530794269,2.779219252242631,-0.8441520160445998,-0.6132184288866446,True
2021-10-30 11:56:00,969.0,844.0,194.7,1026.0,1003.0,28.7,76.9,0.6,2.1,0.7,238.7,11.7,1002,0,0.0,68.0,64.0,,2.569700758490399,3.327763585974428,0.5094779998617858,2.723051332245648,2.786142331346996,-0.4406812604997369,0.2525546935464053,True
2021-10-30 11:57:00,972.0,844.0,196.5,1028.0,1006.0,28.7,74.7,1.6,2.4,0.5,238.2,10.2,1002,0,0.0,68.2,64.2,,2.57975118259134,3.327763585974428,0.5208026091654991,2.7296981336970267,2.7965269500035435,0.3662602505899892,0.4380775054963444,True
2021-10-30 11:58:00,977.0,844.0,200.2,1032.0,1010.0,28.4,75.0,1.2,1.6,0.4,218.7,8.5,1002,0,0.0,67.2,63.7,,2.5965018894262406,3.327763585974428,0.5440809727342432,2.7429917365997847,2.810373108212273,0.0434836461540987,-0.0566499930368267,True
2021-10-30 11:59:00,982.0,843.0,205.0,1036.0,1014.0,28.2,75.0,1.1,1.9,0.5,226.1,10.2,1002,0,0.0,67.1,63.5,,2.613252596261141,3.3231901179098826,0.5742799308774788,2.756285339502542,2.824219266421003,-0.0372105049548737,0.1288728189131124,True
2021-10-30 12:00:00,985.0,844.0,207.3,1039.0,1017.0,28.3,75.4,1.5,1.9,0.4,228.0,9.8,1002,0,0.0,67.3,63.5,,2.623303020362082,3.327763585974428,0.5887502649877792,2.76625554167961,2.83460388507755,0.2855660994810165,0.1288728189131124,True
2021-10-30 12:01:00,984.0,842.0,207.5,1037.0,1016.0,28.1,77.0,1.5,1.6,0.4,214.3,4.0,1001,0,0.0,67.1,63.2,,2.619952878995102,3.3186166498453376,0.5900085549104139,2.759608740228232,2.831142345525368,0.2855660994810165,-0.0566499930368267,True
2021-10-30 12:02:00,982.0,842.0,204.3,1036.0,1014.0,28.2,75.9,1.0,1.6,0.5,218.0,23.2,1001,0,0.0,66.8,62.8,,2.613252596261141,3.3186166498453376,0.569875916148257,2.756285339502542,2.824219266421003,-0.1179046560638464,-0.0566499930368267,True
2021-10-30 12:03:00,980.0,844.0,200.5,1036.0,1014.0,28.3,76.7,0.9,1.6,0.6,231.3,30.9,1001,0,0.0,67.0,62.7,,2.6065523135271813,3.327763585974428,0.5459684076181954,2.756285339502542,2.824219266421003,-0.198598807172819,-0.0566499930368267,True
2021-10-30 12:04:00,982.0,842.0,203.2,1039.0,1017.0,28.3,75.5,1.0,1.4,0.5,226.6,21.5,1001,0,0.0,67.2,62.8,,2.613252596261141,3.3186166498453376,0.5629553215737654,2.76625554167961,2.83460388507755,-0.1179046560638464,-0.1803318676701196,True
2021-10-30 12:05:00,988.0,841.0,210.5,1046.0,1024.0,28.2,75.6,0.9,2.1,0.8,175.6,27.5,1001,0,0.0,67.4,62.7,,2.633353444463023,3.3140431817807925,0.6088829037499361,2.789519346759436,2.858834661942827,-0.198598807172819,0.2525546935464053,True
2021-10-30 12:06:00,985.0,837.0,209.3,1043.0,1020.0,28.3,76.7,1.7,2.1,0.5,163.6,16.5,1001,0,0.0,67.5,62.8,,2.623303020362082,3.2957493095226127,0.6013331642141273,2.779549144582368,2.8449885037340974,0.4469544016989616,0.2525546935464053,True
2021-10-30 12:07:00,991.0,840.0,214.3,1051.0,1027.0,28.5,79.2,1.1,1.9,0.7,340.3,50.1,1001,0,0.0,67.4,62.6,,2.643403868563963,3.3094697137162474,0.6327904122799977,2.806136350387883,2.869219280599374,-0.0372105049548737,0.1288728189131124,True
2021-10-30 12:08:00,1009.0,842.0,229.0,1068.0,1044.0,28.6,76.8,1.7,2.4,0.5,357.4,12.3,1001,0,0.0,66.7,62.1,,2.7037064131696065,3.3186166498453376,0.7252747215936564,2.8626341627246026,2.928065452986476,0.4469544016989616,0.4380775054963444,True
2021-10-30 12:09:00,1003.0,835.0,229.2,1062.0,1039.0,28.5,76.3,2.3,3.1,0.6,337.1,31.0,1001,0,0.0,66.4,61.8,,2.683605564967725,3.2866023733935226,0.726533011516291,2.8426937583704666,2.910757755225564,0.9311193083527972,0.8709640667128694,True
2021-10-30 12:10:00,967.0,819.0,208.7,1028.0,1003.0,28.5,77.7,2.3,2.9,0.4,312.9,10.0,1001,0,0.0,65.9,61.2,,2.563000475756439,3.2134268843608025,0.5975582944462227,2.7296981336970267,2.786142331346996,0.9311193083527972,0.7472821920795766,True
2021-10-30 12:11:00,985.0,841.0,204.6,1043.0,1020.0,28.5,77.3,2.5,3.1,0.5,308.0,20.5,1001,0,0.0,65.1,60.4,,2.623303020362082,3.3140431817807925,0.5717633510322091,2.779549144582368,2.8449885037340974,1.0925076105707423,0.8709640667128694,True
2021-10-30 12:12:00,985.0,841.0,205.5,1043.0,1021.0,28.5,76.6,2.4,2.9,0.5,277.3,16.9,1001,0,0.0,64.0,59.7,,2.623303020362082,3.3140431817807925,0.5774256556840658,2.779549144582368,2.84845004328628,1.0118134594617698,0.7472821920795766,True
2021-10-30 12:13:00,980.0,841.0,200.9,1039.0,1016.0,28.5,78.4,1.9,2.6,0.5,297.0,15.7,1001,0,0.0,62.8,59.1,,2.6065523135271813,3.3140431817807925,0.5484849874634651,2.76625554167961,2.831142345525368,0.6083427039169068,0.5617593801296374,True
2021-10-30 12:14:00,977.0,840.0,197.8,1036.0,1013.0,28.6,77.4,1.8,2.6,0.5,313.7,21.0,1001,0,0.0,62.0,58.6,,2.5965018894262406,3.3094697137162474,0.5289814936626255,2.756285339502542,2.82075772686882,0.5276485528079343,0.5617593801296374,True
2021-10-30 12:15:00,983.0,842.0,202.0,1043.0,1020.0,28.7,78.0,2.3,3.1,0.5,275.6,14.6,1001,0,0.0,62.0,58.5,,2.616602737628122,3.3186166498453376,0.5554055820379565,2.779549144582368,2.8449885037340974,0.9311193083527972,0.8709640667128694,True
2021-10-30 12:16:00,1000.0,842.0,218.1,1061.0,1038.0,28.7,76.7,2.0,2.6,0.4,269.3,10.7,1001,0,0.0,61.4,58.1,,2.673555140866785,3.3186166498453376,0.656697920810059,2.839370357644777,2.907296215673381,0.6890368550258795,0.5617593801296374,True
2021-10-30 12:17:00,1029.0,844.0,245.0,1092.0,1068.0,28.6,75.1,1.9,2.1,0.3,296.6,8.2,1001,0,0.0,61.2,58.1,,2.77070924050921,3.327763585974428,0.8259379154044414,2.942395780141148,3.0111424022388538,0.6083427039169068,0.2525546935464053,True
2021-10-30 12:18:00,1035.0,838.0,257.3,1099.0,1075.0,28.6,75.7,1.6,1.9,0.4,282.8,8.3,1001,0,0.0,60.6,57.9,,2.790810088711092,3.3003227775871578,0.9033227456464824,2.965659585220974,3.035373179104131,0.3662602505899892,0.1288728189131124,True
2021-10-30 12:19:00,980.0,754.9,275.5,1028.0,1003.0,28.5,75.0,0.9,1.9,0.7,265.6,3.3,1001,0,0.0,60.6,57.8,,2.6065523135271813,2.920267581423469,1.0178271286062504,2.7296981336970267,2.786142331346996,-0.198598807172819,0.1288728189131124,False
2021-10-30 12:20:00,894.0,688.0,253.2,959.0,938.0,28.5,76.4,0.5,1.4,0.6,342.1,9.4,1001,0,0.0,61.0,58.1,,2.318440155966885,2.6143025679054084,0.8775278022324686,2.500383483624459,2.561142260455138,-0.5213754116087095,-0.1803318676701196,False
2021-10-30 12:21:00,992.0,837.0,213.9,1054.0,1031.0,28.6,76.9,1.0,1.9,0.5,320.6,26.4,1001,0,0.0,61.6,58.5,,2.6467540099309432,3.2957493095226127,0.6302738324347279,2.816106552564951,2.883065438808104,-0.1179046560638464,0.1288728189131124,True
2021-10-30 12:22:00,993.0,839.0,212.8,1056.0,1033.0,28.8,77.5,0.6,1.9,0.7,311.9,15.8,1001,0,0.0,62.4,59.1,,2.650104151297924,3.3048962456517024,0.6233532378602366,2.82275335401633,2.8899885179124687,-0.4406812604997369,0.1288728189131124,True
2021-10-30 12:23:00,997.0,838.0,218.6,1061.0,1038.0,29.0,75.8,1.8,2.4,0.4,304.4,13.6,1001,0,0.0,63.2,59.6,,2.6635047167658445,3.3003227775871578,0.659843645616646,2.839370357644777,2.907296215673381,0.5276485528079343,0.4380775054963444,True
2021-10-30 12:24:00,1002.0,836.0,224.0,1065.0,1042.0,29.0,75.8,1.7,2.4,0.4,233.3,20.2,1001,0,0.0,63.3,59.6,,2.680255423600745,3.291175841458068,0.693817473527786,2.8526639605475346,2.9211423738821107,0.4469544016989616,0.4380775054963444,True
2021-10-30 12:25:00,929.0,729.3,248.9,983.0,961.0,29.0,75.4,1.2,1.9,0.5,248.4,19.7,1001,0,0.0,63.9,60.1,,2.435695103811192,2.803186798971117,0.8504745688958203,2.5801451010410044,2.640757670155334,0.0434836461540987,0.1288728189131124,False
2021-10-30 12:26:00,970.0,759.9,262.9,1029.0,1006.0,29.2,75.9,1.4,2.6,0.9,251.3,26.5,1001,0,0.0,64.3,60.6,,2.57305089985738,2.9431349217461937,0.9385548634802572,2.733021534422716,2.7965269500035435,0.2048719483720438,0.5617593801296374,False
2021-10-30 12:27:00,1011.0,830.0,239.7,1076.0,1053.0,29.2,74.7,1.8,2.4,0.4,250.2,14.5,1001,0,0.0,64.2,60.8,,2.710406695903567,3.2637350330707977,0.7925932324546188,2.889221368530118,2.9592193089561176,0.5276485528079343,0.4380775054963444,True
2021-10-30 12:28:00,1009.0,835.0,231.1,1074.0,1051.0,29.1,74.4,1.8,3.1,0.7,246.8,33.1,1001,0,0.0,64.2,61.0,,2.7037064131696065,3.2866023733935226,0.7384867657813218,2.882574567078739,2.9522962298517528,0.5276485528079343,0.8709640667128694,True
2021-10-30 12:29:00,1018.0,835.0,240.5,1084.0,1061.0,29.1,75.9,1.9,2.6,0.5,285.6,20.6,1001,0,0.0,63.9,61.0,,2.733857685472428,3.2866023733935226,0.7976263921451581,2.915808574335633,2.986911625373577,0.6083427039169068,0.5617593801296374,True
2021-10-30 12:30:00,1033.0,835.0,255.5,1099.0,1075.0,29.2,75.2,1.8,2.9,0.5,289.6,13.1,1001,0,0.0,63.3,60.9,,2.7841098059771308,3.2866023733935226,0.8919981363427691,2.965659585220974,3.035373179104131,0.5276485528079343,0.7472821920795766,True
2021-10-30 12:31:00,1037.0,828.0,266.2,1102.0,1078.0,29.1,75.2,1.4,2.4,0.9,263.3,20.2,1001,0,0.0,62.8,60.5,,2.7975103714450515,3.254588096941708,0.9593166472037316,2.975629787398042,3.0457577977606785,0.2048719483720438,0.4380775054963444,True
2021-10-30 12:32:00,1017.0,793.0,277.5,1080.0,1057.0,29.2,75.7,1.4,2.9,0.9,203.7,11.5,1001,0,0.0,63.1,60.8,,2.730507544105448,3.0945167146826327,1.0304100278325985,2.9025149714328755,2.9730654671648478,0.2048719483720438,0.7472821920795766,True
2021-10-30 12:33:00,871.0,618.1,290.5,922.0,902.0,29.4,74.4,1.6,2.6,0.8,215.5,15.8,1001,0,0.0,63.6,61.2,,2.2413869045263413,2.2946171501937136,1.1121988728038614,2.377417656773951,2.4365268365765704,0.3662602505899892,0.5617593801296374,False
2021-10-30 12:34:00,813.0,553.6,291.6,868.0,850.0,29.4,73.9,1.7,2.6,0.6,201.7,17.4,1001,0,0.0,63.6,61.0,,2.047078705241491,1.9996284600305616,1.119119467378353,2.197954017586724,2.2565267798630844,0.4469544016989616,0.5617593801296374,False
2021-10-30 12:35:00,831.0,576.7,290.7,886.0,866.0,29.4,74.9,1.7,2.4,0.7,205.1,15.1,1001,0,0.0,63.4,60.5,,2.1073812498471343,2.1052755723215517,1.1134571627264962,2.2577752306491328,2.311911412698003,0.4469544016989616,0.4380775054963444,False
2021-10-30 12:36:00,848.0,601.5,283.7,903.0,883.0,29.6,72.9,1.8,2.6,0.8,197.4,15.6,1001,0,0.0,63.1,60.0,,2.164333653085797,2.218697580322267,1.0694170154342777,2.3142730429858527,2.3707575850851046,0.5276485528079343,0.5617593801296374,False
2021-10-30 12:37:00,911.0,675.2,279.4,973.0,951.0,29.6,72.0,1.8,2.6,0.4,207.5,6.9,1001,0,0.0,63.0,59.7,,2.3753925592055487,2.5557621766792327,1.042363782097629,2.5469110937841104,2.606142274633509,0.5276485528079343,0.5617593801296374,False
2021-10-30 12:38:00,940.0,697.4,285.6,1003.0,980.0,29.4,72.0,1.5,2.6,0.6,180.4,9.0,1001,0,0.0,63.3,59.7,,2.472546658847974,2.657293167712132,1.081370769699309,2.6466131155547923,2.7065269216468,0.2855660994810165,0.5617593801296374,False
2021-10-30 12:39:00,984.0,734.0,296.7,1051.0,1027.0,29.4,72.9,2.0,2.6,0.5,204.5,17.6,1001,0,0.0,63.8,59.8,,2.619952878995102,2.824682098874478,1.1512058604055406,2.806136350387883,2.869219280599374,0.6890368550258795,0.5617593801296374,False
2021-10-30 12:40:00,1029.0,769.3,307.6,1099.0,1074.0,29.4,72.5,1.0,2.1,0.6,185.6,11.7,1001,0,0.0,64.4,60.2,,2.77070924050921,2.9861255215529163,1.219782661189138,2.965659585220974,3.0319116395519483,-0.1179046560638464,0.2525546935464053,True
2021-10-30 12:41:00,1021.0,758.7,310.3,1098.0,1072.0,29.5,74.9,2.2,3.1,0.8,225.1,16.5,1001,0,0.0,65.1,60.8,,2.743908109573369,2.93764676006874,1.236769575144708,2.9623361844952845,3.0249885604475835,0.8504251572438248,0.8709640667128694,True
2021-10-30 12:42:00,924.0,628.8,334.2,996.0,972.0,29.5,73.0,2.5,3.4,0.5,229.6,7.7,1001,0,0.0,65.5,61.0,,2.418944396976291,2.3435532584843446,1.387135220899568,2.6233493104749663,2.6788346052293406,1.0925076105707423,1.0564868786628083,False
2021-10-30 12:43:00,1024.0,730.0,341.5,1092.0,1066.0,29.4,73.7,2.0,2.6,0.5,236.9,7.6,1001,0,0.0,65.2,60.8,,2.753958533674309,2.8063882266162983,1.4330628030757389,2.942395780141148,3.004219323134489,0.6890368550258795,0.5617593801296374,True
2021-10-30 12:44:00,484.6,129.3,360.6,519.6,506.8,29.4,72.2,1.3,3.1,0.9,210.6,16.7,1001,0,0.0,64.5,60.5,,0.9468922803251988,0.0591059602441205,1.5532294906873636,1.040081204756539,1.068526405554074,0.1241777972630713,0.8709640667128694,False
2021-10-30 12:45:00,361.3,12.1,348.4,387.9,378.7,29.3,72.8,2.7,3.1,0.4,229.8,6.7,1001,0,0.0,62.7,59.0,,0.5338198497765425,-0.4769044969205528,1.4764738054066395,0.6023893291832456,0.6251031889195047,1.2538959127886875,0.8709640667128694,False
2021-10-30 12:46:00,363.1,2.6,358.7,392.3,383.3,29.0,73.6,2.3,2.6,0.4,241.8,5.6,1001,0,0.0,60.0,56.7,,0.5398501042371069,-0.5203524435337303,1.5412757364223326,0.617012292376279,0.6410262708595439,0.9311193083527972,0.5617593801296374,False
2021-10-30 12:47:00,400.3,6.6,390.5,432.9,423.0,28.9,74.1,2.1,2.4,0.4,233.1,9.8,1001,0,0.0,56.7,54.4,,0.6644753630887696,-0.5020585712755503,1.741343834121268,0.7519423618392683,0.7784493910811864,0.7697310061348521,0.4380775054963444,False
2021-10-30 12:48:00,467.9,39.6,428.6,509.5,498.0,28.9,74.9,1.6,2.1,0.4,207.0,13.1,1001,0,0.0,54.3,52.6,,0.8909449194966297,-0.3511341251455655,1.9810480643832,1.006514857427076,1.0380648574948683,0.3662602505899892,0.2525546935464053,False
2021-10-30 12:49:00,894.0,491.0,434.1,968.0,947.0,28.9,74.5,1.6,2.6,0.6,203.3,17.8,1001,0,0.0,53.3,51.6,,2.318440155966885,1.713329359190045,2.0156510372556578,2.5302940901556634,2.59229611642478,0.3662602505899892,0.5617593801296374,False
2021-10-30 12:50:00,1090.0,765.9,375.1,1166.0,1138.0,29.0,75.6,2.4,2.9,0.4,226.1,10.7,1001,0,0.0,54.4,52.3,,2.975067863895001,2.970575730133464,1.6444555100783875,3.188327433842163,3.253450170891624,1.0118134594617698,0.7472821920795766,True
2021-10-30 12:51:00,1078.0,831.0,304.8,1151.0,1125.0,29.1,75.2,2.4,2.9,0.4,247.7,9.5,1001,0,0.0,55.9,53.5,,2.934866167491239,3.2683085011353428,1.2021666022722506,3.1384764229568223,3.2084501567132526,1.0118134594617698,0.7472821920795766,True
2021-10-30 12:52:00,1046.0,832.0,273.1,1117.0,1091.0,29.0,74.0,1.7,2.1,0.4,253.7,8.7,1001,0,0.0,56.8,54.6,,2.827661643747873,3.2728819691998874,1.002727649534633,3.025480798283383,3.0907578119390497,0.4469544016989616,0.2525546935464053,True
2021-10-30 12:53:00,1033.0,827.0,265.3,1103.0,1077.0,28.9,74.6,1.6,2.1,0.5,242.5,20.2,1001,0,0.0,57.6,55.7,,2.7841098059771308,3.2500146288771625,0.953654342551875,2.9789531881237314,3.042296258208496,0.3662602505899892,0.2525546935464053,True
2021-10-30 12:54:00,957.0,736.5,272.8,1022.0,998.0,29.0,73.9,0.5,1.6,0.6,227.6,6.5,1001,0,0.0,58.9,56.9,,2.529499062086637,2.8361157690358407,1.0008402146506803,2.7097577293428907,2.768834633586084,-0.5213754116087095,-0.0566499930368267,False
2021-10-30 12:55:00,953.0,722.8,280.7,1016.0,992.0,29.1,73.8,1.4,1.9,0.5,210.5,14.8,1001,0,0.0,60.2,58.1,,2.5160984966187163,2.773459256551574,1.0505426665947557,2.6898173249887543,2.748065396272989,0.2048719483720438,0.1288728189131124,False
2021-10-30 12:56:00,948.0,708.7,288.4,1012.0,989.0,29.2,72.7,1.1,2.1,0.8,250.6,13.6,1001,0,0.0,61.6,59.1,,2.4993477897838154,2.70897335684149,1.0989868286161957,2.6765237220859968,2.737680777616442,-0.0372105049548737,0.2525546935464053,False
2021-10-30 12:57:00,926.0,675.1,297.5,988.0,965.0,29.2,72.9,0.5,2.1,0.7,284.7,7.8,1001,0,0.0,62.7,60.1,,2.4256446797102518,2.5553048298727785,1.15623902009608,2.596762104669452,2.654603828364064,-0.5213754116087095,0.2525546935464053,False
2021-10-30 12:58:00,996.0,737.5,311.6,1066.0,1042.0,29.3,72.0,1.5,1.9,0.4,271.4,16.3,1000,0,0.0,63.4,61.0,,2.660154575398864,2.840689237100386,1.2449484596418343,2.855987361273224,2.9211423738821107,0.2855660994810165,0.1288728189131124,False
2021-10-30 12:59:00,1060.0,789.5,329.7,1136.0,1110.0,29.3,72.7,0.9,1.9,0.7,236.0,39.4,1000,0,0.0,63.7,61.5,,2.874563622885596,3.0785095764567254,1.3588236976402848,3.0886254120714813,3.156527063430516,-0.198598807172819,0.1288728189131124,True
2021-10-30 13:00:00,1065.0,777.8,344.4,1139.0,1113.0,29.4,71.6,0.1,0.7,0.3,189.2,0.8,1000,0,0.0,64.8,62.2,,2.8913143297204966,3.025000000101549,1.4513080069539437,3.09859561424855,3.166911682087063,-0.8441520160445998,-0.6132184288866446,True
2021-10-30 13:01:00,1111.0,812.0,361.4,1189.0,1162.0,29.5,73.0,0.7,1.4,0.6,164.7,7.7,1000,0,0.0,66.4,63.5,,3.045420832601585,3.1814126079089875,1.558262650377903,3.26476565053302,3.3365271201440025,-0.3599871093907643,-0.1803318676701196,True
2021-10-30 13:02:00,1126.0,815.0,373.3,1202.0,1175.0,29.7,72.4,0.6,1.6,0.6,183.8,11.7,1000,0,0.0,68.1,64.9,,3.095672953106288,3.1951330121026227,1.6331309007746742,3.3079698599669816,3.381527134322374,-0.4406812604997369,-0.0566499930368267,True
2021-10-30 13:03:00,1151.0,813.0,400.1,1226.0,1198.0,30.0,72.2,2.1,2.6,0.5,205.7,11.9,1000,0,0.0,69.5,66.0,,3.1794264872807925,3.185986075973533,1.8017417504077395,3.387731477383527,3.46114254402257,0.7697310061348521,0.5617593801296374,True
2021-10-30 13:04:00,1149.0,771.6,436.9,1219.0,1190.0,30.1,73.8,2.8,4.4,0.7,235.3,14.5,1000,0,0.0,70.3,66.5,,3.1727262045468323,2.9966444981013707,2.0332670961725445,3.364467672303701,3.4334502276051104,1.3345900638976602,1.6748962518292732,True
2021-10-30 13:05:00,1075.0,662.0,464.6,1141.0,1114.0,30.1,73.2,2.9,4.1,0.4,242.6,8.8,1000,0,0.0,69.9,66.3,,2.9248157433902984,2.4953923982272386,2.2075402504574666,3.1052424156999283,3.1703732216392457,1.4152842150066327,1.4893734398793337,True
2021-10-30 13:06:00,913.0,445.4,500.5,968.0,946.0,30.0,71.6,2.9,3.4,0.4,235.3,9.1,1000,0,0.0,68.3,65.3,,2.382092841939509,1.504779215446793,2.433403291570416,2.5302940901556634,2.588834576872597,1.4152842150066327,1.0564868786628083,False
2021-10-30 13:07:00,751.8,263.4,505.4,792.8,774.5,29.7,73.2,2.8,3.6,0.6,241.5,9.1,1000,0,0.0,66.0,63.7,,1.8420500535823037,0.6724080276996041,2.464231394674968,1.9480342830148811,1.9951805436733108,1.3345900638976602,1.1801687532961016,False
2021-10-30 13:08:00,770.1,287.6,503.1,822.0,803.0,29.6,72.3,1.3,1.9,0.5,251.5,6.6,1000,0,0.0,63.5,61.9,,1.903357640598041,0.7830859548615932,2.449761060564668,2.045077584205012,2.0938344209105098,0.1241777972630713,0.1288728189131124,False
2021-10-30 13:09:00,894.0,443.0,486.2,954.0,933.0,29.6,73.6,1.6,3.1,0.8,235.8,13.8,1000,0,0.0,62.1,61.0,,2.318440155966885,1.493802892091885,2.343435562102026,2.483766479996012,2.543834562694226,0.3662602505899892,0.8709640667128694,False
2021-10-30 13:10:00,1107.0,697.0,465.3,1184.0,1158.0,29.6,73.4,2.7,3.6,0.6,233.0,5.6,1000,0,0.0,62.0,60.8,,3.032020267133664,2.655463780486313,2.2119442651866885,3.2481486469045726,3.322680961935273,1.2538959127886875,1.1801687532961016,True
2021-10-30 13:11:00,1184.0,773.5,471.7,1259.0,1231.0,29.5,72.0,1.6,2.1,0.4,220.2,12.5,1000,0,0.0,62.4,61.0,,3.2899811523911384,3.0053340874240053,2.252209542711002,3.4974037013312764,3.57537334924459,0.3662602505899892,0.2525546935464053,True
2021-10-30 13:12:00,1040.0,609.1,478.3,1106.0,1081.0,29.5,73.5,0.2,1.1,0.4,213.0,8.3,1000,0,0.0,63.3,61.7,,2.807560795545992,2.253455937612809,2.2937331101579512,2.9889233903008,3.056142416417225,-0.7634578649356273,-0.3658546796200588,True
2021-10-30 13:13:00,1103.0,678.7,476.9,1171.0,1145.0,29.7,74.7,0.0,0.7,0.2,279.4,0.1,1000,0,0.0,64.7,62.8,,3.018619701665744,2.5717693149051404,2.2849250806995074,3.20494443747061,3.277680947756901,-0.9248461671535724,-0.6132184288866446,True
2021-10-30 13:14:00,995.0,572.0,465.8,1054.0,1030.0,29.9,71.2,0.3,1.6,0.5,211.8,17.7,1000,0,0.0,65.9,63.5,,2.656804434031884,2.0837802724181893,2.215089989993275,2.816106552564951,2.8796038992559216,-0.6827637138266546,-0.0566499930368267,False
2021-10-30 13:15:00,919.0,499.8,456.0,974.0,951.0,29.8,72.3,0.0,0.0,0.0,0.0,0.0,1000,0,0.0,66.3,63.2,,2.4021936901413903,1.7535758781580408,2.1534337837841693,2.5502344945098,2.606142274633509,-0.9248461671535724,-1.0461049901031694,False
2021-10-30 13:16:00,859.0,447.9,444.6,911.0,890.0,29.9,73.0,0.1,0.7,0.3,16.8,1.1,1000,0,0.0,66.9,63.3,,2.20118520812258,1.5162128856081556,2.081711258193985,2.340860248791368,2.3949883619503813,-0.8441520160445998,-0.6132184288866446,False
2021-10-30 13:17:00,876.0,468.3,443.5,928.0,907.0,30.0,72.0,0.0,0.0,0.0,0.0,0.0,1000,0,0.0,67.5,63.4,,2.258137611361242,1.6095116341248736,2.0747906636194937,2.397358061128088,2.4538345343374828,-0.9248461671535724,-1.0461049901031694,False
2021-10-30 13:18:00,904.0,489.4,452.8,956.0,935.0,30.0,73.1,0.7,1.6,0.6,279.1,19.0,1000,0,0.0,67.8,63.6,,2.351941569636687,1.7060118102867727,2.1333011450220125,2.4904132814473905,2.5507576417985907,-0.3599871093907643,-0.0566499930368267,False
2021-10-30 13:19:00,961.0,540.1,463.9,1015.0,992.0,30.1,73.1,1.9,3.1,0.7,232.3,21.4,1000,0,0.0,67.8,63.8,,2.542899627554558,1.937886641159204,2.203136235728244,2.6864939242630648,2.748065396272989,0.6083427039169068,0.8709640667128694,False
2021-10-30 13:20:00,974.0,547.4,471.3,1025.0,1002.0,30.2,72.5,2.3,3.1,0.5,238.6,11.3,1000,0,0.0,67.9,63.9,,2.5864514653253003,1.9712729580303825,2.249692962865733,2.7197279315199587,2.7826807917948138,0.9311193083527972,0.8709640667128694,False
2021-10-30 13:21:00,939.0,506.5,475.1,994.0,973.0,30.1,71.9,1.6,2.6,0.6,230.8,13.8,1000,0,0.0,67.3,63.6,,2.469196517480994,1.7842181141904925,2.2736004713957945,2.616702509023588,2.6822961447815232,0.3662602505899892,0.5617593801296374,False
2021-10-30 13:22:00,1007.0,578.8,477.4,1065.0,1040.0,30.1,72.9,1.8,2.4,0.4,236.3,19.6,1000,0,0.0,66.7,63.7,,2.6970061304356463,2.114879855257095,2.2880708055060945,2.8526639605475346,2.914219294777746,0.5276485528079343,0.4380775054963444,False
2021-10-30 13:23:00,927.0,496.2,472.3,975.0,952.0,30.3,73.7,2.7,3.4,0.6,221.5,13.1,1000,0,0.0,66.3,63.6,,2.4289948210772314,1.7371113931256787,2.255984412478907,2.553557895235489,2.609603814185692,1.2538959127886875,1.0564868786628083,False
2021-10-30 13:24:00,833.0,411.2,456.0,880.0,859.0,30.4,71.9,2.8,3.6,0.5,229.0,7.9,1000,0,0.0,65.8,63.2,,2.1140815325810944,1.3483666076393543,2.1534337837841693,2.2378348262949967,2.287680635832726,1.3345900638976602,1.1801687532961016,False
2021-10-30 13:25:00,970.0,562.6,457.7,1028.0,1005.0,30.3,71.9,2.5,3.4,0.5,226.6,14.3,1000,0,0.0,65.0,62.4,,2.57305089985738,2.0407896726114667,2.164129248126565,2.7296981336970267,2.793065410451361,1.0925076105707423,1.0564868786628083,False
2021-10-30 13:26:00,1065.0,649.6,472.7,1119.0,1095.0,30.3,73.0,3.0,3.6,0.5,227.3,15.9,1000,0,0.0,64.7,61.9,,2.8913143297204966,2.438681394226881,2.2585009923241763,3.032127599734762,3.1046039701477794,1.4959783661156054,1.1801687532961016,True
2021-10-30 13:27:00,1043.0,606.2,490.7,1083.0,1059.0,30.2,71.0,3.2,3.9,0.4,225.9,10.9,1000,0,0.0,64.4,61.7,,2.817611219646933,2.2401928802256283,2.3717470853613096,2.9124851736099435,2.979988546269212,1.6573666683335506,1.3656915652460404,False
2021-10-30 13:28:00,894.0,452.6,481.9,931.0,909.0,30.1,71.8,3.3,3.9,0.4,219.5,6.8,1000,0,0.0,64.0,61.2,,2.318440155966885,1.5377081855115171,2.316382328765377,2.407328263305156,2.460757613441848,1.7380608194425229,1.3656915652460404,False
2021-10-30 13:29:00,840.0,410.9,465.4,872.0,850.0,29.9,71.6,2.4,2.9,0.4,232.6,8.7,1000,0,0.0,63.0,60.3,,2.1375325221499555,1.3469945672199908,2.2125734101480057,2.2112476204894813,2.2565267798630844,1.0118134594617698,0.7472821920795766,False
2021-10-30 13:30:00,764.4,342.4,453.4,798.8,779.2,29.8,71.7,1.5,2.6,0.6,226.9,12.4,1000,0,0.0,61.9,59.5,,1.8842618348062536,1.0337120047986583,2.137076014789917,1.9679746873690176,2.011449779568568,0.2855660994810165,0.5617593801296374,False
2021-10-30 13:31:00,677.5,251.6,448.0,706.8,689.4,29.8,72.3,2.0,2.6,0.4,222.9,8.6,1000,0,0.0,61.1,58.9,,1.593134550015676,0.6184411045379732,2.1031021868787767,1.6622218206055934,1.7006035277825855,0.6890368550258795,0.5617593801296374,False
2021-10-30 13:32:00,549.2,123.1,435.6,571.1,556.7,29.8,71.2,1.9,2.9,0.5,231.1,7.1,1000,0,0.0,60.3,58.1,,1.163311412632119,0.0307504582439414,2.0250882116754187,1.211236342129543,1.241257229207977,0.6083427039169068,0.7472821920795766,False
2021-10-30 13:33:00,458.5,47.9,413.9,477.6,466.0,29.6,71.2,2.0,2.6,0.4,232.1,6.8,1000,0,0.0,58.9,56.9,,0.8594535906470161,-0.313174340209842,1.888563755069541,0.9004983742775845,0.9272955918250309,0.6890368550258795,0.5617593801296374,False
2021-10-30 13:34:00,424.2,35.4,391.9,442.1,431.6,29.5,72.8,0.9,2.1,0.7,241.0,6.4,1000,0,0.0,57.4,55.4,,0.7445437417595959,-0.3703426910166544,1.7501518635797115,0.7825176485156109,0.8082186312299553,-0.198598807172819,0.2525546935464053,False
2021-10-30 13:35:00,399.3,22.6,379.0,416.3,406.2,29.5,72.6,0.3,1.4,0.5,237.1,4.8,1000,0,0.0,56.0,54.1,,0.6611252217217894,-0.4288830822428304,1.6689921635697664,0.6967739097928245,0.7202955266045215,-0.6827637138266546,-0.1803318676701196,False
2021-10-30 13:36:00,397.8,27.6,372.5,416.0,405.9,29.6,72.4,1.4,1.9,0.4,253.2,14.0,1000,0,0.0,54.5,52.9,,0.6561000096713191,-0.4060157419201054,1.6280977410841349,0.6957768895751176,0.7192570647388667,0.2048719483720438,0.1288728189131124,False
2021-10-30 13:37:00,411.3,40.9,373.4,431.8,421.2,29.6,73.0,1.5,1.9,0.4,250.4,11.0,1000,0,0.0,52.7,51.4,,0.7013269181255516,-0.3451886166616569,1.633760045735991,0.7482866210410101,0.7722186198872579,0.2855660994810165,0.1288728189131124,False
2021-10-30 13:38:00,431.7,60.3,375.6,456.1,444.9,29.6,72.2,1.3,1.9,0.4,252.3,11.4,1000,0,0.0,51.4,50.3,,0.7696698020119472,-0.2564633362094841,1.647601234884975,0.8290452586752624,0.8542571072739815,0.1241777972630713,0.1288728189131124,False
2021-10-30 13:39:00,464.6,103.1,370.4,492.6,480.5,29.5,72.7,1.0,1.4,0.3,260.6,5.7,1000,0,0.0,50.3,49.6,,0.8798894529855953,-0.0607189030469583,1.614885696896469,0.9503493851629252,0.977487915331676,-0.1179046560638464,-0.1803318676701196,False
2021-10-30 13:40:00,471.4,121.2,361.4,500.0,487.8,29.5,72.5,0.8,1.4,0.5,257.8,14.5,1000,0,0.0,49.6,49.2,,0.9026704142810604,0.022060868921306,1.558262650377903,0.9749425505330268,1.002757154062608,-0.2792929582817916,-0.1803318676701196,False
2021-10-30 13:41:00,446.6,94.5,360.6,472.5,461.1,29.5,72.3,1.0,1.9,0.7,257.6,7.1,1000,0,0.0,49.2,49.0,,0.8195869083799521,-0.1000507284020453,1.5532294906873636,0.8835490305765685,0.910334048019337,-0.1179046560638464,0.1288728189131124,False
2021-10-30 13:42:00,485.7,133.2,366.1,514.3,502.0,29.5,74.0,2.0,3.1,0.6,259.1,11.8,1000,0,0.0,48.6,48.7,,0.9505774358288772,0.0769424856958459,1.587832463559821,1.022467180910385,1.0519110157035982,0.6890368550258795,0.8709640667128694,False
2021-10-30 13:43:00,473.6,113.3,371.9,498.3,486.2,29.5,73.9,2.6,3.1,0.4,255.9,7.7,1000,0,0.0,48.0,48.2,,0.910040725288417,-0.0140695287885994,1.6243228713162303,0.9692927692993548,0.9972186907791158,1.1732017616797152,0.8709640667128694,False
2021-10-30 13:44:00,475.8,119.2,369.3,502.2,490.0,29.4,72.5,2.6,3.4,0.5,255.6,7.2,1000,0,0.0,47.1,47.6,,0.9174110362957736,0.012913932792216,1.607965102321978,0.9822540321295432,1.0103725410774091,1.1732017616797152,1.0564868786628083,False
2021-10-30 13:45:00,420.6,76.6,351.7,439.8,429.0,29.3,75.1,2.6,3.4,0.4,260.3,13.8,1000,0,0.0,46.2,47.1,,0.7324832328384674,-0.1819158067574007,1.4972355891301143,0.7748738268465253,0.7992186283942809,1.1732017616797152,1.0564868786628083,False
2021-10-30 13:46:00,361.6,31.2,333.7,376.5,367.0,29.4,75.5,1.9,2.6,0.4,249.9,10.4,1000,0,0.0,45.3,46.2,,0.5348248921866365,-0.3895512568877434,1.383989496092981,0.5645025609103865,0.5846031761589703,0.6083427039169068,0.5617593801296374,False
2021-10-30 13:47:00,341.4,15.1,327.9,353.5,344.5,29.4,75.2,2.0,2.9,0.5,257.1,11.6,1000,0,0.0,44.5,45.5,,0.4671520365736367,-0.4631840927269178,1.3474990883365714,0.4880643442195305,0.5067185362348656,0.6890368550258795,0.7472821920795766,False
2021-10-30 13:48:00,345.6,20.0,327.2,357.7,348.7,29.4,74.9,1.9,2.6,0.5,254.9,12.4,1000,0,0.0,43.7,44.7,,0.4812226303149536,-0.4407740992106473,1.3430950736073497,0.5020226272674259,0.5212570023540317,0.6083427039169068,0.5617593801296374,False
2021-10-30 13:49:00,364.2,37.9,328.9,377.6,368.2,29.3,75.4,2.6,3.4,0.5,248.8,9.2,1000,0,0.0,43.0,44.1,,0.543535259740785,-0.3589090208552919,1.3537905379497457,0.568158301708645,0.5887570236215891,1.1732017616797152,1.0564868786628083,False
2021-10-30 13:50:00,388.8,65.2,329.3,403.7,393.7,29.3,75.8,2.6,3.1,0.4,240.6,6.7,1000,0,0.0,42.4,43.5,,0.6259487373684975,-0.2340533426932136,1.3563071177950152,0.654899060649138,0.6770262822022411,1.1732017616797152,0.8709640667128694,False
2021-10-30 13:51:00,368.0,48.8,322.9,377.6,367.9,29.3,75.1,2.2,2.9,0.5,232.7,11.2,1000,0,0.0,42.0,43.1,,0.5562657969353096,-0.3090582189517515,1.316041840270701,0.568158301708645,0.5877185617559344,0.8504251572438248,0.7472821920795766,False
2021-10-30 13:52:00,340.6,22.8,319.3,347.4,338.2,29.2,75.0,2.4,3.1,0.4,235.4,7.9,1000,0,0.0,41.8,42.6,,0.4644719234800527,-0.4279683886299214,1.2933926216632745,0.4677915997928251,0.4849108370561162,1.0118134594617698,0.8709640667128694,False
2021-10-30 13:53:00,332.3,12.2,320.8,338.7,329.8,29.2,75.9,2.3,3.1,0.7,245.5,11.3,1000,0,0.0,41.5,42.2,,0.4366657501341172,-0.4764471501140983,1.3028297960830355,0.4388780134793274,0.4558339048177839,0.9311193083527972,0.8709640667128694,False
2021-10-30 13:54:00,342.9,14.7,329.3,350.7,341.7,29.2,75.5,3.0,3.6,0.5,246.4,7.8,1000,0,0.0,41.1,41.8,,0.472177248624107,-0.4650134799527358,1.3563071177950152,0.4787588221876001,0.4970262254887547,1.4959783661156054,1.1801687532961016,False
2021-10-30 13:55:00,379.8,37.9,345.7,392.1,382.3,29.1,77.2,2.5,3.1,0.4,237.1,10.8,1000,0,0.0,40.7,41.4,,0.5957974650656759,-0.3589090208552919,1.45948689145107,0.6163476122311412,0.6375647313073615,1.0925076105707423,0.8709640667128694,False
2021-10-30 13:56:00,419.2,65.6,360.7,433.8,423.2,29.1,77.6,3.2,4.4,0.7,251.8,9.3,1000,0,0.0,40.7,41.2,,0.7277930349246949,-0.2322239554673956,1.5538586356486808,0.7549334224923889,0.7791416989916228,1.6573666683335506,1.6748962518292732,False
2021-10-30 13:57:00,416.1,50.4,370.7,429.5,419.1,29.1,77.4,3.4,3.9,0.5,250.9,12.1,1000,0,0.0,40.6,41.1,,0.7174075966870566,-0.3017406700484795,1.6167731317804217,0.7406427993719245,0.764949386827675,1.818754970551496,1.3656915652460404,False
2021-10-30 13:58:00,443.7,73.6,378.0,459.4,448.5,29.0,78.0,2.2,3.6,0.8,249.5,11.4,1000,0,0.0,40.5,41.0,,0.8098714984157095,-0.1956362109510357,1.6627007139565924,0.8400124810700372,0.8667186496618383,0.8504251572438248,1.1801687532961016,False
2021-10-30 13:59:00,437.0,60.0,383.2,451.6,441.0,29.0,77.4,2.6,3.6,0.6,253.0,13.8,1000,0,0.0,40.6,41.2,,0.7874255512569422,-0.2578353766288476,1.6954162519450973,0.8140899554096601,0.8407571030204701,1.1732017616797152,1.1801687532961016,False
2021-10-30 14:00:00,446.0,66.2,387.0,460.5,449.8,28.9,78.3,3.3,4.1,0.5,257.9,11.7,1000,0,0.0,40.7,41.2,,0.8175768235597639,-0.2294798746286686,1.7193237604751588,0.8436682218682957,0.8712186510796756,1.7380608194425229,1.4893734398793337,False
2021-10-30 14:01:00,430.9,48.0,387.9,445.3,434.6,28.9,78.7,3.8,4.6,0.5,253.0,10.6,1000,0,0.0,40.6,41.2,,0.766989688918363,-0.3127169934033875,1.7249860651270157,0.7931525308378169,0.8186032498865026,2.1415315749873858,1.7985781264625655,False
2021-10-30 14:02:00,447.4,66.0,389.0,462.7,451.5,28.8,77.8,4.0,5.4,0.7,264.0,11.4,1000,0,0.0,40.5,41.1,,0.822267021473536,-0.2303945682415776,1.731906659701507,0.8509797034648122,0.8771032683183856,2.302919877205331,2.293305624995737,False
2021-10-30 14:03:00,408.4,25.1,386.0,419.4,408.9,28.7,77.3,3.7,4.6,0.6,256.5,16.9,1000,0,0.0,40.2,40.9,,0.691611508161309,-0.4174494120814679,1.7130323108619847,0.7070764520424615,0.729641683395414,2.060837423878413,1.7985781264625655,False
2021-10-30 14:04:00,397.2,12.2,385.9,408.9,398.7,28.6,78.9,4.0,4.9,0.7,243.8,12.2,1000,0,0.0,39.9,40.6,,0.6540899248511309,-0.4764471501140983,1.712403165900667,0.6721807444227228,0.6943339799631533,2.302919877205331,1.9841009384125048,False
2021-10-30 14:05:00,424.8,37.6,391.8,439.9,428.9,28.6,79.1,3.9,5.2,0.6,247.0,8.2,1000,0,0.0,39.6,40.3,,0.7465538265797841,-0.3602810612746555,1.7495227186183944,0.775206166919094,0.7988724744390626,2.222225726096359,2.1696237503624443,False
2021-10-30 14:06:00,426.5,42.3,389.5,440.6,429.2,28.6,79.4,3.1,3.9,0.5,247.0,10.7,1000,0,0.0,39.5,40.2,,0.7522490669036503,-0.338785761371294,1.735052384508094,0.7775325474270768,0.7999109363047173,1.576672517224578,1.3656915652460404,False
2021-10-30 14:07:00,440.5,56.9,390.5,456.5,445.1,28.6,79.1,4.0,5.2,0.8,238.7,10.5,1000,0,0.0,39.6,40.1,,0.7991510460413729,-0.2720131276289371,1.741343834121268,0.8303746189655381,0.8549494151844181,2.302919877205331,2.1696237503624443,False
2021-10-30 14:08:00,462.2,79.7,393.3,478.2,466.3,28.6,78.7,4.0,4.9,0.7,245.3,12.3,1000,0,0.0,39.7,40.0,,0.8718491137048429,-0.1677380557573112,1.7589598930381556,0.9024924147129978,0.9283340536906856,2.302919877205331,1.9841009384125048,False
2021-10-30 14:09:00,475.8,96.2,393.4,491.8,479.6,28.6,79.3,3.4,4.6,0.7,234.1,13.9,1000,0,0.0,39.8,40.1,,0.9174110362957736,-0.0922758326923188,1.7595890379994727,0.9476906645823736,0.974372529734712,1.818754970551496,1.7985781264625655,False
2021-10-30 14:10:00,452.2,73.1,390.0,463.5,451.5,28.7,79.4,3.4,4.1,0.5,221.2,10.6,1000,0,0.0,40.2,40.3,,0.838347700035041,-0.1979229449833082,1.738198109314681,0.8536384240453639,0.8771032683183856,1.818754970551496,1.4893734398793337,False
2021-10-30 14:11:00,402.1,27.0,379.2,407.5,396.7,28.8,77.9,4.1,4.4,0.5,228.9,8.9,1000,0,0.0,40.6,40.5,,0.6705056175493339,-0.4087598227588324,1.670250453492401,0.6675279834067578,0.6874109008587884,2.3836140283143035,1.6748962518292732,False
2021-10-30 14:12:00,379.4,16.0,366.3,382.3,372.0,28.6,77.6,3.5,4.1,0.4,232.5,11.7,1000,0,0.0,40.6,40.3,,0.5944574085188836,-0.4590679714688273,1.5890907534824557,0.5837782851193851,0.6019108739198824,1.8994491216604683,1.4893734398793337,False
2021-10-30 14:13:00,393.5,43.5,356.6,400.0,389.5,28.5,79.5,3.4,4.6,0.8,228.6,15.1,1000,0,0.0,40.5,40.1,,0.6416944017933043,-0.33329759969384,1.528063692234667,0.6426024779640873,0.6624878160830749,1.818754970551496,1.7985781264625655,False
2021-10-30 14:14:00,413.7,76.1,350.2,423.2,411.9,28.5,78.5,3.2,4.6,0.9,233.3,13.4,1000,0,0.0,40.4,40.0,,0.709367257406304,-0.1842025407896732,1.4877984147103531,0.7197053748000812,0.7400263020519613,1.6573666683335506,1.7985781264625655,False
2021-10-30 14:15:00,379.6,53.1,335.4,386.4,375.6,28.5,77.8,4.3,5.4,0.7,223.8,5.7,1000,0,0.0,40.3,39.9,,0.5951274367922799,-0.2893923062742081,1.3946849604353768,0.5974042280947115,0.6143724163077392,2.545002330532249,2.293305624995737,False
2021-10-30 14:16:00,354.3,39.0,321.9,358.9,348.2,28.4,77.4,4.1,5.2,0.7,224.9,6.4,1000,0,0.0,40.0,39.5,,0.5103688602076812,-0.3538782059842925,1.309750390657527,0.5060107081382531,0.5195262325779405,2.3836140283143035,2.1696237503624443,False
2021-10-30 14:17:00,334.1,25.3,313.4,336.0,325.3,28.3,78.1,4.0,4.9,0.5,225.7,6.8,1000,0,0.0,39.7,39.2,,0.4426960045946815,-0.4165347184685589,1.2562730689455477,0.429904831519966,0.4402569768329629,2.302919877205331,1.9841009384125048,False
2021-10-30 14:18:00,321.3,14.8,309.4,320.6,309.8,28.3,78.3,3.8,4.9,0.7,229.7,9.3,1000,0,0.0,39.3,38.8,,0.3998141950973352,-0.4645561331462813,1.2311072704928512,0.3787244603443495,0.3866031137741353,2.1415315749873858,1.9841009384125048,False
2021-10-30 14:19:00,316.4,9.7,308.7,313.9,302.8,28.3,79.0,3.8,4.6,0.5,235.6,8.5,1000,0,0.0,38.8,38.4,,0.3833985023991321,-0.4878808202754608,1.2267032557636293,0.3564576754822304,0.3623723369088583,2.1415315749873858,1.7985781264625655,False
2021-10-30 14:20:00,312.4,8.9,305.4,308.0,296.7,28.2,80.2,2.6,3.4,0.5,225.7,18.4,1000,0,0.0,38.4,38.0,,0.3699979369312114,-0.4915395947270968,1.205941472040155,0.336849611200663,0.3412569456405454,1.1732017616797152,1.0564868786628083,False
2021-10-30 14:21:00,298.6,8.2,292.0,292.5,281.6,28.4,79.3,3.3,3.9,0.5,211.9,10.1,1000,0,0.0,38.2,37.8,,0.323765986066885,-0.4947410223722783,1.1216360472236224,0.2853368999524774,0.2889876984025908,1.7380608194425229,1.3656915652460404,False
2021-10-30 14:22:00,275.5,7.0,269.9,268.8,258.6,28.4,79.8,3.2,4.1,0.6,216.1,11.7,1000,0,0.0,38.0,37.6,,0.2463777204896428,-0.5002291840497323,0.9825950107724756,0.2065723027536388,0.2093722887023949,1.6573666683335506,1.4893734398793337,False
2021-10-30 14:23:00,249.4,2.7,247.4,242.5,233.3,28.3,78.7,3.7,4.4,0.5,214.1,7.4,1000,0,0.0,37.8,37.3,,0.15893903081146,-0.5198950967272757,0.8410373944760592,0.1191668636680077,0.1217953380321793,2.060837423878413,1.6748962518292732,False
2021-10-30 14:24:00,228.1,0.8,227.7,221.5,213.1,28.1,79.2,3.4,4.1,0.5,218.5,8.8,1000,0,0.0,37.4,36.9,,0.0875810196947821,-0.5285846860499113,0.71709583709653,0.0493754484285304,0.0518722390780942,1.818754970551496,1.4893734398793337,False
2021-10-30 14:25:00,211.4,0.7,211.2,205.1,197.5,28.1,80.5,1.9,2.6,0.5,218.3,13.0,1000,0,0.0,36.9,36.5,,0.0316336588662131,-0.5290420328563658,0.6132869184791578,-0.0051283234727756,-0.0021277779359516,0.6083427039169068,0.5617593801296374,False
2021-10-30 14:26:00,196.5,0.4,196.4,190.6,183.5,28.2,79.4,3.2,3.9,0.5,219.4,9.8,1000,0,0.0,36.6,36.1,,-0.0182834475017916,-0.5304140732757292,0.5201734642041818,-0.0533176339952718,-0.0505893316665056,1.6573666683335506,1.3656915652460404,False
2021-10-30 14:27:00,183.8,0.3,183.7,178.3,171.5,28.0,80.2,3.5,4.4,0.6,220.4,8.9,1000,0,0.0,36.1,35.7,,-0.0608302428624399,-0.5308714200821838,0.440272054116871,-0.0941954629212513,-0.0921278062926948,1.8994491216604683,1.6748962518292732,False
2021-10-30 14:28:00,174.5,0.4,174.5,169.3,162.7,27.9,80.9,2.8,3.9,0.6,213.4,14.1,1000,0,0.0,35.6,35.3,,-0.0919865575753556,-0.5304140732757292,0.3823907176756697,-0.1241060694524558,-0.1225893543519002,1.3345900638976602,1.3656915652460404,False
2021-10-30 14:29:00,168.5,0.4,168.5,163.5,156.9,28.0,81.0,2.2,3.6,0.8,218.6,15.3,1000,0,0.0,35.2,34.9,,-0.1120874057772367,-0.5304140732757292,0.3446420199966253,-0.1433817936614544,-0.1426662837545582,0.8504251572438248,1.1801687532961016,False
2021-10-30 14:30:00,165.4,0.3,165.5,160.5,153.8,28.0,81.1,2.5,3.4,0.7,211.5,15.5,1000,0,0.0,34.9,34.7,,-0.1224728440148752,-0.5308714200821838,0.3257676711571031,-0.1533519958385226,-0.1533970563663238,1.0925076105707423,1.0564868786628083,False
2021-10-30 14:31:00,165.0,0.3,165.0,160.0,153.2,28.0,81.5,2.3,3.1,0.6,206.9,11.2,1000,0,0.0,34.6,34.5,,-0.1238129005616673,-0.5308714200821838,0.322621946350516,-0.1550136962013673,-0.1554739800976333,0.9311193083527972,0.8709640667128694,False
2021-10-30 14:32:00,166.8,0.2,166.8,161.5,154.6,28.0,80.5,2.7,3.1,0.4,202.0,11.6,1000,0,0.0,34.4,34.3,,-0.117782646101103,-0.5313287668886383,0.3339465556542294,-0.1500285951128332,-0.1506278247245779,1.2538959127886875,0.8709640667128694,False
2021-10-30 14:33:00,170.4,0.3,170.4,164.6,157.4,27.9,81.7,1.8,2.6,0.6,212.2,9.3,1000,0,0.0,34.2,34.1,,-0.1057221371799743,-0.5308714200821838,0.356595774261656,-0.1397260528631961,-0.140935513978467,0.5276485528079343,0.5617593801296374,False
2021-10-30 14:34:00,174.5,0.2,174.5,168.2,160.5,27.9,80.8,3.2,4.6,0.7,203.1,11.1,1000,0,0.0,34.0,33.9,,-0.0919865575753556,-0.5313287668886383,0.3823907176756697,-0.1277618102507142,-0.1302047413667015,1.6573666683335506,1.7985781264625655,False
2021-10-30 14:35:00,177.8,0.3,177.8,171.4,163.4,27.9,81.4,2.3,3.1,0.4,218.8,8.3,1000,0,0.0,33.9,33.7,,-0.080931091064321,-0.5308714200821838,0.4031525013991441,-0.1171269279285081,-0.1201662766653725,0.9311193083527972,0.8709640667128694,False
2021-10-30 14:36:00,180.2,0.3,180.1,174.0,165.8,27.9,81.3,2.6,3.1,0.5,231.3,9.5,1000,0,0.0,33.8,33.6,,-0.0728907517835686,-0.5308714200821838,0.4176228355094444,-0.1084860860417157,-0.1118585817401346,1.1732017616797152,0.8709640667128694,False
2021-10-30 14:37:00,181.7,0.2,181.7,176.1,167.8,27.8,81.1,2.6,3.4,0.6,225.2,10.2,1000,0,0.0,33.6,33.6,,-0.0678655397330983,-0.5313287668886383,0.4276891548905229,-0.101506944517768,-0.1049355026357697,1.1732017616797152,1.0564868786628083,False
2021-10-30 14:38:00,182.3,0.2,182.4,177.4,169.1,27.7,81.3,2.4,3.1,0.4,212.1,10.8,1000,0,0.0,33.5,33.5,,-0.0658554549129101,-0.5313287668886383,0.4320931696197448,-0.0971865235743718,-0.1004355012179326,1.0118134594617698,0.8709640667128694,False
2021-10-30 14:39:00,180.9,0.3,181.0,177.0,168.8,27.6,82.2,2.0,3.1,0.6,207.4,18.3,1000,0,0.0,33.5,33.4,,-0.0705456528266824,-0.5308714200821838,0.4232851401613011,-0.0985158838646475,-0.1014739630835873,0.6890368550258795,0.8709640667128694,False
2021-10-30 14:40:00,179.2,0.3,179.2,176.3,168.4,27.7,82.5,2.1,3.4,0.7,201.3,19.1,1000,0,0.0,33.5,33.3,,-0.0762408931505488,-0.5308714200821838,0.4119605308575877,-0.1008422643726301,-0.1028585789044603,0.7697310061348521,1.0564868786628083,False
2021-10-30 14:41:00,179.0,0.3,179.0,177.1,169.4,27.7,81.6,2.0,2.9,0.4,195.6,14.2,1000,0,0.0,33.5,33.3,,-0.0769109214239448,-0.5308714200821838,0.410702240934953,-0.0981835437920786,-0.0993970393522779,0.6890368550258795,0.7472821920795766,False
2021-10-30 14:42:00,181.6,0.3,181.5,180.6,172.9,27.7,82.1,1.9,2.6,0.4,210.2,18.8,1000,0,0.0,33.5,33.3,,-0.0682005538697963,-0.5308714200821838,0.4264308649678882,-0.0865516412521657,-0.0872816509196394,0.6083427039169068,0.5617593801296374,False
2021-10-30 14:43:00,186.6,0.2,186.5,186.8,179.1,27.7,81.5,1.7,2.4,0.5,196.8,16.1,1000,0,0.0,33.6,33.3,,-0.0514498470348954,-0.5313287668886383,0.4578881130337585,-0.0659465567528914,-0.0658201056961083,0.4469544016989616,0.4380775054963444,False
2021-10-30 14:44:00,193.0,0.3,192.7,194.2,186.6,27.7,81.9,2.6,3.9,0.7,225.0,13.1,1000,0,0.0,33.7,33.3,,-0.0300089422862222,-0.5308714200821838,0.4968951006354376,-0.04135339138279,-0.0398585590547401,1.1732017616797152,1.3656915652460404,False
2021-10-30 14:45:00,198.5,0.2,198.3,200.8,193.2,27.6,81.9,2.9,3.6,0.5,219.5,10.5,1000,0,0.0,33.7,33.3,,-0.0115831647678312,-0.5313287668886383,0.5321272184692125,-0.0194189465932399,-0.0170123980103361,1.4152842150066327,1.1801687532961016,False
2021-10-30 14:46:00,203.1,0.4,202.9,206.5,199.0,27.6,81.9,2.4,2.9,0.4,213.6,7.6,1000,0,0.0,33.7,33.3,,0.0038274855202775,-0.5304140732757292,0.5610678866898132,-0.0004755624568104,0.0030645313923219,1.0118134594617698,0.7472821920795766,False
2021-10-30 14:47:00,207.6,0.5,207.3,212.1,204.4,27.6,81.9,2.3,3.1,0.5,222.5,8.2,1000,0,0.0,33.8,33.4,,0.0189031216716883,-0.5299567264692747,0.5887502649877792,0.0181354816070501,0.0217568449741071,0.9311193083527972,0.8709640667128694,False
2021-10-30 14:48:00,213.0,0.4,212.6,218.5,210.5,27.6,82.1,2.6,3.4,0.5,227.0,10.4,1000,0,0.0,33.9,33.4,,0.0369938850533813,-0.5304140732757292,0.6220949479376016,0.0394052462514622,0.0428722362424199,1.1732017616797152,1.0564868786628083,False
2021-10-30 14:49:00,219.6,0.5,219.1,226.1,217.8,27.5,82.3,2.8,3.9,0.5,216.2,9.8,1000,0,0.0,34.0,33.5,,0.0591048180754505,-0.5299567264692747,0.662989370423233,0.0646630917667016,0.0681414749733517,1.3345900638976602,1.3656915652460404,False
2021-10-30 14:50:00,226.7,0.6,226.1,234.2,225.8,27.4,82.3,2.2,2.6,0.4,220.3,15.7,1000,0,0.0,34.2,33.6,,0.0828908217810098,-0.5294993796628202,0.7070295177154515,0.0915826376447857,0.0958337913908111,0.8504251572438248,0.5617593801296374,False
2021-10-30 14:51:00,232.9,0.6,232.2,241.3,232.7,27.4,82.7,2.7,3.1,0.5,214.1,10.2,1000,0,0.0,34.4,33.8,,0.103661698256287,-0.5294993796628202,0.7454073603558132,0.1151787827971805,0.1197184143008698,1.2538959127886875,0.8709640667128694,False
2021-10-30 14:52:00,236.4,0.6,235.7,245.6,237.0,27.5,82.4,3.4,4.4,0.6,220.1,9.4,1000,0,0.0,34.7,34.0,,0.1153871930407176,-0.5294993796628202,0.7674274340019225,0.1294694059176448,0.1346030343752543,1.818754970551496,1.6748962518292732,False
2021-10-30 14:53:00,237.4,0.7,236.7,247.4,238.8,27.5,81.6,3.1,3.9,0.6,220.0,9.0,1000,0,0.0,34.8,34.1,,0.1187373344076978,-0.5290420328563658,0.7737188836150966,0.1354515272238858,0.1408338055691827,1.576672517224578,1.3656915652460404,False
2021-10-30 14:54:00,238.0,0.7,237.3,248.9,240.3,27.5,82.2,3.3,4.1,0.5,227.0,6.0,1000,0,0.0,34.9,34.2,,0.1207474192278859,-0.5290420328563658,0.7774937533830012,0.1404366283124198,0.1460261148974564,1.7380608194425229,1.4893734398793337,False
2021-10-30 14:55:00,240.7,0.8,239.8,252.4,243.9,27.4,81.9,2.6,3.4,0.5,221.4,6.6,1000,0,0.0,34.9,34.2,,0.1297928009187324,-0.5285846860499113,0.7932223774159363,0.1520685308523327,0.1584876572853131,1.1732017616797152,1.0564868786628083,False
2021-10-30 14:56:00,244.7,1.0,243.7,257.2,248.8,27.4,82.8,1.9,3.1,0.7,195.1,13.8,1000,0,0.0,35.0,34.2,,0.1431933663866531,-0.5276699924370023,0.817759030907315,0.1680208543356418,0.175449201091007,0.6083427039169068,0.8709640667128694,False
2021-10-30 14:57:00,249.1,1.0,248.0,262.3,254.0,27.4,82.2,2.2,3.4,0.8,191.8,17.3,1000,0,0.0,35.2,34.4,,0.1579339884013659,-0.5276699924370023,0.8448122642439636,0.1849701980366577,0.1934492067623556,0.8504251572438248,1.0564868786628083,False
2021-10-30 14:58:00,252.5,1.0,251.4,266.1,257.9,27.5,82.6,1.4,1.9,0.5,228.6,8.7,1000,0,0.0,35.5,34.5,,0.1693244690490986,-0.5276699924370023,0.8662031929287555,0.1975991207942775,0.206949211015867,0.2048719483720438,0.1288728189131124,False
2021-10-30 14:59:00,254.7,1.2,253.5,268.5,260.3,27.5,82.7,2.5,3.4,0.7,227.9,14.3,1000,0,0.0,35.8,34.8,,0.1766947800564549,-0.5267552988240932,0.879415237116421,0.2055752825359319,0.215256905941105,1.0925076105707423,1.0564868786628083,False
2021-10-30 15:00:00,256.1,1.3,254.9,269.9,261.5,27.5,82.1,2.5,3.4,0.5,221.0,13.2,1000,0,0.0,35.9,35.0,,0.1813849779702273,-0.5262979520176387,0.8882232665748647,0.210228043551897,0.2194107534037238,1.0925076105707423,1.0564868786628083,False
2021-10-30 15:01:00,257.5,1.3,256.3,271.1,262.5,27.6,81.7,2.4,3.4,0.7,232.7,16.4,1000,0,0.0,36.1,35.2,,0.1860751758839995,-0.5262979520176387,0.8970312960333084,0.2142161244227244,0.2228722929559063,1.0118134594617698,1.0564868786628083,False
2021-10-30 15:02:00,259.0,1.2,257.7,272.2,263.4,27.5,81.2,2.2,3.1,0.5,224.1,10.8,1000,0,0.0,36.2,35.3,,0.1911003879344697,-0.5267552988240932,0.905839325491752,0.2178718652209827,0.2259876785528704,0.8504251572438248,0.8709640667128694,False
2021-10-30 15:03:00,259.3,1.6,257.8,272.0,263.1,27.4,82.1,1.9,2.6,0.6,221.9,10.7,1000,0,0.0,36.3,35.4,,0.1921054303445638,-0.5249259115982753,0.9064684704530696,0.2172071850758448,0.2249492166872158,0.6083427039169068,0.5617593801296374,False
2021-10-30 15:04:00,257.9,1.5,256.6,270.1,261.0,27.4,82.4,2.1,2.6,0.4,218.9,11.8,1000,0,0.0,36.3,35.5,,0.1874152324307915,-0.5253832584047298,0.8989187309172607,0.210892723697035,0.2176799836276326,0.7697310061348521,0.5617593801296374,False
2021-10-30 15:05:00,255.9,1.7,254.4,267.3,258.1,27.5,82.6,1.4,2.1,0.6,219.8,18.6,1000,0,0.0,36.5,35.6,,0.1807149496968312,-0.5244685647918208,0.8850775417682777,0.2015872016651047,0.2076415189263037,0.2048719483720438,0.2525546935464053,False
2021-10-30 15:06:00,255.4,2.3,253.5,266.1,256.8,27.5,83.0,1.7,2.4,0.4,196.3,23.7,1000,0,0.0,36.7,35.8,,0.1790398790133411,-0.5217244839530938,0.879415237116421,0.1975991207942775,0.2031415175084664,0.4469544016989616,0.4380775054963444,False
2021-10-30 15:07:00,257.6,3.4,254.8,267.9,258.3,27.6,81.9,2.0,2.6,0.5,199.9,14.1,1000,0,0.0,36.9,35.9,,0.1864101900206975,-0.5166936690820942,0.8875941216135473,0.2035812421005182,0.2083338268367401,0.6890368550258795,0.5617593801296374,False
2021-10-30 15:08:00,264.3,8.3,258.0,274.6,264.7,27.6,82.3,1.7,2.6,0.7,192.0,18.2,1000,0,0.0,37.0,35.9,,0.2088561371794647,-0.4942836755658238,0.9077267603757042,0.2258480269626373,0.2304876799707076,0.4469544016989616,0.5617593801296374,False
2021-10-30 15:09:00,276.9,21.1,261.5,287.7,277.4,27.7,82.2,0.8,1.6,0.6,200.7,8.4,1000,0,0.0,37.1,36.0,,0.2510679184034149,-0.4357432843396479,0.9297468340218136,0.2693845764691683,0.2744492322834244,-0.2792929582817916,-0.0566499930368267,False
2021-10-30 15:10:00,285.4,28.4,264.7,296.1,285.6,27.7,81.9,1.4,1.9,0.4,216.5,10.5,1000,0,0.0,37.5,36.2,,0.2795441200227465,-0.4023569674684694,0.9498794727839704,0.2973011425649593,0.3028338566113205,0.2048719483720438,0.1288728189131124,False
2021-10-30 15:11:00,289.6,29.7,268.0,300.0,289.5,27.8,82.0,1.2,2.1,0.6,207.2,12.4,1000,0,0.0,37.9,36.5,,0.2936147137640634,-0.3964114589845609,0.9706412565074448,0.3102624053951479,0.3163338608648319,0.0434836461540987,0.2525546935464053,False
2021-10-30 15:12:00,289.1,23.8,271.8,298.9,288.3,27.8,81.8,1.8,2.4,0.5,196.6,12.1,1000,0,0.0,38.2,36.7,,0.2919396430805733,-0.4233949205653764,0.9945487650375064,0.3066066645968895,0.312180013402213,0.5276485528079343,0.4380775054963444,False
2021-10-30 15:13:00,288.2,19.3,274.0,297.5,286.9,27.8,81.2,2.3,3.1,0.5,206.0,7.3,1000,0,0.0,38.4,36.8,,0.288924515850291,-0.4439755268558288,1.0083899541864894,0.3019539035809244,0.3073338580291575,0.9311193083527972,0.8709640667128694,False
2021-10-30 15:14:00,287.7,16.6,275.6,296.6,286.0,27.7,82.6,1.8,2.6,0.4,199.5,15.0,1000,0,0.0,38.5,36.9,,0.2872494451668009,-0.4563238906301003,1.018456273567568,0.298962842927804,0.3042184724321934,0.5276485528079343,0.5617593801296374,False
2021-10-30 15:15:00,289.4,16.8,277.4,298.3,287.7,27.9,82.3,1.8,2.4,0.5,206.1,15.1,1000,0,0.0,38.6,37.0,,0.2929446854906672,-0.4554091970171913,1.0297808828712811,0.3046126241614759,0.3101030896709035,0.5276485528079343,0.4380775054963444,False
2021-10-30 15:16:00,290.4,14.2,280.1,299.2,288.6,27.9,80.3,1.8,2.1,0.3,197.2,14.5,1000,0,0.0,38.7,37.1,,0.2962948268576474,-0.4673002139850083,1.0467677968268512,0.3076036848145963,0.3132184752678678,0.5276485528079343,0.2525546935464053,False
2021-10-30 15:17:00,295.1,15.9,283.7,304.6,293.8,27.9,80.5,1.9,2.4,0.4,194.2,11.2,1000,0,0.0,38.8,37.1,,0.3120404912824544,-0.4595253182752818,1.0694170154342777,0.3255500487333191,0.3312184809392164,0.6083427039169068,0.4380775054963444,False
2021-10-30 15:18:00,316.1,39.3,288.6,327.9,316.7,27.9,81.3,1.9,2.4,0.4,194.3,13.6,1000,0,0.0,38.8,37.1,,0.3823934599890383,-0.352506165564929,1.100245118538831,0.4029852856418819,0.4104877366841939,0.6083427039169068,0.4380775054963444,False
2021-10-30 15:19:00,369.7,108.6,295.1,386.9,374.8,27.9,80.1,1.4,1.9,0.5,229.1,8.1,1000,0,0.0,39.0,37.2,,0.5619610372591759,-0.0355648286919609,1.1411395410244622,0.5990659284575561,0.6116031846659933,0.2048719483720438,0.1288728189131124,False
2021-10-30 15:20:00,465.1,238.8,302.6,489.1,475.4,27.9,81.2,1.5,2.1,0.4,218.7,10.5,1000,0,0.0,39.7,37.7,,0.8815645236690853,0.5599007133117974,1.1883254131232677,0.9387174826230124,0.9598340636155456,0.2855660994810165,0.2525546935464053,False
2021-10-30 15:21:00,574.8,391.5,309.9,604.5,589.2,27.9,79.6,1.5,2.1,0.5,209.8,8.2,1000,0,0.0,40.8,38.7,,1.249075031626811,1.258269286767818,1.234252995299438,1.3222379263675683,1.3537572646539064,0.2855660994810165,0.2525546935464053,False
2021-10-30 15:22:00,625.5,459.4,316.0,655.9,640.1,28.0,79.8,1.5,2.4,0.5,190.9,13.6,1000,0,0.0,42.4,40.4,,1.4189271989327066,1.568807768350423,1.2726308379398,1.4930607236680034,1.529949627859992,0.2855660994810165,0.4380775054963444,False
2021-10-30 15:23:00,678.6,533.0,321.6,710.8,694.2,28.0,79.6,1.5,2.6,0.7,200.3,10.4,1000,0,0.0,44.1,42.3,,1.5968197055193545,1.9054150179009344,1.307862955773575,1.675515423508351,1.7172189176330614,0.2855660994810165,0.5617593801296374,False
2021-10-30 15:24:00,731.6,608.8,326.0,767.5,749.9,28.1,77.7,1.6,2.6,0.6,219.4,6.9,1000,0,0.0,45.9,44.4,,1.774377197969304,2.252083897193445,1.3355453340715409,1.86395224465494,1.9100266706896225,0.3662602505899892,0.5617593801296374,False
2021-10-30 15:25:00,785.6,687.6,329.7,822.0,803.0,28.2,77.3,2.0,2.9,0.7,200.6,8.3,1000,0,0.0,47.8,46.5,,1.955284831786234,2.612473180679591,1.3588236976402848,2.045077584205012,2.0938344209105098,0.6890368550258795,0.7472821920795766,False
2021-10-30 15:26:00,788.9,693.5,331.3,824.0,805.0,28.2,78.3,2.1,3.1,0.6,207.0,8.8,1000,0,0.0,49.5,48.5,,1.966340298297268,2.6394566422604058,1.3688900170213634,2.0517243856563905,2.100757500014875,0.7697310061348521,0.8709640667128694,False
2021-10-30 15:27:00,785.8,692.3,331.0,819.0,800.0,28.2,78.9,1.8,2.6,0.5,206.0,7.3,1000,0,0.0,51.0,50.1,,1.9559548600596297,2.6339684805829515,1.3670025821374112,2.0351073820279435,2.0834498022539627,0.5276485528079343,0.5617593801296374,False
2021-10-30 15:28:00,775.0,679.8,330.6,806.0,787.6,28.4,79.0,2.1,3.1,0.6,196.2,8.1,1000,0,0.0,52.4,51.6,,1.919773333296244,2.576800129776139,1.3644860022921417,1.9919031725939813,2.0405267118069004,0.7697310061348521,0.8709640667128694,False
2021-10-30 15:29:00,766.7,671.3,329.9,796.0,777.9,28.5,78.8,1.7,2.1,0.4,221.0,26.1,1000,0,0.0,53.5,52.7,,1.8919671599503085,2.537925651227507,1.3600819875629195,1.958669165337088,2.0069497781507306,0.4469544016989616,0.2525546935464053,False
2021-10-30 15:30:00,757.5,661.8,329.1,784.6,766.7,28.7,79.8,1.2,1.9,0.5,228.2,16.9,1000,0,0.0,54.2,53.7,,1.8611458593740904,2.4944777046143294,1.3550488278723805,1.9207823970642288,1.968180535166288,0.0434836461540987,0.1288728189131124,False
2021-10-30 15:31:00,742.1,643.5,327.3,767.1,749.8,28.9,76.6,2.3,3.1,0.6,250.9,11.6,1000,0,0.0,54.8,54.5,,1.809553682322596,2.4107832390331563,1.343724218568667,1.862622884364664,1.9096805167344044,0.9311193083527972,0.8709640667128694,False
2021-10-30 15:32:00,713.0,605.4,324.8,734.9,718.1,28.8,77.3,1.8,2.1,0.3,261.5,6.9,1000,0,0.0,54.5,54.8,,1.7120645685434726,2.236534105773992,1.327995594535732,1.7556093809974656,1.799949712930221,0.5276485528079343,0.2525546935464053,False
2021-10-30 15:33:00,678.4,556.4,323.3,697.4,681.2,28.8,75.6,0.8,1.9,0.8,251.0,2.9,1000,0,0.0,53.7,54.8,,1.5961496772459582,2.012434170611287,1.3185584201159708,1.6309818537841132,1.67221890345469,-0.2792929582817916,0.1288728189131124,False
2021-10-30 15:34:00,632.1,490.1,321.0,648.3,632.9,28.7,76.2,1.1,2.1,0.7,252.0,6.2,1000,0,0.0,53.4,54.8,,1.4410381319547758,1.7092132379319545,1.3040880860056705,1.467802878152764,1.5050265430842784,-0.0372105049548737,0.2525546935464053,False
2021-10-30 15:35:00,595.6,439.0,318.1,608.3,593.6,28.7,76.8,2.1,3.1,0.6,263.6,12.9,1000,0,0.0,53.0,54.7,,1.3187579720599991,1.475509019833705,1.285842882127466,1.334866849125188,1.368988038683509,0.7697310061348521,0.8709640667128694,False
2021-10-30 15:36:00,547.7,370.9,314.4,558.5,544.3,28.7,76.3,1.7,2.6,0.5,254.6,11.8,1000,0,0.0,52.0,53.9,,1.1582862005816486,1.164055844638191,1.2625645185587215,1.1693614929858565,1.198334138760915,0.4469544016989616,0.5617593801296374,False
2021-10-30 15:37:00,511.3,320.3,310.7,519.1,505.4,28.7,77.8,2.0,2.6,0.5,245.1,14.3,1000,0,0.0,50.9,52.9,,1.03634105482357,0.9326383605722144,1.2392861549899774,1.0384195043936943,1.0636802501810183,0.6890368550258795,0.5617593801296374,False
2021-10-30 15:38:00,468.1,259.8,306.0,473.3,460.2,28.8,76.6,2.1,2.9,0.5,246.3,8.1,1000,0,0.0,50.0,51.7,,0.8916149477700259,0.6559435426672423,1.2097163418080594,0.8862077511571198,0.9072186624223728,0.7697310061348521,0.7472821920795766,False
2021-10-30 15:39:00,435.3,214.9,301.7,439.3,426.9,28.8,77.1,1.7,2.4,0.4,242.1,9.5,1000,0,0.0,49.0,50.3,,0.781730310933076,0.450594826569172,1.182663108471411,0.7732121264836805,0.7919493953346978,0.4469544016989616,0.4380775054963444,False
2021-10-30 15:40:00,393.1,153.1,298.2,393.4,381.8,28.7,76.1,0.2,1.1,0.4,234.3,0.8,1000,0,0.0,47.9,49.0,,0.6403543452465124,0.1679545001802913,1.1606430348253016,0.6206680331745372,0.6358339615312703,-0.7634578649356273,-0.3658546796200588,False
2021-10-30 15:41:00,304.2,19.9,292.1,301.3,290.5,28.8,75.7,0.3,1.4,0.6,257.3,8.4,1000,0,0.0,46.9,47.9,,0.342526777721974,-0.4412314460171018,1.12226519218494,0.3145828263385441,0.3197954004170144,-0.6827637138266546,-0.1803318676701196,False
2021-10-30 15:42:00,288.3,5.7,285.3,286.1,275.6,28.8,76.9,1.6,2.9,0.9,253.4,16.2,1000,0,0.0,46.2,47.0,,0.2892595299869892,-0.5061746925336408,1.0794833348153563,0.2640671353080654,0.2682184610894962,0.3662602505899892,0.7472821920795766,False
2021-10-30 15:43:00,300.1,25.1,285.2,300.3,289.8,28.8,77.0,2.3,2.6,0.4,247.4,5.8,1000,0,0.0,45.1,45.8,,0.3287911981173553,-0.4174494120814679,1.0788541898540387,0.3112594256128547,0.3173723227304867,0.9311193083527972,0.5617593801296374,False
2021-10-30 15:44:00,347.8,99.5,287.6,353.9,342.8,28.7,77.5,2.2,2.6,0.4,249.6,5.3,1000,0,0.0,43.7,44.6,,0.48859294132231,-0.0771833880793203,1.0939536689256568,0.4893937045098062,0.5008339189961555,0.8504251572438248,0.5617593801296374,False
2021-10-30 15:45:00,409.2,193.2,292.3,414.0,402.5,28.6,77.0,1.7,2.4,0.5,257.1,4.1,1000,0,0.0,42.8,43.6,,0.6942916212548932,0.3513505695685455,1.1235234821075748,0.6891300881237389,0.7074878302614466,0.4469544016989616,0.4380775054963444,False
2021-10-30 15:46:00,408.7,185.3,297.7,413.5,402.0,28.6,78.5,0.8,1.4,0.6,253.1,19.0,1000,0,0.0,42.5,43.1,,0.692616550571403,0.3152201718586402,1.1574973100187147,0.6874683877608941,0.7057570604853554,-0.2792929582817916,-0.1803318676701196,False
2021-10-30 15:47:00,409.6,180.7,301.7,414.4,403.1,28.7,77.8,1.4,1.9,0.4,253.2,12.6,1000,0,0.0,42.6,43.1,,0.6956316778016853,0.2941822187617331,1.182663108471411,0.6904594484140145,0.7095647539927561,0.2048719483720438,0.1288728189131124,False
2021-10-30 15:48:00,412.1,184.1,302.9,418.1,406.8,28.7,77.0,0.6,1.1,0.5,265.0,7.0,1000,0,0.0,42.7,43.1,,0.7040070312191358,0.3097320101811861,1.1902128480072196,0.7027560310990654,0.722372450335831,-0.4406812604997369,-0.3658546796200588,False
2021-10-30 15:49:00,416.3,193.4,302.2,423.1,411.6,28.7,78.4,1.6,2.4,0.7,254.4,12.4,1000,0,0.0,42.9,43.3,,0.7180776249604525,0.3522652631814546,1.185808833277998,0.7193730347275124,0.7389878401863067,0.3662602505899892,0.4380775054963444,False
2021-10-30 15:50:00,416.5,190.9,304.5,423.7,412.2,28.7,79.0,1.6,2.6,0.7,291.6,12.1,1000,0,0.0,43.0,43.5,,0.7187476532338485,0.3408315930200921,1.2002791673882984,0.7213670751629259,0.741064763917616,0.3662602505899892,0.5617593801296374,False
2021-10-30 15:51:00,415.9,193.6,303.0,423.8,412.2,28.7,78.4,1.9,2.9,0.6,294.9,15.0,1000,0,0.0,42.8,43.3,,0.7167375684136603,0.3531799567943636,1.1908419929685372,0.721699415235495,0.741064763917616,0.6083427039169068,0.7472821920795766,False
2021-10-30 15:52:00,420.6,210.5,298.5,428.6,417.1,28.7,79.6,2.4,3.4,0.7,291.6,11.4,1000,0,0.0,42.8,43.2,,0.7324832328384674,0.430471567085174,1.162530469709254,0.7376517387188041,0.75802630772331,1.0118134594617698,1.0564868786628083,False
2021-10-30 15:53:00,419.0,220.0,292.1,426.8,415.3,28.8,78.6,2.4,3.1,0.5,298.1,14.3,1000,0,0.0,42.7,43.1,,0.7271230066512989,0.4739195136983514,1.12226519218494,0.7316696174125631,0.7517955365293817,1.0118134594617698,0.8709640667128694,False
2021-10-30 15:54:00,412.4,219.9,286.3,419.1,407.9,28.8,79.3,2.6,3.4,0.5,302.0,13.8,1000,0,0.0,42.5,42.9,,0.7050120736292297,0.4734621668918969,1.0857747844285304,0.7060794318247549,0.7261801438432316,1.1732017616797152,1.0564868786628083,False
2021-10-30 15:55:00,402.4,210.0,282.7,408.2,397.2,28.7,79.1,2.1,2.9,0.6,280.0,15.4,1000,0,0.0,42.3,42.7,,0.6715106599594278,0.4281848330529015,1.0631255658211036,0.6698543639147403,0.6891416706348796,0.7697310061348521,0.7472821920795766,False
2021-10-30 15:56:00,399.3,208.3,281.2,404.6,393.7,28.7,79.6,2.8,3.4,0.4,282.3,10.7,1000,0,0.0,42.2,42.5,,0.6611252217217894,0.420409937343175,1.0536883914013426,0.6578901213022587,0.6770262822022411,1.3345900638976602,1.0564868786628083,False
2021-10-30 15:57:00,396.2,204.6,280.9,401.2,390.4,28.7,78.2,2.3,2.6,0.4,279.2,11.4,1000,0,0.0,41.9,42.2,,0.6507397834841507,0.4034881055043585,1.0518009565173905,0.6465905588349146,0.6656032016800391,0.9311193083527972,0.5617593801296374,False
2021-10-30 15:58:00,391.2,196.9,280.9,396.4,385.8,28.7,77.9,2.2,2.6,0.4,276.0,6.8,1000,0,0.0,41.6,42.0,,0.6339890766492499,0.3682724014073621,1.0518009565173905,0.6306382353516055,0.64968011974,0.8504251572438248,0.5617593801296374,False
2021-10-30 15:59:00,387.7,192.1,280.8,392.9,382.4,28.6,79.1,1.8,2.6,0.6,287.0,12.0,1000,0,0.0,41.4,42.0,,0.6222635818648192,0.3463197546975461,1.051171811556073,0.6190063328116926,0.6379108852625796,0.5276485528079343,0.5617593801296374,False
2021-10-30 16:00:00,384.5,188.3,280.3,390.1,379.6,28.6,78.8,1.7,2.4,0.4,296.3,17.7,1000,0,0.0,41.2,42.0,,0.6115431294904827,0.3289405760522751,1.048026086749486,0.6097008107797623,0.6282185745164689,0.4469544016989616,0.4380775054963444,False
2021-10-30 16:01:00,376.4,175.3,280.1,381.7,371.1,28.7,79.7,2.1,2.6,0.4,287.0,16.3,1000,0,0.0,41.1,41.9,,0.5844069844179431,0.2694854912131902,1.0467677968268512,0.5817842446839714,0.5987954883229183,0.7697310061348521,0.5617593801296374,False
2021-10-30 16:02:00,380.3,181.6,281.1,386.4,375.9,28.7,79.5,1.6,2.4,0.5,265.0,15.1,1000,0,0.0,40.9,41.7,,0.5974725357491659,0.2982983400198236,1.0530592464400252,0.5974042280947115,0.6154108781733938,0.3662602505899892,0.4380775054963444,False
2021-10-30 16:03:00,392.8,203.0,282.5,399.4,388.7,28.7,78.3,1.7,2.4,0.6,292.4,25.8,1000,0,0.0,41.0,41.8,,0.6393493028364182,0.3961705566010865,1.0618672758984689,0.6406084375286736,0.6597185844413289,0.4469544016989616,0.4380775054963444,False
2021-10-30 16:04:00,400.5,216.8,283.4,407.6,396.8,28.7,79.4,2.4,3.1,0.5,263.1,16.6,1000,0,0.0,41.1,42.0,,0.6651453913621656,0.4592844158918075,1.067529580550325,0.6678603234793268,0.6877570548140067,1.0118134594617698,0.8709640667128694,False
2021-10-30 16:05:00,414.4,239.6,285.9,422.6,411.6,28.7,78.2,1.9,2.4,0.5,260.4,14.5,1000,0,0.0,41.1,42.2,,0.7117123563631901,0.5635594877634333,1.0832582045832606,0.7177113343646677,0.7389878401863067,0.6083427039169068,0.4380775054963444,False
2021-10-30 16:06:00,397.4,199.1,290.6,401.1,390.6,28.7,78.5,2.8,3.6,0.5,246.2,11.2,1000,0,0.0,41.4,42.7,,0.654759953124527,0.378334031149361,1.112828017765179,0.6462582187623457,0.6662955095904757,1.3345900638976602,1.1801687532961016,False
2021-10-30 16:07:00,353.9,114.1,293.0,358.5,348.5,28.7,77.8,2.5,3.1,0.5,266.0,8.2,1000,0,0.0,41.4,42.8,,0.509028803660889,-0.0104107543369634,1.1279274968367965,0.5046813478479775,0.5205646944435953,1.0925076105707423,0.8709640667128694,False
2021-10-30 16:08:00,304.6,14.8,297.0,308.5,299.0,28.6,78.4,2.2,2.9,0.5,260.4,11.2,1000,0,0.0,40.8,42.2,,0.3438668342687662,-0.4645561331462813,1.1530932952894928,0.3385113115635077,0.349218486610565,0.8504251572438248,0.7472821920795766,False
2021-10-30 16:09:00,337.8,60.0,306.0,343.0,333.5,28.6,77.9,1.6,2.1,0.4,256.3,2.7,1000,0,0.0,40.3,41.5,,0.4550915276525082,-0.2578353766288476,1.2097163418080594,0.4531686365997918,0.4686416011608588,0.3662602505899892,0.2525546935464053,False
2021-10-30 16:10:00,354.7,68.0,319.5,362.1,352.0,28.6,78.9,1.2,2.1,0.6,250.7,9.4,1000,0,0.0,40.3,41.3,,0.5117089167544732,-0.2212476321124876,1.2946509115859093,0.5166455904604593,0.5326800828762338,0.0434836461540987,0.2525546935464053,False
2021-10-30 16:11:00,401.4,141.3,328.9,412.9,401.8,28.7,78.2,2.0,2.6,0.4,263.4,15.9,1000,0,0.0,40.5,41.5,,0.6681605185924476,0.1139875770186604,1.3537905379497457,0.6854743473254804,0.7050647525749189,0.6890368550258795,0.5617593801296374,False
2021-10-30 16:12:00,472.8,265.3,336.2,479.4,467.3,28.7,78.4,1.9,2.4,0.7,256.2,12.9,1000,0,0.0,41.1,42.4,,0.9073606121948328,0.6810976170222397,1.399718120125916,0.9064804955838252,0.931795593242868,0.6083427039169068,0.4380775054963444,False
2021-10-30 16:13:00,343.9,12.7,337.1,344.9,334.6,28.7,78.4,2.5,3.9,0.7,269.8,11.4,1000,0,0.0,41.5,43.2,,0.4755273899910872,-0.4741604160818258,1.405380424777773,0.4594830979786016,0.4724492946682596,1.0925076105707423,1.3656915652460404,False
2021-10-30 16:14:00,333.8,3.2,332.6,334.8,324.5,28.7,78.2,2.5,3.4,0.5,290.7,14.4,1000,0,0.0,41.0,42.7,,0.4416909621845875,-0.5176083626950032,1.3770689015184898,0.4259167506491388,0.4374877451912169,1.0925076105707423,1.0564868786628083,False
2021-10-30 16:15:00,336.2,12.3,330.8,338.3,328.2,28.7,78.7,2.4,2.9,0.5,277.8,13.7,1000,0,0.0,40.4,41.9,,0.4497313014653398,-0.4759898033076438,1.3657442922147764,0.4375486531890517,0.4502954415342919,1.0118134594617698,0.7472821920795766,False
2021-10-30 16:16:00,393.4,123.0,333.4,404.2,393.2,28.7,78.9,1.8,2.6,0.5,262.0,14.1,1000,0,0.0,40.2,41.3,,0.6413593876566063,0.030293111437487,1.382102061209029,0.6565607610119827,0.6752955124261499,0.5276485528079343,0.5617593801296374,False
2021-10-30 16:17:00,434.6,193.3,338.8,443.9,432.5,28.7,78.1,2.5,3.1,0.5,258.4,11.3,1000,0,0.0,40.4,41.7,,0.7793852119761899,0.3518079163750001,1.416075889120169,0.7884997698218517,0.8113340168269194,1.0925076105707423,0.8709640667128694,False
2021-10-30 16:18:00,508.5,340.2,341.2,515.7,503.3,28.7,78.1,2.1,2.6,0.4,253.8,7.7,1000,0,0.0,40.9,42.8,,1.0269606589960252,1.0236503750566597,1.4311753681917865,1.0271199419263504,1.0564110171214356,0.7697310061348521,0.5617593801296374,False
2021-10-30 16:19:00,532.9,401.5,336.9,537.3,524.9,28.8,77.7,2.4,3.1,0.5,267.7,19.8,1000,0,0.0,41.7,44.4,,1.1087041083503415,1.304003967413268,1.404122134855138,1.098905397601241,1.131180271448576,1.0118134594617698,0.8709640667128694,False
2021-10-30 16:20:00,524.3,396.8,332.5,527.9,515.5,28.8,78.6,2.2,3.1,0.7,278.4,15.6,1000,0,0.0,42.4,45.7,,1.079892892594312,1.2825086675099064,1.3764397565571722,1.0676654307797608,1.098641799658061,0.8504251572438248,0.8709640667128694,False
2021-10-30 16:21:00,501.4,354.9,330.9,505.5,493.3,28.8,78.3,2.4,2.9,0.5,266.0,15.0,1000,0,0.0,42.9,46.6,,1.003174655290466,1.0908803556054711,1.3663734371760936,0.9932212545243184,1.0217956215996111,1.0118134594617698,0.7472821920795766,False
2021-10-30 16:22:00,450.7,254.9,329.2,451.3,439.8,28.9,79.0,2.4,3.6,1.1,244.7,13.0,1000,0,0.0,43.2,47.2,,0.8333224879845708,0.6335335491509718,1.3556779728336978,0.8130929351919532,0.8366032555578512,1.0118134594617698,1.1801687532961016,False
2021-10-30 16:23:00,377.9,107.2,328.0,380.6,369.3,29.0,77.9,2.8,3.4,0.6,257.4,13.9,1000,0,0.0,43.2,47.0,,0.5894321964684134,-0.0419676839823238,1.348128233297889,0.5781285038857131,0.5925647171289898,1.3345900638976602,1.0564868786628083,False
2021-10-30 16:24:00,400.5,161.9,324.6,401.5,390.1,28.9,76.7,2.2,3.4,0.7,255.1,12.1,1000,0,0.0,42.8,46.1,,0.6651453913621656,0.2082010191482873,1.3267373046130972,0.6475875790526214,0.6645647398143845,0.8504251572438248,1.0564868786628083,False
2021-10-30 16:25:00,318.1,7.8,314.8,316.6,305.8,28.8,77.8,2.5,3.1,0.5,253.8,17.4,1000,0,0.0,42.4,45.4,,0.3890937427229986,-0.4965704095980963,1.2650810984039913,0.3654308574415919,0.3727569555654055,1.0925076105707423,0.8709640667128694,False
2021-10-30 16:26:00,308.7,4.2,307.5,306.3,295.7,28.8,78.1,2.1,2.9,0.6,260.1,10.8,1000,0,0.0,41.8,44.2,,0.3576024138733848,-0.5130348946304583,1.2191535162278206,0.3311998299669911,0.3377954060883629,0.7697310061348521,0.7472821920795766,False
2021-10-30 16:27:00,305.1,7.6,302.5,301.3,290.8,28.8,76.5,2.4,3.4,0.6,251.4,11.8,1000,0,0.0,40.8,43.0,,0.3455419049522563,-0.4974851032110053,1.1876962681619505,0.3145828263385441,0.3208338622826691,1.0118134594617698,1.0564868786628083,False
2021-10-30 16:28:00,302.3,13.9,297.0,297.0,286.7,28.7,76.8,2.2,2.9,0.6,262.0,16.6,1000,0,0.0,40.1,42.0,,0.3361615091247117,-0.4686722544043718,1.1530932952894928,0.3002922032180797,0.3066415501187211,0.8504251572438248,0.7472821920795766,False
2021-10-30 16:29:00,307.9,44.7,289.0,304.2,293.8,28.6,77.9,1.7,2.4,0.5,273.5,14.8,1000,0,0.0,39.6,41.2,,0.3549223007798006,-0.327809438016386,1.1027616983841004,0.3242206884430433,0.3312184809392164,0.4469544016989616,0.4380775054963444,False
2021-10-30 16:30:00,381.7,229.8,280.1,380.9,369.3,28.7,78.2,1.9,2.6,0.5,259.3,12.3,1000,0,0.0,39.4,40.9,,0.6021627336629382,0.5187395007308925,1.0467677968268512,0.5791255241034198,0.5925647171289898,0.6083427039169068,0.5617593801296374,False
2021-10-30 16:31:00,381.1,247.9,271.5,378.0,366.7,28.7,77.7,1.7,2.6,0.6,260.9,11.9,1000,0,0.0,39.7,41.4,,0.6001526488427501,0.6015192726991568,0.9926613301535542,0.5694876619989206,0.5835647142933155,0.4469544016989616,0.5617593801296374,False
2021-10-30 16:32:00,292.0,61.5,264.1,283.2,273.4,28.8,77.5,2.3,3.4,0.6,276.3,11.6,1000,0,0.0,39.9,41.7,,0.3016550530448157,-0.2509751745320301,0.9461046030160662,0.254429273203566,0.2606030740746947,0.9311193083527972,1.0564868786628083,False
2021-10-30 16:33:00,259.5,7.4,256.4,252.9,243.1,28.8,77.6,2.2,3.4,0.6,250.0,5.7,1000,0,0.0,39.5,41.1,,0.1927754586179598,-0.4983997968239143,0.8976604409946256,0.1537302312151774,0.1557184256435671,0.8504251572438248,1.0564868786628083,False
2021-10-30 16:34:00,253.2,2.3,252.6,246.5,236.7,28.8,77.5,2.8,3.4,0.5,238.6,8.2,1000,0,0.0,39.0,40.3,,0.1716695680059846,-0.5217244839530938,0.8737529324645643,0.1324604665707653,0.1335645725095995,1.3345900638976602,1.0564868786628083,False
2021-10-30 16:35:00,251.5,2.2,251.1,244.9,235.2,28.7,77.7,2.5,3.4,0.5,241.9,6.1,1000,0,0.0,38.4,39.6,,0.1659743276821184,-0.5221818307595483,0.8643157580448032,0.1271430254096623,0.1283722631813259,1.0925076105707423,1.0564868786628083,False
2021-10-30 16:36:00,252.2,3.2,251.3,245.4,235.8,28.6,78.5,1.8,2.4,0.5,233.5,5.5,1000,0,0.0,37.9,38.9,,0.1683194266390044,-0.5176083626950032,0.8655740479674381,0.1288047257725069,0.1304491869126354,0.5276485528079343,0.4380775054963444,False
2021-10-30 16:37:00,255.8,4.3,254.4,249.1,239.3,28.7,79.2,2.1,3.1,0.6,258.3,16.0,1000,0,0.0,37.6,38.5,,0.1803799355601332,-0.5125775478240038,0.8850775417682777,0.1411013084575577,0.1425645753452739,0.7697310061348521,0.8709640667128694,False
2021-10-30 16:38:00,258.8,4.4,257.4,252.2,242.4,28.7,78.7,2.5,3.1,0.5,264.7,11.9,1000,0,0.0,37.2,38.0,,0.1904303596610737,-0.5121202010175493,0.9039518906077996,0.1514038507071948,0.1532953479570394,1.0925076105707423,0.8709640667128694,False
2021-10-30 16:39:00,259.4,3.0,258.6,252.9,243.3,28.6,79.1,2.5,3.4,0.5,253.6,8.1,1000,0,0.0,36.8,37.5,,0.1924404444812617,-0.5185230563079123,0.9115016301436089,0.1537302312151774,0.1564107335540037,1.0925076105707423,1.0564868786628083,False
2021-10-30 16:40:00,258.7,2.0,258.4,252.3,242.8,28.5,79.3,2.0,2.6,0.4,237.7,9.1,1000,0,0.0,36.5,37.1,,0.1900953455243756,-0.5230965243724572,0.9102433402209738,0.1517361907797638,0.1546799637779125,0.6890368550258795,0.5617593801296374,False
