Timestamp,GHI,DNI,DHI,ModA,ModB,Tamb,RH,WS,WSgust,WSstdev,WD,WDstdev,BP,Cleaning,Precipitation,TModA,TModB,Comments,GHI_z,DNI_z,DHI_z,ModA_z,ModB_z,WS_z,WSgust_z,is_outlier
2021-10-25 00:01:00,-1.3,0.0,0.0,0.0,0.0,24.8,94.5,0.9,1.1,0.4,227.6,1.1,977,0,0.0,24.7,24.4,,-0.7188589385296661,-0.6027273038385786,-0.7439556107840485,-0.7126099624431436,-0.7130419476222484,-1.0037104418202796,-1.1311652445514182,False
2021-10-25 00:02:00,-1.3,0.0,0.0,0.0,0.0,24.8,94.4,1.1,1.6,0.4,229.3,0.7,977,0,0.0,24.7,24.4,,-0.7188589385296661,-0.6027273038385786,-0.7439556107840485,-0.7126099624431436,-0.7130419476222484,-0.8669738513328608,-0.8655698458534103,False
2021-10-25 00:03:00,-1.3,0.0,0.0,0.0,0.0,24.8,94.4,1.2,1.4,0.3,228.5,2.9,977,0,0.0,24.7,24.4,,-0.7188589385296661,-0.6027273038385786,-0.7439556107840485,-0.7126099624431436,-0.7130419476222484,-0.7986055560891516,-0.9718080053326136,False
2021-10-25 00:04:00,-1.2,0.0,0.0,0.0,0.0,24.8,94.3,1.2,1.6,0.3,229.1,4.6,977,0,0.0,24.7,24.4,,-0.7185488918128635,-0.6027273038385786,-0.7439556107840485,-0.7126099624431436,-0.7130419476222484,-0.7986055560891516,-0.8655698458534103,False
2021-10-25 00:05:00,-1.2,0.0,0.0,0.0,0.0,24.8,94.0,1.3,1.6,0.4,227.5,1.6,977,0,0.0,24.7,24.4,,-0.7185488918128635,-0.6027273038385786,-0.7439556107840485,-0.7126099624431436,-0.7130419476222484,-0.7302372608454422,-0.8655698458534103,False
2021-10-25 00:06:00,-1.2,0.0,0.0,0.0,0.0,24.9,93.9,1.2,1.4,0.3,226.2,4.8,977,0,0.0,24.8,24.5,,-0.7185488918128635,-0.6027273038385786,-0.7439556107840485,-0.7126099624431436,-0.7130419476222484,-0.7986055560891516,-0.9718080053326136,False
2021-10-25 00:07:00,-1.1,0.0,0.0,0.0,0.0,24.9,93.8,1.2,1.4,0.3,226.4,0.9,977,0,0.0,24.8,24.5,,-0.7182388450960611,-0.6027273038385786,-0.7439556107840485,-0.7126099624431436,-0.7130419476222484,-0.7986055560891516,-0.9718080053326136,False
2021-10-25 00:08:00,-1.1,0.0,0.0,0.0,0.0,24.9,93.7,1.1,1.4,0.3,224.5,2.8,977,0,0.0,24.8,24.5,,-0.7182388450960611,-0.6027273038385786,-0.7439556107840485,-0.7126099624431436,-0.7130419476222484,-0.8669738513328608,-0.9718080053326136,False
2021-10-25 00:09:00,-1.1,0.0,0.0,0.0,0.0,24.9,93.6,1.0,1.4,0.3,225.6,4.1,977,0,0.0,24.8,24.5,,-0.7182388450960611,-0.6027273038385786,-0.7439556107840485,-0.7126099624431436,-0.7130419476222484,-0.93534214657657,-0.9718080053326136,False
2021-10-25 00:10:00,-1.1,0.0,0.0,0.0,0.0,24.9,93.4,0.9,1.4,0.4,231.5,0.9,977,0,0.0,24.8,24.5,,-0.7182388450960611,-0.6027273038385786,-0.7439556107840485,-0.7126099624431436,-0.7130419476222484,-1.0037104418202796,-0.9718080053326136,False
2021-10-25 00:11:00,-1.1,0.0,0.0,0.0,0.0,24.9,93.3,1.0,1.4,0.4,230.3,2.5,977,0,0.0,24.9,24.6,,-0.7182388450960611,-0.6027273038385786,-0.7439556107840485,-0.7126099624431436,-0.7130419476222484,-0.93534214657657,-0.9718080053326136,False
2021-10-25 00:12:00,-1.0,0.0,0.0,0.0,0.0,25.0,93.4,0.7,1.1,0.5,231.3,1.4,977,0,0.0,24.9,24.6,,-0.7179287983792586,-0.6027273038385786,-0.7439556107840485,-0.7126099624431436,-0.7130419476222484,-1.140447032307698,-1.1311652445514182,False
2021-10-25 00:13:00,-1.0,0.0,0.0,0.0,0.0,25.0,93.5,0.0,0.4,0.1,230.5,0.0,977,0,0.0,24.9,24.6,,-0.7179287983792586,-0.6027273038385786,-0.7439556107840485,-0.7126099624431436,-0.7130419476222484,-1.6190250990136632,-1.5029988027286294,False
2021-10-25 00:14:00,-1.0,0.0,0.0,0.0,0.0,25.0,93.7,0.0,0.4,0.2,230.5,0.0,977,0,0.0,24.9,24.6,,-0.7179287983792586,-0.6027273038385786,-0.7439556107840485,-0.7126099624431436,-0.7130419476222484,-1.6190250990136632,-1.5029988027286294,False
2021-10-25 00:15:00,-1.0,0.0,0.0,0.0,0.0,25.0,93.7,0.3,0.7,0.5,232.6,0.4,977,0,0.0,24.9,24.6,,-0.7179287983792586,-0.6027273038385786,-0.7439556107840485,-0.7126099624431436,-0.7130419476222484,-1.4139202132825353,-1.3436415635098244,False
2021-10-25 00:16:00,-1.0,0.0,0.0,0.0,0.0,25.0,94.0,0.2,0.7,0.4,229.1,1.5,977,0,0.0,24.9,24.6,,-0.7179287983792586,-0.6027273038385786,-0.7439556107840485,-0.7126099624431436,-0.7130419476222484,-1.4822885085262445,-1.3436415635098244,False
2021-10-25 00:17:00,-1.0,0.0,0.0,0.0,0.0,25.0,94.1,0.7,1.1,0.5,231.2,2.0,977,0,0.0,24.9,24.6,,-0.7179287983792586,-0.6027273038385786,-0.7439556107840485,-0.7126099624431436,-0.7130419476222484,-1.140447032307698,-1.1311652445514182,False
2021-10-25 00:18:00,-1.0,0.0,0.0,0.0,0.0,25.0,94.1,1.0,1.4,0.4,227.4,0.5,977,0,0.0,24.9,24.6,,-0.7179287983792586,-0.6027273038385786,-0.7439556107840485,-0.7126099624431436,-0.7130419476222484,-0.93534214657657,-0.9718080053326136,False
2021-10-25 00:19:00,-1.0,0.0,0.0,0.0,0.0,25.0,94.2,1.1,1.4,0.4,228.2,1.1,977,0,0.0,24.9,24.6,,-0.7179287983792586,-0.6027273038385786,-0.7439556107840485,-0.7126099624431436,-0.7130419476222484,-0.8669738513328608,-0.9718080053326136,False
2021-10-25 00:20:00,-1.0,0.0,0.0,0.0,0.0,25.0,94.4,1.2,1.6,0.3,225.4,4.3,977,0,0.0,25.0,24.7,,-0.7179287983792586,-0.6027273038385786,-0.7439556107840485,-0.7126099624431436,-0.7130419476222484,-0.7986055560891516,-0.8655698458534103,False
2021-10-25 00:21:00,-0.9,0.0,0.0,0.0,0.0,25.0,94.4,1.0,1.4,0.5,224.4,4.8,977,0,0.0,25.0,24.7,,-0.717618751662456,-0.6027273038385786,-0.7439556107840485,-0.7126099624431436,-0.7130419476222484,-0.93534214657657,-0.9718080053326136,False
2021-10-25 00:22:00,-0.9,0.0,0.0,0.0,0.0,25.0,94.5,0.8,1.1,0.5,220.2,3.3,977,0,0.0,25.1,24.7,,-0.717618751662456,-0.6027273038385786,-0.7439556107840485,-0.7126099624431436,-0.7130419476222484,-1.0720787370639886,-1.1311652445514182,False
2021-10-25 00:23:00,-0.9,0.0,0.0,0.0,0.0,25.0,94.6,0.7,1.1,0.5,221.1,3.9,977,0,0.0,25.1,24.8,,-0.717618751662456,-0.6027273038385786,-0.7439556107840485,-0.7126099624431436,-0.7130419476222484,-1.140447032307698,-1.1311652445514182,False
2021-10-25 00:24:00,-0.9,0.0,0.0,0.0,0.0,25.0,94.7,0.9,1.4,0.4,218.9,4.7,977,0,0.0,25.1,24.8,,-0.717618751662456,-0.6027273038385786,-0.7439556107840485,-0.7126099624431436,-0.7130419476222484,-1.0037104418202796,-0.9718080053326136,False
2021-10-25 00:25:00,-0.9,0.0,0.0,0.0,0.0,25.0,94.8,1.2,1.6,0.3,220.3,3.3,977,0,0.0,25.1,24.8,,-0.717618751662456,-0.6027273038385786,-0.7439556107840485,-0.7126099624431436,-0.7130419476222484,-0.7986055560891516,-0.8655698458534103,False
2021-10-25 00:26:00,-0.9,0.0,0.0,0.0,0.0,25.0,94.8,1.2,1.6,0.3,218.5,3.0,977,0,0.0,25.1,24.8,,-0.717618751662456,-0.6027273038385786,-0.7439556107840485,-0.7126099624431436,-0.7130419476222484,-0.7986055560891516,-0.8655698458534103,False
2021-10-25 00:27:00,-0.9,0.0,0.0,0.0,0.0,25.0,94.8,1.3,1.6,0.4,216.3,4.8,977,0,0.0,25.1,24.8,,-0.717618751662456,-0.6027273038385786,-0.7439556107840485,-0.7126099624431436,-0.7130419476222484,-0.7302372608454422,-0.8655698458534103,False
2021-10-25 00:28:00,-0.9,0.0,0.0,0.0,0.0,25.0,94.9,1.4,1.6,0.4,216.4,5.3,977,0,0.0,25.1,24.8,,-0.717618751662456,-0.6027273038385786,-0.7439556107840485,-0.7126099624431436,-0.7130419476222484,-0.661868965601733,-0.8655698458534103,False
2021-10-25 00:29:00,-0.9,0.0,0.0,0.0,0.0,25.0,94.9,1.3,1.6,0.4,214.1,5.8,977,0,0.0,25.1,24.8,,-0.717618751662456,-0.6027273038385786,-0.7439556107840485,-0.7126099624431436,-0.7130419476222484,-0.7302372608454422,-0.8655698458534103,False
2021-10-25 00:30:00,-0.9,0.0,0.0,0.0,0.0,25.0,94.9,1.4,1.6,0.4,217.4,4.8,977,0,0.0,25.1,24.8,,-0.717618751662456,-0.6027273038385786,-0.7439556107840485,-0.7126099624431436,-0.7130419476222484,-0.661868965601733,-0.8655698458534103,False
2021-10-25 00:31:00,-0.9,0.0,0.0,0.0,0.0,25.0,95.0,1.4,1.9,0.4,217.7,6.0,977,0,0.0,25.2,24.9,,-0.717618751662456,-0.6027273038385786,-0.7439556107840485,-0.7126099624431436,-0.7130419476222484,-0.661868965601733,-0.7062126066346057,False
2021-10-25 00:32:00,-0.9,0.0,0.0,0.0,0.0,25.0,95.0,1.5,1.9,0.4,217.1,4.6,977,0,0.0,25.2,24.9,,-0.717618751662456,-0.6027273038385786,-0.7439556107840485,-0.7126099624431436,-0.7130419476222484,-0.5935006703580237,-0.7062126066346057,False
2021-10-25 00:33:00,-0.9,0.0,0.0,0.0,0.0,25.1,95.1,1.3,1.9,0.4,217.0,4.1,977,0,0.0,25.2,24.9,,-0.717618751662456,-0.6027273038385786,-0.7439556107840485,-0.7126099624431436,-0.7130419476222484,-0.7302372608454422,-0.7062126066346057,False
2021-10-25 00:34:00,-0.9,0.0,0.0,0.0,0.0,25.1,95.3,1.6,2.1,0.4,219.2,8.4,977,0,0.0,25.2,24.9,,-0.717618751662456,-0.6027273038385786,-0.7439556107840485,-0.7126099624431436,-0.7130419476222484,-0.5251323751143143,-0.5999744471554024,False
2021-10-25 00:35:00,-0.9,0.0,0.0,0.0,0.0,25.1,95.3,1.7,1.9,0.3,219.8,3.9,977,0,0.0,25.2,24.9,,-0.717618751662456,-0.6027273038385786,-0.7439556107840485,-0.7126099624431436,-0.7130419476222484,-0.4567640798706051,-0.7062126066346057,False
2021-10-25 00:36:00,-0.9,0.0,0.0,0.0,0.0,25.1,95.1,1.6,1.9,0.4,221.3,4.9,977,0,0.0,25.2,24.9,,-0.717618751662456,-0.6027273038385786,-0.7439556107840485,-0.7126099624431436,-0.7130419476222484,-0.5251323751143143,-0.7062126066346057,False
2021-10-25 00:37:00,-0.9,0.0,0.0,0.0,0.0,25.1,95.1,1.5,1.9,0.4,223.5,5.9,977,0,0.0,25.2,24.9,,-0.717618751662456,-0.6027273038385786,-0.7439556107840485,-0.7126099624431436,-0.7130419476222484,-0.5935006703580237,-0.7062126066346057,False
2021-10-25 00:38:00,-0.9,0.0,0.0,0.0,0.0,25.1,95.1,1.6,1.9,0.4,220.0,5.8,977,0,0.0,25.2,24.9,,-0.717618751662456,-0.6027273038385786,-0.7439556107840485,-0.7126099624431436,-0.7130419476222484,-0.5251323751143143,-0.7062126066346057,False
2021-10-25 00:39:00,-0.9,0.0,0.0,0.0,0.0,25.1,95.0,2.0,2.4,0.4,223.3,4.9,977,0,0.0,25.2,25.0,,-0.717618751662456,-0.6027273038385786,-0.7439556107840485,-0.7126099624431436,-0.7130419476222484,-0.2516591941394772,-0.4406172079365978,False
2021-10-25 00:40:00,-0.9,0.0,0.0,0.0,0.0,25.1,94.8,1.6,1.9,0.4,224.2,2.2,977,0,0.0,25.2,25.0,,-0.717618751662456,-0.6027273038385786,-0.7439556107840485,-0.7126099624431436,-0.7130419476222484,-0.5251323751143143,-0.7062126066346057,False
2021-10-25 00:41:00,-0.9,0.0,0.0,0.0,0.0,25.1,94.8,1.5,1.9,0.4,222.9,6.6,977,0,0.0,25.2,24.9,,-0.717618751662456,-0.6027273038385786,-0.7439556107840485,-0.7126099624431436,-0.7130419476222484,-0.5935006703580237,-0.7062126066346057,False
2021-10-25 00:42:00,-1.0,0.0,0.0,0.0,0.0,25.1,94.7,0.7,1.1,0.5,230.5,3.5,977,0,0.0,25.2,24.9,,-0.7179287983792586,-0.6027273038385786,-0.7439556107840485,-0.7126099624431436,-0.7130419476222484,-1.140447032307698,-1.1311652445514182,False
2021-10-25 00:43:00,-1.0,0.0,0.0,0.0,0.0,25.1,95.0,1.0,1.4,0.5,234.4,4.3,977,0,0.0,25.2,24.9,,-0.7179287983792586,-0.6027273038385786,-0.7439556107840485,-0.7126099624431436,-0.7130419476222484,-0.93534214657657,-0.9718080053326136,False
2021-10-25 00:44:00,-1.0,0.0,0.0,0.0,0.0,25.1,95.1,1.2,1.6,0.4,228.6,9.5,977,0,0.0,25.2,24.9,,-0.7179287983792586,-0.6027273038385786,-0.7439556107840485,-0.7126099624431436,-0.7130419476222484,-0.7986055560891516,-0.8655698458534103,False
2021-10-25 00:45:00,-1.0,0.0,0.0,0.0,0.0,25.1,95.2,1.3,1.6,0.3,232.0,5.9,977,0,0.0,25.2,24.9,,-0.7179287983792586,-0.6027273038385786,-0.7439556107840485,-0.7126099624431436,-0.7130419476222484,-0.7302372608454422,-0.8655698458534103,False
2021-10-25 00:46:00,-1.0,0.0,0.0,0.0,0.0,25.1,95.1,1.4,1.9,0.4,226.0,7.2,977,0,0.0,25.2,24.9,,-0.7179287983792586,-0.6027273038385786,-0.7439556107840485,-0.7126099624431436,-0.7130419476222484,-0.661868965601733,-0.7062126066346057,False
2021-10-25 00:47:00,-1.0,0.0,0.0,0.0,0.0,25.1,94.9,1.5,1.9,0.4,226.9,7.6,977,0,0.0,25.2,24.9,,-0.7179287983792586,-0.6027273038385786,-0.7439556107840485,-0.7126099624431436,-0.7130419476222484,-0.5935006703580237,-0.7062126066346057,False
2021-10-25 00:48:00,-1.0,0.0,0.0,0.0,0.0,25.1,94.9,1.2,1.6,0.3,226.8,4.5,977,0,0.0,25.2,24.9,,-0.7179287983792586,-0.6027273038385786,-0.7439556107840485,-0.7126099624431436,-0.7130419476222484,-0.7986055560891516,-0.8655698458534103,False
2021-10-25 00:49:00,-1.0,0.0,0.0,0.0,0.0,25.1,94.9,1.0,1.6,0.4,228.1,1.3,977,0,0.0,25.2,24.9,,-0.7179287983792586,-0.6027273038385786,-0.7439556107840485,-0.7126099624431436,-0.7130419476222484,-0.93534214657657,-0.8655698458534103,False
2021-10-25 00:50:00,-1.0,0.0,0.0,0.0,0.0,25.1,94.8,1.1,1.6,0.5,227.7,4.2,977,0,0.0,25.2,24.9,,-0.7179287983792586,-0.6027273038385786,-0.7439556107840485,-0.7126099624431436,-0.7130419476222484,-0.8669738513328608,-0.8655698458534103,False
2021-10-25 00:51:00,-1.0,0.0,0.0,0.0,0.0,25.1,94.8,1.3,1.6,0.3,228.6,4.6,977,0,0.0,25.2,24.9,,-0.7179287983792586,-0.6027273038385786,-0.7439556107840485,-0.7126099624431436,-0.7130419476222484,-0.7302372608454422,-0.8655698458534103,False
2021-10-25 00:52:00,-1.0,0.0,0.0,0.0,0.0,25.1,94.5,1.2,1.6,0.3,226.8,2.7,977,0,0.0,25.2,24.9,,-0.7179287983792586,-0.6027273038385786,-0.7439556107840485,-0.7126099624431436,-0.7130419476222484,-0.7986055560891516,-0.8655698458534103,False
2021-10-25 00:53:00,-1.0,0.0,0.0,0.0,0.0,25.1,94.2,1.3,1.9,0.4,229.6,4.4,977,0,0.0,25.2,24.9,,-0.7179287983792586,-0.6027273038385786,-0.7439556107840485,-0.7126099624431436,-0.7130419476222484,-0.7302372608454422,-0.7062126066346057,False
2021-10-25 00:54:00,-1.0,0.0,0.0,0.0,0.0,25.1,94.2,0.9,1.4,0.5,227.4,1.2,977,0,0.0,25.2,24.9,,-0.7179287983792586,-0.6027273038385786,-0.7439556107840485,-0.7126099624431436,-0.7130419476222484,-1.0037104418202796,-0.9718080053326136,False
2021-10-25 00:55:00,-1.0,0.0,0.0,0.0,0.0,25.1,94.1,1.2,1.9,0.4,225.0,4.1,977,0,0.0,25.1,24.9,,-0.7179287983792586,-0.6027273038385786,-0.7439556107840485,-0.7126099624431436,-0.7130419476222484,-0.7986055560891516,-0.7062126066346057,False
2021-10-25 00:56:00,-1.0,0.0,0.0,0.0,0.0,25.1,93.9,1.2,1.6,0.4,219.6,1.9,977,0,0.0,25.1,24.8,,-0.7179287983792586,-0.6027273038385786,-0.7439556107840485,-0.7126099624431436,-0.7130419476222484,-0.7986055560891516,-0.8655698458534103,False
2021-10-25 00:57:00,-1.0,0.0,0.0,0.0,0.0,25.1,93.7,1.1,1.4,0.2,217.6,3.4,977,0,0.0,25.1,24.8,,-0.7179287983792586,-0.6027273038385786,-0.7439556107840485,-0.7126099624431436,-0.7130419476222484,-0.8669738513328608,-0.9718080053326136,False
2021-10-25 00:58:00,-1.0,0.0,0.0,0.0,0.0,25.1,93.8,1.1,1.4,0.4,217.8,1.6,977,0,0.0,25.1,24.8,,-0.7179287983792586,-0.6027273038385786,-0.7439556107840485,-0.7126099624431436,-0.7130419476222484,-0.8669738513328608,-0.9718080053326136,False
2021-10-25 00:59:00,-1.0,0.0,0.0,0.0,0.0,25.1,93.9,0.7,1.1,0.5,217.1,0.6,977,0,0.0,25.1,24.8,,-0.7179287983792586,-0.6027273038385786,-0.7439556107840485,-0.7126099624431436,-0.7130419476222484,-1.140447032307698,-1.1311652445514182,False
2021-10-25 01:00:00,-1.0,0.0,0.0,0.0,0.0,25.1,93.9,0.9,1.1,0.4,217.9,0.5,977,0,0.0,25.1,24.8,,-0.7179287983792586,-0.6027273038385786,-0.7439556107840485,-0.7126099624431436,-0.7130419476222484,-1.0037104418202796,-1.1311652445514182,False
2021-10-25 01:01:00,-1.1,0.0,0.0,0.0,0.0,25.1,93.6,0.9,1.1,0.5,218.8,0.2,977,0,0.0,25.1,24.8,,-0.7182388450960611,-0.6027273038385786,-0.7439556107840485,-0.7126099624431436,-0.7130419476222484,-1.0037104418202796,-1.1311652445514182,False
2021-10-25 01:02:00,-1.1,0.0,0.0,0.0,0.0,25.1,93.7,0.2,0.7,0.5,220.2,0.6,977,0,0.0,25.1,24.8,,-0.7182388450960611,-0.6027273038385786,-0.7439556107840485,-0.7126099624431436,-0.7130419476222484,-1.4822885085262445,-1.3436415635098244,False
2021-10-25 01:03:00,-1.1,0.0,0.0,0.0,0.0,25.1,93.7,0.2,0.7,0.4,222.0,0.0,977,0,0.0,25.1,24.8,,-0.7182388450960611,-0.6027273038385786,-0.7439556107840485,-0.7126099624431436,-0.7130419476222484,-1.4822885085262445,-1.3436415635098244,False
2021-10-25 01:04:00,-1.1,0.0,0.0,0.0,0.0,25.2,93.9,0.0,0.0,0.0,0.0,0.0,977,0,0.0,25.1,24.8,,-0.7182388450960611,-0.6027273038385786,-0.7439556107840485,-0.7126099624431436,-0.7130419476222484,-1.6190250990136632,-1.7154751216870356,False
2021-10-25 01:05:00,-1.1,0.0,0.0,0.0,0.0,25.1,93.8,0.0,0.0,0.0,0.0,0.0,977,0,0.0,25.0,24.7,,-0.7182388450960611,-0.6027273038385786,-0.7439556107840485,-0.7126099624431436,-0.7130419476222484,-1.6190250990136632,-1.7154751216870356,False
2021-10-25 01:06:00,-1.1,0.0,0.0,0.0,0.0,25.1,93.9,0.0,0.0,0.0,0.0,0.0,977,0,0.0,25.0,24.7,,-0.7182388450960611,-0.6027273038385786,-0.7439556107840485,-0.7126099624431436,-0.7130419476222484,-1.6190250990136632,-1.7154751216870356,False
2021-10-25 01:07:00,-1.1,0.0,0.0,0.0,0.0,25.1,94.0,0.0,0.0,0.0,0.0,0.0,977,0,0.0,25.0,24.7,,-0.7182388450960611,-0.6027273038385786,-0.7439556107840485,-0.7126099624431436,-0.7130419476222484,-1.6190250990136632,-1.7154751216870356,False
2021-10-25 01:08:00,-1.2,0.0,0.0,0.0,0.0,25.1,94.1,0.0,0.0,0.0,0.0,0.0,977,0,0.0,24.9,24.7,,-0.7185488918128635,-0.6027273038385786,-0.7439556107840485,-0.7126099624431436,-0.7130419476222484,-1.6190250990136632,-1.7154751216870356,False
2021-10-25 01:09:00,-1.2,0.0,0.0,0.0,0.0,25.1,94.1,0.0,0.0,0.0,0.0,0.0,977,0,0.0,24.9,24.7,,-0.7185488918128635,-0.6027273038385786,-0.7439556107840485,-0.7126099624431436,-0.7130419476222484,-1.6190250990136632,-1.7154751216870356,False
2021-10-25 01:10:00,-1.2,0.0,0.0,0.0,0.0,25.1,93.8,0.0,0.0,0.0,0.0,0.0,977,0,0.0,24.9,24.7,,-0.7185488918128635,-0.6027273038385786,-0.7439556107840485,-0.7126099624431436,-0.7130419476222484,-1.6190250990136632,-1.7154751216870356,False
2021-10-25 01:11:00,-1.2,0.0,0.0,0.0,0.0,25.2,93.8,0.0,0.0,0.0,0.0,0.0,977,0,0.0,24.9,24.7,,-0.7185488918128635,-0.6027273038385786,-0.7439556107840485,-0.7126099624431436,-0.7130419476222484,-1.6190250990136632,-1.7154751216870356,False
2021-10-25 01:12:00,-1.2,0.0,0.0,0.0,0.0,25.2,94.0,0.0,0.0,0.0,0.0,0.0,977,0,0.0,24.9,24.7,,-0.7185488918128635,-0.6027273038385786,-0.7439556107840485,-0.7126099624431436,-0.7130419476222484,-1.6190250990136632,-1.7154751216870356,False
2021-10-25 01:13:00,-1.2,0.0,0.0,0.0,0.0,25.2,94.3,0.0,0.0,0.0,0.0,0.0,977,0,0.0,25.0,24.7,,-0.7185488918128635,-0.6027273038385786,-0.7439556107840485,-0.7126099624431436,-0.7130419476222484,-1.6190250990136632,-1.7154751216870356,False
2021-10-25 01:14:00,-1.2,0.0,0.0,0.0,0.0,25.2,94.3,0.0,0.0,0.0,0.0,0.0,977,0,0.0,25.0,24.8,,-0.7185488918128635,-0.6027273038385786,-0.7439556107840485,-0.7126099624431436,-0.7130419476222484,-1.6190250990136632,-1.7154751216870356,False
2021-10-25 01:15:00,-1.1,0.0,0.0,0.0,0.0,25.3,94.3,0.0,0.0,0.0,0.0,0.0,977,0,0.0,25.0,24.8,,-0.7182388450960611,-0.6027273038385786,-0.7439556107840485,-0.7126099624431436,-0.7130419476222484,-1.6190250990136632,-1.7154751216870356,False
2021-10-25 01:16:00,-1.1,0.0,0.0,0.0,0.0,25.3,94.3,0.0,0.0,0.0,0.0,0.0,977,0,0.0,25.0,24.8,,-0.7182388450960611,-0.6027273038385786,-0.7439556107840485,-0.7126099624431436,-0.7130419476222484,-1.6190250990136632,-1.7154751216870356,False
2021-10-25 01:17:00,-1.1,0.0,0.0,0.0,0.0,25.3,94.4,0.0,0.0,0.0,0.0,0.0,977,0,0.0,25.0,24.8,,-0.7182388450960611,-0.6027273038385786,-0.7439556107840485,-0.7126099624431436,-0.7130419476222484,-1.6190250990136632,-1.7154751216870356,False
2021-10-25 01:18:00,-1.1,0.0,0.0,0.0,0.0,25.2,94.5,0.0,0.0,0.0,0.0,0.0,977,0,0.0,25.0,24.9,,-0.7182388450960611,-0.6027273038385786,-0.7439556107840485,-0.7126099624431436,-0.7130419476222484,-1.6190250990136632,-1.7154751216870356,False
2021-10-25 01:19:00,-1.1,0.0,0.0,0.0,0.0,25.2,94.3,0.0,0.0,0.0,0.0,0.0,977,0,0.0,25.0,24.9,,-0.7182388450960611,-0.6027273038385786,-0.7439556107840485,-0.7126099624431436,-0.7130419476222484,-1.6190250990136632,-1.7154751216870356,False
2021-10-25 01:20:00,-1.1,0.0,0.0,0.0,0.0,25.2,94.1,0.0,0.0,0.0,0.0,0.0,977,0,0.0,25.0,24.9,,-0.7182388450960611,-0.6027273038385786,-0.7439556107840485,-0.7126099624431436,-0.7130419476222484,-1.6190250990136632,-1.7154751216870356,False
2021-10-25 01:21:00,-1.1,0.0,0.0,0.0,0.0,25.2,94.2,0.0,0.0,0.0,0.0,0.0,977,0,0.0,25.0,24.9,,-0.7182388450960611,-0.6027273038385786,-0.7439556107840485,-0.7126099624431436,-0.7130419476222484,-1.6190250990136632,-1.7154751216870356,False
2021-10-25 01:22:00,-1.1,0.0,0.0,0.0,0.0,25.2,94.4,0.0,0.0,0.0,0.0,0.0,977,0,0.0,25.0,24.9,,-0.7182388450960611,-0.6027273038385786,-0.7439556107840485,-0.7126099624431436,-0.7130419476222484,-1.6190250990136632,-1.7154751216870356,False
2021-10-25 01:23:00,-1.1,0.0,0.0,0.0,0.0,25.2,94.8,0.0,0.0,0.0,0.0,0.0,977,0,0.0,25.0,24.9,,-0.7182388450960611,-0.6027273038385786,-0.7439556107840485,-0.7126099624431436,-0.7130419476222484,-1.6190250990136632,-1.7154751216870356,False
2021-10-25 01:24:00,-1.0,0.0,0.0,0.0,0.0,25.2,95.0,0.2,1.1,0.5,1.4,0.1,977,0,0.0,25.0,24.9,,-0.7179287983792586,-0.6027273038385786,-0.7439556107840485,-0.7126099624431436,-0.7130419476222484,-1.4822885085262445,-1.1311652445514182,False
2021-10-25 01:25:00,-1.0,0.0,0.0,0.0,0.0,25.2,95.0,0.7,0.7,0.5,4.4,0.1,977,0,0.0,25.1,25.0,,-0.7179287983792586,-0.6027273038385786,-0.7439556107840485,-0.7126099624431436,-0.7130419476222484,-1.140447032307698,-1.3436415635098244,False
2021-10-25 01:26:00,-1.0,0.0,0.0,0.0,0.0,25.2,95.1,0.0,0.7,0.2,4.5,0.0,977,0,0.0,25.1,25.0,,-0.7179287983792586,-0.6027273038385786,-0.7439556107840485,-0.7126099624431436,-0.7130419476222484,-1.6190250990136632,-1.3436415635098244,False
2021-10-25 01:27:00,-1.0,0.0,0.0,0.0,0.0,25.2,95.2,0.0,0.0,0.0,0.0,0.0,977,0,0.0,25.1,25.0,,-0.7179287983792586,-0.6027273038385786,-0.7439556107840485,-0.7126099624431436,-0.7130419476222484,-1.6190250990136632,-1.7154751216870356,False
2021-10-25 01:28:00,-1.0,0.0,0.0,0.0,0.0,25.2,95.3,0.0,0.0,0.0,0.0,0.0,977,0,0.0,25.1,25.0,,-0.7179287983792586,-0.6027273038385786,-0.7439556107840485,-0.7126099624431436,-0.7130419476222484,-1.6190250990136632,-1.7154751216870356,False
2021-10-25 01:29:00,-1.0,0.0,0.0,0.0,0.0,25.2,95.5,0.0,0.0,0.0,0.0,0.0,977,0,0.0,25.1,25.0,,-0.7179287983792586,-0.6027273038385786,-0.7439556107840485,-0.7126099624431436,-0.7130419476222484,-1.6190250990136632,-1.7154751216870356,False
2021-10-25 01:30:00,-1.1,0.0,0.0,0.0,0.0,25.1,95.5,0.0,0.0,0.0,0.0,0.0,977,0,0.0,25.1,25.0,,-0.7182388450960611,-0.6027273038385786,-0.7439556107840485,-0.7126099624431436,-0.7130419476222484,-1.6190250990136632,-1.7154751216870356,False
2021-10-25 01:31:00,-1.1,0.0,0.0,0.0,0.0,25.1,95.6,0.0,0.0,0.0,0.0,0.0,977,0,0.0,25.1,24.9,,-0.7182388450960611,-0.6027273038385786,-0.7439556107840485,-0.7126099624431436,-0.7130419476222484,-1.6190250990136632,-1.7154751216870356,False
2021-10-25 01:32:00,-1.1,0.0,0.0,0.0,0.0,25.1,95.8,0.0,0.0,0.0,0.0,0.0,977,0,0.0,25.1,24.9,,-0.7182388450960611,-0.6027273038385786,-0.7439556107840485,-0.7126099624431436,-0.7130419476222484,-1.6190250990136632,-1.7154751216870356,False
2021-10-25 01:33:00,-1.1,0.0,0.0,0.0,0.0,25.1,95.7,0.0,0.0,0.0,0.0,0.0,977,0,0.0,25.1,24.9,,-0.7182388450960611,-0.6027273038385786,-0.7439556107840485,-0.7126099624431436,-0.7130419476222484,-1.6190250990136632,-1.7154751216870356,False
2021-10-25 01:34:00,-1.1,0.0,0.0,0.0,0.0,25.1,95.7,0.0,0.0,0.0,0.0,0.0,977,0,0.0,25.0,24.9,,-0.7182388450960611,-0.6027273038385786,-0.7439556107840485,-0.7126099624431436,-0.7130419476222484,-1.6190250990136632,-1.7154751216870356,False
2021-10-25 01:35:00,-1.1,0.0,0.0,0.0,0.0,25.1,95.6,0.0,0.0,0.0,0.0,0.0,977,0,0.0,25.0,24.9,,-0.7182388450960611,-0.6027273038385786,-0.7439556107840485,-0.7126099624431436,-0.7130419476222484,-1.6190250990136632,-1.7154751216870356,False
2021-10-25 01:36:00,-1.1,0.0,0.0,0.0,0.0,25.1,95.4,0.0,0.0,0.0,0.0,0.0,977,0,0.0,25.0,24.8,,-0.7182388450960611,-0.6027273038385786,-0.7439556107840485,-0.7126099624431436,-0.7130419476222484,-1.6190250990136632,-1.7154751216870356,False
2021-10-25 01:37:00,-1.1,0.0,0.0,0.0,0.0,25.1,95.6,0.0,0.0,0.0,0.0,0.0,977,0,0.0,25.0,24.8,,-0.7182388450960611,-0.6027273038385786,-0.7439556107840485,-0.7126099624431436,-0.7130419476222484,-1.6190250990136632,-1.7154751216870356,False
2021-10-25 01:38:00,-1.1,0.0,0.0,0.0,0.0,25.1,95.8,0.0,0.0,0.0,0.0,0.0,976,0,0.0,25.1,24.8,,-0.7182388450960611,-0.6027273038385786,-0.7439556107840485,-0.7126099624431436,-0.7130419476222484,-1.6190250990136632,-1.7154751216870356,False
2021-10-25 01:39:00,-1.0,0.0,0.0,0.0,0.0,25.1,95.9,0.0,0.0,0.0,0.0,0.0,976,0,0.0,25.1,24.8,,-0.7179287983792586,-0.6027273038385786,-0.7439556107840485,-0.7126099624431436,-0.7130419476222484,-1.6190250990136632,-1.7154751216870356,False
2021-10-25 01:40:00,-1.0,0.0,0.0,0.0,0.0,25.1,95.5,0.7,1.1,0.5,235.7,1.7,976,0,0.0,25.1,24.8,,-0.7179287983792586,-0.6027273038385786,-0.7439556107840485,-0.7126099624431436,-0.7130419476222484,-1.140447032307698,-1.1311652445514182,False
2021-10-25 01:41:00,-1.0,0.0,0.0,0.0,0.0,25.1,95.2,0.9,1.1,0.4,233.7,0.0,976,0,0.0,25.1,24.9,,-0.7179287983792586,-0.6027273038385786,-0.7439556107840485,-0.7126099624431436,-0.7130419476222484,-1.0037104418202796,-1.1311652445514182,False
2021-10-25 01:42:00,-1.0,0.0,0.0,0.0,0.0,25.1,95.2,1.0,1.1,0.4,233.8,0.0,976,0,0.0,25.1,24.9,,-0.7179287983792586,-0.6027273038385786,-0.7439556107840485,-0.7126099624431436,-0.7130419476222484,-0.93534214657657,-1.1311652445514182,False
2021-10-25 01:43:00,-1.0,0.0,0.0,0.0,0.0,25.1,95.1,1.1,1.4,0.2,233.8,0.0,976,0,0.0,25.2,24.9,,-0.7179287983792586,-0.6027273038385786,-0.7439556107840485,-0.7126099624431436,-0.7130419476222484,-0.8669738513328608,-0.9718080053326136,False
2021-10-25 01:44:00,-1.0,0.0,0.0,0.0,0.0,25.2,94.8,1.1,1.4,0.3,234.0,0.1,976,0,0.0,25.2,24.9,,-0.7179287983792586,-0.6027273038385786,-0.7439556107840485,-0.7126099624431436,-0.7130419476222484,-0.8669738513328608,-0.9718080053326136,False
2021-10-25 01:45:00,-1.0,0.0,0.0,0.0,0.0,25.2,94.5,1.0,1.4,0.3,234.1,0.0,976,0,0.0,25.2,24.9,,-0.7179287983792586,-0.6027273038385786,-0.7439556107840485,-0.7126099624431436,-0.7130419476222484,-0.93534214657657,-0.9718080053326136,False
2021-10-25 01:46:00,-1.0,0.0,0.0,0.0,0.0,25.2,94.4,1.2,1.4,0.3,234.2,0.1,976,0,0.0,25.2,24.9,,-0.7179287983792586,-0.6027273038385786,-0.7439556107840485,-0.7126099624431436,-0.7130419476222484,-0.7986055560891516,-0.9718080053326136,False
2021-10-25 01:47:00,-1.0,0.0,0.0,0.0,0.0,25.2,94.5,1.2,1.4,0.2,235.7,0.2,976,0,0.0,25.2,24.9,,-0.7179287983792586,-0.6027273038385786,-0.7439556107840485,-0.7126099624431436,-0.7130419476222484,-0.7986055560891516,-0.9718080053326136,False
2021-10-25 01:48:00,-1.0,0.0,0.0,0.0,0.0,25.2,94.6,1.0,1.4,0.3,234.4,0.3,976,0,0.0,25.2,24.9,,-0.7179287983792586,-0.6027273038385786,-0.7439556107840485,-0.7126099624431436,-0.7130419476222484,-0.93534214657657,-0.9718080053326136,False
2021-10-25 01:49:00,-1.0,0.0,0.0,0.0,0.0,25.2,94.8,0.9,1.1,0.5,236.4,0.4,976,0,0.0,25.2,24.9,,-0.7179287983792586,-0.6027273038385786,-0.7439556107840485,-0.7126099624431436,-0.7130419476222484,-1.0037104418202796,-1.1311652445514182,False
2021-10-25 01:50:00,-1.0,0.0,0.0,0.0,0.0,25.2,94.9,0.9,1.1,0.4,232.6,1.0,976,0,0.0,25.1,24.9,,-0.7179287983792586,-0.6027273038385786,-0.7439556107840485,-0.7126099624431436,-0.7130419476222484,-1.0037104418202796,-1.1311652445514182,False
2021-10-25 01:51:00,-1.0,0.0,0.0,0.0,0.0,25.2,94.9,0.9,1.1,0.4,233.6,2.2,976,0,0.0,25.1,24.8,,-0.7179287983792586,-0.6027273038385786,-0.7439556107840485,-0.7126099624431436,-0.7130419476222484,-1.0037104418202796,-1.1311652445514182,False
2021-10-25 01:52:00,-1.0,0.0,0.0,0.0,0.0,25.2,94.8,0.6,1.1,0.5,231.8,0.1,976,0,0.0,25.1,24.8,,-0.7179287983792586,-0.6027273038385786,-0.7439556107840485,-0.7126099624431436,-0.7130419476222484,-1.2088153275514073,-1.1311652445514182,False
2021-10-25 01:53:00,-1.0,0.0,0.0,0.0,0.0,25.2,94.8,0.3,0.7,0.5,235.1,0.5,976,0,0.0,25.1,24.8,,-0.7179287983792586,-0.6027273038385786,-0.7439556107840485,-0.7126099624431436,-0.7130419476222484,-1.4139202132825353,-1.3436415635098244,False
2021-10-25 01:54:00,-1.0,0.0,0.0,0.0,0.0,25.2,94.8,0.6,0.7,0.6,236.2,0.0,976,0,0.0,25.1,24.8,,-0.7179287983792586,-0.6027273038385786,-0.7439556107840485,-0.7126099624431436,-0.7130419476222484,-1.2088153275514073,-1.3436415635098244,False
2021-10-25 01:55:00,-1.0,0.0,0.0,0.0,0.0,25.2,94.9,0.0,0.4,0.1,236.2,0.0,976,0,0.0,25.1,24.8,,-0.7179287983792586,-0.6027273038385786,-0.7439556107840485,-0.7126099624431436,-0.7130419476222484,-1.6190250990136632,-1.5029988027286294,False
2021-10-25 01:56:00,-1.0,0.0,0.0,0.0,0.0,25.2,95.0,0.0,0.0,0.0,0.0,0.0,976,0,0.0,25.1,24.8,,-0.7179287983792586,-0.6027273038385786,-0.7439556107840485,-0.7126099624431436,-0.7130419476222484,-1.6190250990136632,-1.7154751216870356,False
2021-10-25 01:57:00,-1.1,0.0,0.0,0.0,0.0,25.2,94.9,0.0,0.0,0.0,0.0,0.0,976,0,0.0,25.1,24.8,,-0.7182388450960611,-0.6027273038385786,-0.7439556107840485,-0.7126099624431436,-0.7130419476222484,-1.6190250990136632,-1.7154751216870356,False
2021-10-25 01:58:00,-1.1,0.0,0.0,0.0,0.0,25.2,95.0,0.0,0.0,0.0,0.0,0.0,976,0,0.0,25.0,24.8,,-0.7182388450960611,-0.6027273038385786,-0.7439556107840485,-0.7126099624431436,-0.7130419476222484,-1.6190250990136632,-1.7154751216870356,False
2021-10-25 01:59:00,-1.1,0.0,0.0,0.0,0.0,25.2,95.4,0.0,0.0,0.0,0.0,0.0,976,0,0.0,25.0,24.8,,-0.7182388450960611,-0.6027273038385786,-0.7439556107840485,-0.7126099624431436,-0.7130419476222484,-1.6190250990136632,-1.7154751216870356,False
2021-10-25 02:00:00,-1.1,0.0,0.0,0.0,0.0,25.2,95.1,0.0,0.0,0.0,0.0,0.0,976,0,0.0,25.0,24.8,,-0.7182388450960611,-0.6027273038385786,-0.7439556107840485,-0.7126099624431436,-0.7130419476222484,-1.6190250990136632,-1.7154751216870356,False
2021-10-25 02:01:00,-1.1,0.0,0.0,0.0,0.0,25.2,94.7,0.0,0.0,0.0,0.0,0.0,976,0,0.0,25.0,24.8,,-0.7182388450960611,-0.6027273038385786,-0.7439556107840485,-0.7126099624431436,-0.7130419476222484,-1.6190250990136632,-1.7154751216870356,False
2021-10-25 02:02:00,-1.1,0.0,0.0,0.0,0.0,25.3,94.4,0.0,0.0,0.0,0.0,0.0,976,0,0.0,25.0,24.8,,-0.7182388450960611,-0.6027273038385786,-0.7439556107840485,-0.7126099624431436,-0.7130419476222484,-1.6190250990136632,-1.7154751216870356,False
2021-10-25 02:03:00,-1.1,0.0,0.0,0.0,0.0,25.3,94.5,0.0,0.0,0.0,0.0,0.0,976,0,0.0,25.0,24.8,,-0.7182388450960611,-0.6027273038385786,-0.7439556107840485,-0.7126099624431436,-0.7130419476222484,-1.6190250990136632,-1.7154751216870356,False
2021-10-25 02:04:00,-1.1,0.0,0.0,0.0,0.0,25.3,94.4,0.0,0.0,0.0,0.0,0.0,976,0,0.0,25.1,24.8,,-0.7182388450960611,-0.6027273038385786,-0.7439556107840485,-0.7126099624431436,-0.7130419476222484,-1.6190250990136632,-1.7154751216870356,False
2021-10-25 02:05:00,-1.1,0.0,0.0,0.0,0.0,25.3,94.3,0.0,0.0,0.0,0.0,0.0,976,0,0.0,25.1,24.8,,-0.7182388450960611,-0.6027273038385786,-0.7439556107840485,-0.7126099624431436,-0.7130419476222484,-1.6190250990136632,-1.7154751216870356,False
2021-10-25 02:06:00,-1.1,0.0,0.0,0.0,0.0,25.3,94.3,0.0,0.0,0.0,0.0,0.0,976,0,0.0,25.1,24.8,,-0.7182388450960611,-0.6027273038385786,-0.7439556107840485,-0.7126099624431436,-0.7130419476222484,-1.6190250990136632,-1.7154751216870356,False
2021-10-25 02:07:00,-1.1,0.0,0.0,0.0,0.0,25.3,94.3,0.0,0.0,0.0,0.0,0.0,976,0,0.0,25.1,24.8,,-0.7182388450960611,-0.6027273038385786,-0.7439556107840485,-0.7126099624431436,-0.7130419476222484,-1.6190250990136632,-1.7154751216870356,False
2021-10-25 02:08:00,-1.1,0.0,0.0,0.0,0.0,25.3,94.4,0.0,0.0,0.0,0.0,0.0,976,0,0.0,25.1,24.8,,-0.7182388450960611,-0.6027273038385786,-0.7439556107840485,-0.7126099624431436,-0.7130419476222484,-1.6190250990136632,-1.7154751216870356,False
2021-10-25 02:09:00,-1.1,0.0,0.0,0.0,0.0,25.3,94.4,0.1,0.7,0.4,257.1,0.7,976,0,0.0,25.1,24.8,,-0.7182388450960611,-0.6027273038385786,-0.7439556107840485,-0.7126099624431436,-0.7130419476222484,-1.5506568037699535,-1.3436415635098244,False
2021-10-25 02:10:00,-1.1,0.0,0.0,0.0,0.0,25.3,94.2,0.6,1.1,0.5,246.8,2.4,976,0,0.0,25.1,24.8,,-0.7182388450960611,-0.6027273038385786,-0.7439556107840485,-0.7126099624431436,-0.7130419476222484,-1.2088153275514073,-1.1311652445514182,False
2021-10-25 02:11:00,-1.0,0.0,0.0,0.0,0.0,25.3,94.3,0.9,1.4,0.4,241.2,0.2,976,0,0.0,25.1,24.8,,-0.7179287983792586,-0.6027273038385786,-0.7439556107840485,-0.7126099624431436,-0.7130419476222484,-1.0037104418202796,-0.9718080053326136,False
2021-10-25 02:12:00,-1.0,0.0,0.0,0.0,0.0,25.3,94.6,1.0,1.4,0.4,233.6,4.3,976,0,0.0,25.1,24.8,,-0.7179287983792586,-0.6027273038385786,-0.7439556107840485,-0.7126099624431436,-0.7130419476222484,-0.93534214657657,-0.9718080053326136,False
2021-10-25 02:13:00,-1.0,0.0,0.0,0.0,0.0,25.3,93.6,1.2,1.6,0.3,235.9,1.0,976,0,0.0,25.1,24.8,,-0.7179287983792586,-0.6027273038385786,-0.7439556107840485,-0.7126099624431436,-0.7130419476222484,-0.7986055560891516,-0.8655698458534103,False
2021-10-25 02:14:00,-1.0,0.0,0.0,0.0,0.0,25.3,92.9,1.5,1.9,0.4,231.5,1.8,976,0,0.0,25.1,24.8,,-0.7179287983792586,-0.6027273038385786,-0.7439556107840485,-0.7126099624431436,-0.7130419476222484,-0.5935006703580237,-0.7062126066346057,False
2021-10-25 02:15:00,-1.0,0.0,0.0,0.0,0.0,25.3,92.5,1.6,1.9,0.3,230.7,2.6,976,0,0.0,25.1,24.8,,-0.7179287983792586,-0.6027273038385786,-0.7439556107840485,-0.7126099624431436,-0.7130419476222484,-0.5251323751143143,-0.7062126066346057,False
2021-10-25 02:16:00,-1.0,0.0,0.0,0.0,0.0,25.3,92.7,1.7,1.9,0.3,226.8,0.4,976,0,0.0,25.1,24.8,,-0.7179287983792586,-0.6027273038385786,-0.7439556107840485,-0.7126099624431436,-0.7130419476222484,-0.4567640798706051,-0.7062126066346057,False
2021-10-25 02:17:00,-1.0,0.0,0.0,0.0,0.0,25.3,92.8,1.7,1.9,0.3,225.0,1.1,976,0,0.0,25.1,24.8,,-0.7179287983792586,-0.6027273038385786,-0.7439556107840485,-0.7126099624431436,-0.7130419476222484,-0.4567640798706051,-0.7062126066346057,False
2021-10-25 02:18:00,-1.0,0.0,0.0,0.0,0.0,25.3,92.9,1.7,1.9,0.3,222.4,1.6,976,0,0.0,25.1,24.8,,-0.7179287983792586,-0.6027273038385786,-0.7439556107840485,-0.7126099624431436,-0.7130419476222484,-0.4567640798706051,-0.7062126066346057,False
2021-10-25 02:19:00,-1.0,0.0,0.0,0.0,0.0,25.3,92.7,1.7,1.9,0.3,222.3,1.1,976,0,0.0,25.1,24.8,,-0.7179287983792586,-0.6027273038385786,-0.7439556107840485,-0.7126099624431436,-0.7130419476222484,-0.4567640798706051,-0.7062126066346057,False
2021-10-25 02:20:00,-1.0,0.0,0.0,0.0,0.0,25.3,92.7,1.6,1.9,0.4,220.3,2.2,976,0,0.0,25.1,24.8,,-0.7179287983792586,-0.6027273038385786,-0.7439556107840485,-0.7126099624431436,-0.7130419476222484,-0.5251323751143143,-0.7062126066346057,False
2021-10-25 02:21:00,-1.0,0.0,0.0,0.0,0.0,25.3,92.5,1.5,1.9,0.4,220.6,6.4,976,0,0.0,25.1,24.8,,-0.7179287983792586,-0.6027273038385786,-0.7439556107840485,-0.7126099624431436,-0.7130419476222484,-0.5935006703580237,-0.7062126066346057,False
2021-10-25 02:22:00,-1.0,0.0,0.0,0.0,0.0,25.3,92.5,1.5,1.9,0.4,218.5,4.1,976,0,0.0,25.1,24.8,,-0.7179287983792586,-0.6027273038385786,-0.7439556107840485,-0.7126099624431436,-0.7130419476222484,-0.5935006703580237,-0.7062126066346057,False
2021-10-25 02:23:00,-1.0,0.0,0.0,0.0,0.0,25.3,92.1,1.5,1.9,0.4,217.2,6.5,976,0,0.0,25.1,24.8,,-0.7179287983792586,-0.6027273038385786,-0.7439556107840485,-0.7126099624431436,-0.7130419476222484,-0.5935006703580237,-0.7062126066346057,False
2021-10-25 02:24:00,-1.0,0.0,0.0,0.0,0.0,25.3,92.0,1.7,2.1,0.3,221.5,4.3,976,0,0.0,25.1,24.8,,-0.7179287983792586,-0.6027273038385786,-0.7439556107840485,-0.7126099624431436,-0.7130419476222484,-0.4567640798706051,-0.5999744471554024,False
2021-10-25 02:25:00,-1.0,0.0,0.0,0.0,0.0,25.3,91.8,1.7,2.1,0.3,221.7,4.7,976,0,0.0,25.1,24.8,,-0.7179287983792586,-0.6027273038385786,-0.7439556107840485,-0.7126099624431436,-0.7130419476222484,-0.4567640798706051,-0.5999744471554024,False
2021-10-25 02:26:00,-1.0,0.0,0.0,0.0,0.0,25.3,91.5,1.7,2.1,0.4,221.0,4.9,976,0,0.0,25.0,24.8,,-0.7179287983792586,-0.6027273038385786,-0.7439556107840485,-0.7126099624431436,-0.7130419476222484,-0.4567640798706051,-0.5999744471554024,False
2021-10-25 02:27:00,-1.0,0.0,0.0,0.0,0.0,25.3,90.9,1.6,2.1,0.4,219.8,4.8,976,0,0.0,25.0,24.7,,-0.7179287983792586,-0.6027273038385786,-0.7439556107840485,-0.7126099624431436,-0.7130419476222484,-0.5251323751143143,-0.5999744471554024,False
2021-10-25 02:28:00,-1.0,0.0,0.0,0.0,0.0,25.3,91.0,1.6,2.1,0.4,215.5,8.7,976,0,0.0,25.0,24.7,,-0.7179287983792586,-0.6027273038385786,-0.7439556107840485,-0.7126099624431436,-0.7130419476222484,-0.5251323751143143,-0.5999744471554024,False
2021-10-25 02:29:00,-1.0,0.0,0.0,0.0,0.0,25.3,91.2,1.4,2.1,0.4,217.7,6.9,976,0,0.0,25.0,24.7,,-0.7179287983792586,-0.6027273038385786,-0.7439556107840485,-0.7126099624431436,-0.7130419476222484,-0.661868965601733,-0.5999744471554024,False
2021-10-25 02:30:00,-1.0,0.0,0.0,0.0,0.0,25.3,90.9,1.6,2.1,0.4,217.0,9.0,976,0,0.0,25.0,24.7,,-0.7179287983792586,-0.6027273038385786,-0.7439556107840485,-0.7126099624431436,-0.7130419476222484,-0.5251323751143143,-0.5999744471554024,False
2021-10-25 02:31:00,-1.0,0.0,0.0,0.0,0.0,25.3,90.9,1.5,1.9,0.4,217.0,7.9,976,0,0.0,25.0,24.7,,-0.7179287983792586,-0.6027273038385786,-0.7439556107840485,-0.7126099624431436,-0.7130419476222484,-0.5935006703580237,-0.7062126066346057,False
2021-10-25 02:32:00,-1.0,0.0,0.0,0.0,0.0,25.3,91.0,1.6,1.9,0.4,213.2,3.7,976,0,0.0,24.9,24.6,,-0.7179287983792586,-0.6027273038385786,-0.7439556107840485,-0.7126099624431436,-0.7130419476222484,-0.5251323751143143,-0.7062126066346057,False
2021-10-25 02:33:00,-1.1,0.0,0.0,0.0,0.0,25.3,91.0,1.2,1.6,0.4,214.9,4.0,976,0,0.0,24.9,24.6,,-0.7182388450960611,-0.6027273038385786,-0.7439556107840485,-0.7126099624431436,-0.7130419476222484,-0.7986055560891516,-0.8655698458534103,False
2021-10-25 02:34:00,-1.1,0.0,0.0,0.0,0.0,25.3,91.1,1.5,1.9,0.4,216.6,5.7,976,0,0.0,24.9,24.6,,-0.7182388450960611,-0.6027273038385786,-0.7439556107840485,-0.7126099624431436,-0.7130419476222484,-0.5935006703580237,-0.7062126066346057,False
2021-10-25 02:35:00,-1.1,0.0,0.0,0.0,0.0,25.3,91.0,1.4,1.9,0.4,220.8,5.9,976,0,0.0,24.9,24.6,,-0.7182388450960611,-0.6027273038385786,-0.7439556107840485,-0.7126099624431436,-0.7130419476222484,-0.661868965601733,-0.7062126066346057,False
2021-10-25 02:36:00,-1.1,0.0,0.0,0.0,0.0,25.3,91.0,1.5,1.9,0.4,221.0,4.7,976,0,0.0,24.9,24.6,,-0.7182388450960611,-0.6027273038385786,-0.7439556107840485,-0.7126099624431436,-0.7130419476222484,-0.5935006703580237,-0.7062126066346057,False
2021-10-25 02:37:00,-1.1,0.0,0.0,0.0,0.0,25.3,91.2,1.3,1.6,0.4,222.4,4.6,976,0,0.0,24.9,24.6,,-0.7182388450960611,-0.6027273038385786,-0.7439556107840485,-0.7126099624431436,-0.7130419476222484,-0.7302372608454422,-0.8655698458534103,False
2021-10-25 02:38:00,-1.1,0.0,0.0,0.0,0.0,25.3,91.2,1.0,1.4,0.4,218.9,5.1,976,0,0.0,24.9,24.6,,-0.7182388450960611,-0.6027273038385786,-0.7439556107840485,-0.7126099624431436,-0.7130419476222484,-0.93534214657657,-0.9718080053326136,False
2021-10-25 02:39:00,-1.1,0.0,0.0,0.0,0.0,25.3,91.1,1.2,1.6,0.5,221.0,4.5,976,0,0.0,24.9,24.6,,-0.7182388450960611,-0.6027273038385786,-0.7439556107840485,-0.7126099624431436,-0.7130419476222484,-0.7986055560891516,-0.8655698458534103,False
2021-10-25 02:40:00,-1.1,0.0,0.0,0.0,0.0,25.3,91.0,1.5,1.9,0.4,219.3,5.3,976,0,0.0,24.9,24.6,,-0.7182388450960611,-0.6027273038385786,-0.7439556107840485,-0.7126099624431436,-0.7130419476222484,-0.5935006703580237,-0.7062126066346057,False
2021-10-25 02:41:00,-1.1,0.0,0.0,0.0,0.0,25.3,91.2,1.2,1.9,0.3,219.0,3.4,976,0,0.0,24.9,24.6,,-0.7182388450960611,-0.6027273038385786,-0.7439556107840485,-0.7126099624431436,-0.7130419476222484,-0.7986055560891516,-0.7062126066346057,False
2021-10-25 02:42:00,-1.1,0.0,0.0,0.0,0.0,25.3,91.2,0.9,1.4,0.5,224.3,4.9,976,0,0.0,24.9,24.6,,-0.7182388450960611,-0.6027273038385786,-0.7439556107840485,-0.7126099624431436,-0.7130419476222484,-1.0037104418202796,-0.9718080053326136,False
2021-10-25 02:43:00,-1.1,0.0,0.0,0.0,0.0,25.2,91.3,1.2,1.6,0.4,220.6,3.3,976,0,0.0,24.9,24.6,,-0.7182388450960611,-0.6027273038385786,-0.7439556107840485,-0.7126099624431436,-0.7130419476222484,-0.7986055560891516,-0.8655698458534103,False
2021-10-25 02:44:00,-1.1,0.0,0.0,0.0,0.0,25.2,91.4,0.6,1.1,0.6,225.7,3.1,976,0,0.0,24.9,24.6,,-0.7182388450960611,-0.6027273038385786,-0.7439556107840485,-0.7126099624431436,-0.7130419476222484,-1.2088153275514073,-1.1311652445514182,False
2021-10-25 02:45:00,-1.1,0.0,0.0,0.0,0.0,25.2,91.5,0.5,0.7,0.5,222.4,4.1,976,0,0.0,24.9,24.5,,-0.7182388450960611,-0.6027273038385786,-0.7439556107840485,-0.7126099624431436,-0.7130419476222484,-1.2771836227951163,-1.3436415635098244,False
2021-10-25 02:46:00,-1.1,0.0,0.0,0.0,0.0,25.2,91.6,0.1,0.7,0.3,216.9,0.0,976,0,0.0,24.8,24.5,,-0.7182388450960611,-0.6027273038385786,-0.7439556107840485,-0.7126099624431436,-0.7130419476222484,-1.5506568037699535,-1.3436415635098244,False
2021-10-25 02:47:00,-1.1,0.0,0.0,0.0,0.0,25.2,91.7,0.4,1.1,0.5,229.2,1.4,976,0,0.0,24.8,24.5,,-0.7182388450960611,-0.6027273038385786,-0.7439556107840485,-0.7126099624431436,-0.7130419476222484,-1.345551918038826,-1.1311652445514182,False
2021-10-25 02:48:00,-1.1,0.0,0.0,0.0,0.0,25.2,92.0,0.6,1.1,0.6,220.2,2.4,976,0,0.0,24.8,24.5,,-0.7182388450960611,-0.6027273038385786,-0.7439556107840485,-0.7126099624431436,-0.7130419476222484,-1.2088153275514073,-1.1311652445514182,False
2021-10-25 02:49:00,-1.2,0.0,0.0,0.0,0.0,25.2,92.0,0.4,1.1,0.5,221.3,1.2,976,0,0.0,24.8,24.5,,-0.7185488918128635,-0.6027273038385786,-0.7439556107840485,-0.7126099624431436,-0.7130419476222484,-1.345551918038826,-1.1311652445514182,False
2021-10-25 02:50:00,-1.2,0.0,0.0,0.0,0.0,25.2,92.0,0.2,1.1,0.4,221.0,0.3,976,0,0.0,24.8,24.5,,-0.7185488918128635,-0.6027273038385786,-0.7439556107840485,-0.7126099624431436,-0.7130419476222484,-1.4822885085262445,-1.1311652445514182,False
2021-10-25 02:51:00,-1.2,0.0,0.0,0.0,0.0,25.2,92.0,0.1,0.7,0.4,221.3,0.0,976,0,0.0,24.8,24.5,,-0.7185488918128635,-0.6027273038385786,-0.7439556107840485,-0.7126099624431436,-0.7130419476222484,-1.5506568037699535,-1.3436415635098244,False
2021-10-25 02:52:00,-1.2,0.0,0.0,0.0,0.0,25.2,92.3,0.3,0.7,0.5,221.5,0.0,976,0,0.0,24.8,24.5,,-0.7185488918128635,-0.6027273038385786,-0.7439556107840485,-0.7126099624431436,-0.7130419476222484,-1.4139202132825353,-1.3436415635098244,False
2021-10-25 02:53:00,-1.2,0.0,0.0,0.0,0.0,25.2,92.3,0.2,0.7,0.4,221.5,0.0,976,0,0.0,24.8,24.5,,-0.7185488918128635,-0.6027273038385786,-0.7439556107840485,-0.7126099624431436,-0.7130419476222484,-1.4822885085262445,-1.3436415635098244,False
2021-10-25 02:54:00,-1.2,0.0,0.0,0.0,0.0,25.2,92.5,0.3,0.7,0.5,221.5,0.0,976,0,0.0,24.8,24.5,,-0.7185488918128635,-0.6027273038385786,-0.7439556107840485,-0.7126099624431436,-0.7130419476222484,-1.4139202132825353,-1.3436415635098244,False
2021-10-25 02:55:00,-1.2,0.0,0.0,0.0,0.0,25.2,92.5,0.4,0.7,0.5,221.5,0.0,976,0,0.0,24.8,24.5,,-0.7185488918128635,-0.6027273038385786,-0.7439556107840485,-0.7126099624431436,-0.7130419476222484,-1.345551918038826,-1.3436415635098244,False
2021-10-25 02:56:00,-1.2,0.0,0.0,0.0,0.0,25.2,92.6,0.2,0.7,0.4,221.5,0.0,976,0,0.0,24.8,24.5,,-0.7185488918128635,-0.6027273038385786,-0.7439556107840485,-0.7126099624431436,-0.7130419476222484,-1.4822885085262445,-1.3436415635098244,False
2021-10-25 02:57:00,-1.2,0.0,0.0,0.0,0.0,25.2,92.7,0.6,1.1,0.5,221.4,0.0,976,0,0.0,24.8,24.5,,-0.7185488918128635,-0.6027273038385786,-0.7439556107840485,-0.7126099624431436,-0.7130419476222484,-1.2088153275514073,-1.1311652445514182,False
2021-10-25 02:58:00,-1.1,0.0,0.0,0.0,0.0,25.2,92.7,0.8,1.1,0.5,221.4,0.0,976,0,0.0,24.8,24.5,,-0.7182388450960611,-0.6027273038385786,-0.7439556107840485,-0.7126099624431436,-0.7130419476222484,-1.0720787370639886,-1.1311652445514182,False
2021-10-25 02:59:00,-1.1,0.0,0.0,0.0,0.0,25.2,92.8,0.7,1.1,0.5,221.6,0.1,976,0,0.0,24.8,24.5,,-0.7182388450960611,-0.6027273038385786,-0.7439556107840485,-0.7126099624431436,-0.7130419476222484,-1.140447032307698,-1.1311652445514182,False
2021-10-25 03:00:00,-1.1,0.0,0.0,0.0,0.0,25.2,92.6,0.9,1.1,0.4,220.7,0.9,976,0,0.0,24.8,24.5,,-0.7182388450960611,-0.6027273038385786,-0.7439556107840485,-0.7126099624431436,-0.7130419476222484,-1.0037104418202796,-1.1311652445514182,False
2021-10-25 03:01:00,-1.1,0.0,0.0,0.0,0.0,25.2,92.7,1.0,1.4,0.3,222.0,1.5,976,0,0.0,24.8,24.5,,-0.7182388450960611,-0.6027273038385786,-0.7439556107840485,-0.7126099624431436,-0.7130419476222484,-0.93534214657657,-0.9718080053326136,False
2021-10-25 03:02:00,-1.1,0.0,0.0,0.0,0.0,25.2,92.4,1.2,1.4,0.2,223.9,0.1,976,0,0.0,24.8,24.5,,-0.7182388450960611,-0.6027273038385786,-0.7439556107840485,-0.7126099624431436,-0.7130419476222484,-0.7986055560891516,-0.9718080053326136,False
2021-10-25 03:03:00,-1.1,0.0,0.0,0.0,0.0,25.2,92.3,1.4,1.6,0.4,224.3,3.4,976,0,0.0,24.9,24.5,,-0.7182388450960611,-0.6027273038385786,-0.7439556107840485,-0.7126099624431436,-0.7130419476222484,-0.661868965601733,-0.8655698458534103,False
2021-10-25 03:04:00,-1.0,0.0,0.0,0.0,0.0,25.2,92.4,1.6,1.9,0.4,227.6,1.7,976,0,0.0,24.9,24.6,,-0.7179287983792586,-0.6027273038385786,-0.7439556107840485,-0.7126099624431436,-0.7130419476222484,-0.5251323751143143,-0.7062126066346057,False
2021-10-25 03:05:00,-1.0,0.0,0.0,0.0,0.0,25.2,92.1,1.6,1.9,0.4,225.4,2.4,977,0,0.0,24.9,24.6,,-0.7179287983792586,-0.6027273038385786,-0.7439556107840485,-0.7126099624431436,-0.7130419476222484,-0.5251323751143143,-0.7062126066346057,False
2021-10-25 03:06:00,-1.0,0.0,0.0,0.0,0.0,25.2,92.3,1.5,1.9,0.4,228.4,1.6,977,0,0.0,24.9,24.6,,-0.7179287983792586,-0.6027273038385786,-0.7439556107840485,-0.7126099624431436,-0.7130419476222484,-0.5935006703580237,-0.7062126066346057,False
2021-10-25 03:07:00,-1.0,0.0,0.0,0.0,0.0,25.2,92.3,1.4,1.9,0.4,227.8,2.4,977,0,0.0,24.9,24.6,,-0.7179287983792586,-0.6027273038385786,-0.7439556107840485,-0.7126099624431436,-0.7130419476222484,-0.661868965601733,-0.7062126066346057,False
2021-10-25 03:08:00,-1.0,0.0,0.0,0.0,0.0,25.2,92.3,1.5,1.9,0.4,228.0,3.0,977,0,0.0,24.9,24.6,,-0.7179287983792586,-0.6027273038385786,-0.7439556107840485,-0.7126099624431436,-0.7130419476222484,-0.5935006703580237,-0.7062126066346057,False
2021-10-25 03:09:00,-1.0,0.0,0.0,0.0,0.0,25.2,92.4,1.3,1.6,0.4,227.8,5.2,977,0,0.0,24.9,24.6,,-0.7179287983792586,-0.6027273038385786,-0.7439556107840485,-0.7126099624431436,-0.7130419476222484,-0.7302372608454422,-0.8655698458534103,False
2021-10-25 03:10:00,-1.0,0.0,0.0,0.0,0.0,25.2,92.6,1.3,1.6,0.3,227.7,1.5,977,0,0.0,24.9,24.6,,-0.7179287983792586,-0.6027273038385786,-0.7439556107840485,-0.7126099624431436,-0.7130419476222484,-0.7302372608454422,-0.8655698458534103,False
2021-10-25 03:11:00,-1.0,0.0,0.0,0.0,0.0,25.2,92.5,1.4,1.6,0.4,228.7,1.1,977,0,0.0,24.9,24.6,,-0.7179287983792586,-0.6027273038385786,-0.7439556107840485,-0.7126099624431436,-0.7130419476222484,-0.661868965601733,-0.8655698458534103,False
2021-10-25 03:12:00,-1.0,0.0,0.0,0.0,0.0,25.2,92.6,1.3,1.6,0.3,229.6,2.4,977,0,0.0,24.9,24.6,,-0.7179287983792586,-0.6027273038385786,-0.7439556107840485,-0.7126099624431436,-0.7130419476222484,-0.7302372608454422,-0.8655698458534103,False
2021-10-25 03:13:00,-1.0,0.0,0.0,0.0,0.0,25.2,92.6,1.2,1.4,0.3,231.9,4.4,977,0,0.0,24.9,24.6,,-0.7179287983792586,-0.6027273038385786,-0.7439556107840485,-0.7126099624431436,-0.7130419476222484,-0.7986055560891516,-0.9718080053326136,False
2021-10-25 03:14:00,-1.0,0.0,0.0,0.0,0.0,25.2,92.4,1.3,1.6,0.3,231.9,2.9,977,0,0.0,24.9,24.6,,-0.7179287983792586,-0.6027273038385786,-0.7439556107840485,-0.7126099624431436,-0.7130419476222484,-0.7302372608454422,-0.8655698458534103,False
2021-10-25 03:15:00,-1.0,0.0,0.0,0.0,0.0,25.2,92.0,1.4,1.6,0.4,233.9,1.6,977,0,0.0,24.9,24.6,,-0.7179287983792586,-0.6027273038385786,-0.7439556107840485,-0.7126099624431436,-0.7130419476222484,-0.661868965601733,-0.8655698458534103,False
2021-10-25 03:16:00,-1.0,0.0,0.0,0.0,0.0,25.2,91.8,1.5,1.6,0.4,237.3,0.2,977,0,0.0,24.9,24.6,,-0.7179287983792586,-0.6027273038385786,-0.7439556107840485,-0.7126099624431436,-0.7130419476222484,-0.5935006703580237,-0.8655698458534103,False
2021-10-25 03:17:00,-1.0,0.0,0.0,0.0,0.0,25.2,91.6,1.5,1.6,0.4,237.5,0.8,977,0,0.0,24.9,24.6,,-0.7179287983792586,-0.6027273038385786,-0.7439556107840485,-0.7126099624431436,-0.7130419476222484,-0.5935006703580237,-0.8655698458534103,False
2021-10-25 03:18:00,-1.0,0.0,0.0,0.0,0.0,25.2,91.6,1.4,1.6,0.4,238.2,1.4,977,0,0.0,24.9,24.6,,-0.7179287983792586,-0.6027273038385786,-0.7439556107840485,-0.7126099624431436,-0.7130419476222484,-0.661868965601733,-0.8655698458534103,False
2021-10-25 03:19:00,-0.9,0.0,0.0,0.0,0.0,25.3,91.6,1.4,1.6,0.4,235.2,1.1,977,0,0.0,24.9,24.6,,-0.717618751662456,-0.6027273038385786,-0.7439556107840485,-0.7126099624431436,-0.7130419476222484,-0.661868965601733,-0.8655698458534103,False
2021-10-25 03:20:00,-0.9,0.0,0.0,0.0,0.0,25.3,91.6,1.3,1.6,0.3,236.2,1.3,977,0,0.0,24.9,24.6,,-0.717618751662456,-0.6027273038385786,-0.7439556107840485,-0.7126099624431436,-0.7130419476222484,-0.7302372608454422,-0.8655698458534103,False
2021-10-25 03:21:00,-0.9,0.0,0.0,0.0,0.0,25.3,91.8,1.3,1.6,0.3,233.1,3.2,977,0,0.0,24.9,24.6,,-0.717618751662456,-0.6027273038385786,-0.7439556107840485,-0.7126099624431436,-0.7130419476222484,-0.7302372608454422,-0.8655698458534103,False
2021-10-25 03:22:00,-0.9,0.0,0.0,0.0,0.0,25.3,91.8,1.3,1.6,0.3,234.9,1.6,977,0,0.0,24.9,24.6,,-0.717618751662456,-0.6027273038385786,-0.7439556107840485,-0.7126099624431436,-0.7130419476222484,-0.7302372608454422,-0.8655698458534103,False
2021-10-25 03:23:00,-0.9,0.0,0.0,0.0,0.0,25.3,91.8,1.3,1.6,0.3,234.1,2.4,977,0,0.0,24.9,24.6,,-0.717618751662456,-0.6027273038385786,-0.7439556107840485,-0.7126099624431436,-0.7130419476222484,-0.7302372608454422,-0.8655698458534103,False
2021-10-25 03:24:00,-0.9,0.0,0.0,0.0,0.0,25.3,91.8,1.4,1.9,0.4,233.0,2.0,977,0,0.0,24.9,24.6,,-0.717618751662456,-0.6027273038385786,-0.7439556107840485,-0.7126099624431436,-0.7130419476222484,-0.661868965601733,-0.7062126066346057,False
2021-10-25 03:25:00,-0.9,0.0,0.0,0.0,0.0,25.3,92.0,1.4,1.6,0.4,233.3,2.3,977,0,0.0,24.9,24.6,,-0.717618751662456,-0.6027273038385786,-0.7439556107840485,-0.7126099624431436,-0.7130419476222484,-0.661868965601733,-0.8655698458534103,False
2021-10-25 03:26:00,-0.9,0.0,0.0,0.0,0.0,25.3,92.0,1.4,1.9,0.4,231.0,2.0,977,0,0.0,24.9,24.6,,-0.717618751662456,-0.6027273038385786,-0.7439556107840485,-0.7126099624431436,-0.7130419476222484,-0.661868965601733,-0.7062126066346057,False
2021-10-25 03:27:00,-1.0,0.0,0.0,0.0,0.0,25.3,91.7,1.5,1.6,0.4,231.1,2.9,977,0,0.0,24.9,24.6,,-0.7179287983792586,-0.6027273038385786,-0.7439556107840485,-0.7126099624431436,-0.7130419476222484,-0.5935006703580237,-0.8655698458534103,False
2021-10-25 03:28:00,-1.0,0.0,0.0,0.0,0.0,25.3,91.8,1.5,1.9,0.4,230.4,3.4,977,0,0.0,24.9,24.6,,-0.7179287983792586,-0.6027273038385786,-0.7439556107840485,-0.7126099624431436,-0.7130419476222484,-0.5935006703580237,-0.7062126066346057,False
2021-10-25 03:29:00,-1.0,0.0,0.0,0.0,0.0,25.2,91.7,1.2,1.6,0.4,229.2,3.7,977,0,0.0,24.9,24.6,,-0.7179287983792586,-0.6027273038385786,-0.7439556107840485,-0.7126099624431436,-0.7130419476222484,-0.7986055560891516,-0.8655698458534103,False
2021-10-25 03:30:00,-1.0,0.0,0.0,0.0,0.0,25.2,91.8,1.4,1.6,0.4,227.0,3.5,977,0,0.0,24.9,24.6,,-0.7179287983792586,-0.6027273038385786,-0.7439556107840485,-0.7126099624431436,-0.7130419476222484,-0.661868965601733,-0.8655698458534103,False
2021-10-25 03:31:00,-1.0,0.0,0.0,0.0,0.0,25.2,91.6,1.4,1.6,0.4,226.3,0.5,977,0,0.0,24.9,24.6,,-0.7179287983792586,-0.6027273038385786,-0.7439556107840485,-0.7126099624431436,-0.7130419476222484,-0.661868965601733,-0.8655698458534103,False
2021-10-25 03:32:00,-1.0,0.0,0.0,0.0,0.0,25.2,91.5,1.5,1.9,0.4,225.4,2.4,977,0,0.0,24.9,24.6,,-0.7179287983792586,-0.6027273038385786,-0.7439556107840485,-0.7126099624431436,-0.7130419476222484,-0.5935006703580237,-0.7062126066346057,False
2021-10-25 03:33:00,-1.0,0.0,0.0,0.0,0.0,25.2,91.3,1.5,1.9,0.4,223.6,0.9,977,0,0.0,24.9,24.6,,-0.7179287983792586,-0.6027273038385786,-0.7439556107840485,-0.7126099624431436,-0.7130419476222484,-0.5935006703580237,-0.7062126066346057,False
2021-10-25 03:34:00,-1.0,0.0,0.0,0.0,0.0,25.2,91.3,1.4,1.6,0.4,223.9,5.9,977,0,0.0,24.9,24.6,,-0.7179287983792586,-0.6027273038385786,-0.7439556107840485,-0.7126099624431436,-0.7130419476222484,-0.661868965601733,-0.8655698458534103,False
2021-10-25 03:35:00,-1.0,0.0,0.0,0.0,0.0,25.2,91.4,1.5,1.9,0.4,219.5,1.8,977,0,0.0,24.9,24.6,,-0.7179287983792586,-0.6027273038385786,-0.7439556107840485,-0.7126099624431436,-0.7130419476222484,-0.5935006703580237,-0.7062126066346057,False
2021-10-25 03:36:00,-1.0,0.0,0.0,0.0,0.0,25.2,91.1,1.5,1.9,0.4,218.6,4.1,977,0,0.0,24.9,24.6,,-0.7179287983792586,-0.6027273038385786,-0.7439556107840485,-0.7126099624431436,-0.7130419476222484,-0.5935006703580237,-0.7062126066346057,False
2021-10-25 03:37:00,-0.9,0.0,0.0,0.0,0.0,25.2,91.2,1.7,1.9,0.3,215.8,1.9,977,0,0.0,24.9,24.6,,-0.717618751662456,-0.6027273038385786,-0.7439556107840485,-0.7126099624431436,-0.7130419476222484,-0.4567640798706051,-0.7062126066346057,False
2021-10-25 03:38:00,-0.9,0.0,0.0,0.0,0.0,25.2,91.3,1.7,1.9,0.3,216.6,2.0,977,0,0.0,24.9,24.6,,-0.717618751662456,-0.6027273038385786,-0.7439556107840485,-0.7126099624431436,-0.7130419476222484,-0.4567640798706051,-0.7062126066346057,False
2021-10-25 03:39:00,-1.0,0.0,0.0,0.0,0.0,25.2,91.2,1.6,1.9,0.4,217.1,2.9,977,0,0.0,24.9,24.6,,-0.7179287983792586,-0.6027273038385786,-0.7439556107840485,-0.7126099624431436,-0.7130419476222484,-0.5251323751143143,-0.7062126066346057,False
2021-10-25 03:40:00,-1.0,0.0,0.0,0.0,0.0,25.2,91.3,1.6,1.9,0.4,213.6,4.3,977,0,0.0,24.9,24.6,,-0.7179287983792586,-0.6027273038385786,-0.7439556107840485,-0.7126099624431436,-0.7130419476222484,-0.5251323751143143,-0.7062126066346057,False
2021-10-25 03:41:00,-1.0,0.0,0.0,0.0,0.0,25.2,91.1,1.4,1.9,0.4,209.3,6.1,977,0,0.0,24.9,24.6,,-0.7179287983792586,-0.6027273038385786,-0.7439556107840485,-0.7126099624431436,-0.7130419476222484,-0.661868965601733,-0.7062126066346057,False
2021-10-25 03:42:00,-1.0,0.0,0.0,0.0,0.0,25.2,91.0,1.1,1.6,0.5,209.6,4.7,977,0,0.0,24.9,24.6,,-0.7179287983792586,-0.6027273038385786,-0.7439556107840485,-0.7126099624431436,-0.7130419476222484,-0.8669738513328608,-0.8655698458534103,False
2021-10-25 03:43:00,-1.0,0.0,0.0,0.0,0.0,25.2,91.0,1.3,1.6,0.4,210.9,3.5,977,0,0.0,24.8,24.5,,-0.7179287983792586,-0.6027273038385786,-0.7439556107840485,-0.7126099624431436,-0.7130419476222484,-0.7302372608454422,-0.8655698458534103,False
2021-10-25 03:44:00,-1.0,0.0,0.0,0.0,0.0,25.2,90.7,1.2,1.6,0.3,208.0,2.8,977,0,0.0,24.8,24.5,,-0.7179287983792586,-0.6027273038385786,-0.7439556107840485,-0.7126099624431436,-0.7130419476222484,-0.7986055560891516,-0.8655698458534103,False
2021-10-25 03:45:00,-1.0,0.0,0.0,0.0,0.0,25.2,90.6,1.1,1.4,0.3,206.8,2.0,977,0,0.0,24.8,24.5,,-0.7179287983792586,-0.6027273038385786,-0.7439556107840485,-0.7126099624431436,-0.7130419476222484,-0.8669738513328608,-0.9718080053326136,False
2021-10-25 03:46:00,-1.0,0.0,0.0,0.0,0.0,25.2,90.6,1.1,1.4,0.3,204.9,1.4,977,0,0.0,24.8,24.5,,-0.7179287983792586,-0.6027273038385786,-0.7439556107840485,-0.7126099624431436,-0.7130419476222484,-0.8669738513328608,-0.9718080053326136,False
2021-10-25 03:47:00,-1.0,0.0,0.0,0.0,0.0,25.2,90.5,1.1,1.4,0.4,204.3,1.1,977,0,0.0,24.8,24.5,,-0.7179287983792586,-0.6027273038385786,-0.7439556107840485,-0.7126099624431436,-0.7130419476222484,-0.8669738513328608,-0.9718080053326136,False
2021-10-25 03:48:00,-1.0,0.0,0.0,0.0,0.0,25.2,90.6,1.1,1.4,0.4,206.9,1.6,977,0,0.0,24.8,24.5,,-0.7179287983792586,-0.6027273038385786,-0.7439556107840485,-0.7126099624431436,-0.7130419476222484,-0.8669738513328608,-0.9718080053326136,False
2021-10-25 03:49:00,-1.0,0.0,0.0,0.0,0.0,25.2,90.4,1.1,1.4,0.4,202.3,3.3,977,0,0.0,24.7,24.5,,-0.7179287983792586,-0.6027273038385786,-0.7439556107840485,-0.7126099624431436,-0.7130419476222484,-0.8669738513328608,-0.9718080053326136,False
2021-10-25 03:50:00,-1.0,0.0,0.0,0.0,0.0,25.2,90.5,1.1,1.4,0.4,201.7,1.0,977,0,0.0,24.7,24.5,,-0.7179287983792586,-0.6027273038385786,-0.7439556107840485,-0.7126099624431436,-0.7130419476222484,-0.8669738513328608,-0.9718080053326136,False
2021-10-25 03:51:00,-1.1,0.0,0.0,0.0,0.0,25.2,90.8,0.7,1.1,0.5,203.5,0.8,977,0,0.0,24.7,24.5,,-0.7182388450960611,-0.6027273038385786,-0.7439556107840485,-0.7126099624431436,-0.7130419476222484,-1.140447032307698,-1.1311652445514182,False
2021-10-25 03:52:00,-1.1,0.0,0.0,0.0,0.0,25.2,90.7,0.8,1.1,0.5,199.1,3.9,977,0,0.0,24.7,24.5,,-0.7182388450960611,-0.6027273038385786,-0.7439556107840485,-0.7126099624431436,-0.7130419476222484,-1.0720787370639886,-1.1311652445514182,False
2021-10-25 03:53:00,-1.1,0.0,0.0,0.0,0.0,25.2,90.8,0.5,1.1,0.5,200.9,0.9,977,0,0.0,24.7,24.4,,-0.7182388450960611,-0.6027273038385786,-0.7439556107840485,-0.7126099624431436,-0.7130419476222484,-1.2771836227951163,-1.1311652445514182,False
2021-10-25 03:54:00,-1.1,0.0,0.0,0.0,0.0,25.2,90.7,0.8,1.1,0.5,203.0,1.3,977,0,0.0,24.7,24.4,,-0.7182388450960611,-0.6027273038385786,-0.7439556107840485,-0.7126099624431436,-0.7130419476222484,-1.0720787370639886,-1.1311652445514182,False
2021-10-25 03:55:00,-1.1,0.0,0.0,0.0,0.0,25.2,90.7,0.8,1.1,0.5,207.5,2.2,977,0,0.0,24.7,24.4,,-0.7182388450960611,-0.6027273038385786,-0.7439556107840485,-0.7126099624431436,-0.7130419476222484,-1.0720787370639886,-1.1311652445514182,False
2021-10-25 03:56:00,-1.1,0.0,0.0,0.0,0.0,25.2,90.7,0.9,1.1,0.4,204.2,0.1,977,0,0.0,24.7,24.4,,-0.7182388450960611,-0.6027273038385786,-0.7439556107840485,-0.7126099624431436,-0.7130419476222484,-1.0037104418202796,-1.1311652445514182,False
2021-10-25 03:57:00,-1.1,0.0,0.0,0.0,0.0,25.2,90.8,1.2,1.4,0.2,206.8,2.0,977,0,0.0,24.7,24.4,,-0.7182388450960611,-0.6027273038385786,-0.7439556107840485,-0.7126099624431436,-0.7130419476222484,-0.7986055560891516,-0.9718080053326136,False
2021-10-25 03:58:00,-1.1,0.0,0.0,0.0,0.0,25.2,90.8,1.3,1.6,0.3,206.6,1.2,977,0,0.0,24.7,24.4,,-0.7182388450960611,-0.6027273038385786,-0.7439556107840485,-0.7126099624431436,-0.7130419476222484,-0.7302372608454422,-0.8655698458534103,False
2021-10-25 03:59:00,-1.1,0.0,0.0,0.0,0.0,25.2,90.7,1.5,1.6,0.4,205.2,1.3,977,0,0.0,24.7,24.4,,-0.7182388450960611,-0.6027273038385786,-0.7439556107840485,-0.7126099624431436,-0.7130419476222484,-0.5935006703580237,-0.8655698458534103,False
2021-10-25 04:00:00,-1.1,0.0,0.0,0.0,0.0,25.2,90.6,1.6,1.9,0.4,204.9,1.3,977,0,0.0,24.7,24.4,,-0.7182388450960611,-0.6027273038385786,-0.7439556107840485,-0.7126099624431436,-0.7130419476222484,-0.5251323751143143,-0.7062126066346057,False
2021-10-25 04:01:00,-1.0,0.0,0.0,0.0,0.0,25.2,90.4,1.7,1.9,0.3,207.9,3.8,977,0,0.0,24.7,24.4,,-0.7179287983792586,-0.6027273038385786,-0.7439556107840485,-0.7126099624431436,-0.7130419476222484,-0.4567640798706051,-0.7062126066346057,False
2021-10-25 04:02:00,-1.0,0.0,0.0,0.0,0.0,25.2,90.1,1.6,1.9,0.3,205.8,2.8,977,0,0.0,24.7,24.4,,-0.7179287983792586,-0.6027273038385786,-0.7439556107840485,-0.7126099624431436,-0.7130419476222484,-0.5251323751143143,-0.7062126066346057,False
2021-10-25 04:03:00,-1.0,0.0,0.0,0.0,0.0,25.2,90.1,1.6,1.9,0.4,206.2,1.6,977,0,0.0,24.7,24.4,,-0.7179287983792586,-0.6027273038385786,-0.7439556107840485,-0.7126099624431436,-0.7130419476222484,-0.5251323751143143,-0.7062126066346057,False
2021-10-25 04:04:00,-1.0,0.0,0.0,0.0,0.0,25.2,89.9,1.5,1.9,0.4,208.2,1.3,977,0,0.0,24.7,24.4,,-0.7179287983792586,-0.6027273038385786,-0.7439556107840485,-0.7126099624431436,-0.7130419476222484,-0.5935006703580237,-0.7062126066346057,False
2021-10-25 04:05:00,-1.0,0.0,0.0,0.0,0.0,25.2,89.7,1.6,1.9,0.4,208.5,1.4,977,0,0.0,24.7,24.4,,-0.7179287983792586,-0.6027273038385786,-0.7439556107840485,-0.7126099624431436,-0.7130419476222484,-0.5251323751143143,-0.7062126066346057,False
2021-10-25 04:06:00,-1.0,0.0,0.0,0.0,0.0,25.3,89.8,1.5,1.6,0.4,209.4,3.7,977,0,0.0,24.7,24.4,,-0.7179287983792586,-0.6027273038385786,-0.7439556107840485,-0.7126099624431436,-0.7130419476222484,-0.5935006703580237,-0.8655698458534103,False
2021-10-25 04:07:00,-1.0,0.0,0.0,0.0,0.0,25.3,90.0,1.3,1.6,0.3,210.7,3.4,977,0,0.0,24.7,24.4,,-0.7179287983792586,-0.6027273038385786,-0.7439556107840485,-0.7126099624431436,-0.7130419476222484,-0.7302372608454422,-0.8655698458534103,False
2021-10-25 04:08:00,-1.0,0.0,0.0,0.0,0.0,25.3,90.2,1.4,1.6,0.4,211.7,2.0,977,0,0.0,24.7,24.4,,-0.7179287983792586,-0.6027273038385786,-0.7439556107840485,-0.7126099624431436,-0.7130419476222484,-0.661868965601733,-0.8655698458534103,False
2021-10-25 04:09:00,-1.0,0.0,0.0,0.0,0.0,25.3,90.3,1.5,1.6,0.4,215.1,1.6,977,0,0.0,24.7,24.4,,-0.7179287983792586,-0.6027273038385786,-0.7439556107840485,-0.7126099624431436,-0.7130419476222484,-0.5935006703580237,-0.8655698458534103,False
2021-10-25 04:10:00,-1.0,0.0,0.0,0.0,0.0,25.3,90.4,1.4,1.6,0.4,215.9,0.6,977,0,0.0,24.7,24.4,,-0.7179287983792586,-0.6027273038385786,-0.7439556107840485,-0.7126099624431436,-0.7130419476222484,-0.661868965601733,-0.8655698458534103,False
2021-10-25 04:11:00,-1.0,0.0,0.0,0.0,0.0,25.3,90.6,1.4,1.6,0.4,217.8,1.2,977,0,0.0,24.7,24.4,,-0.7179287983792586,-0.6027273038385786,-0.7439556107840485,-0.7126099624431436,-0.7130419476222484,-0.661868965601733,-0.8655698458534103,False
2021-10-25 04:12:00,-1.0,0.0,0.0,0.0,0.0,25.3,90.3,1.4,1.6,0.4,219.3,0.5,977,0,0.0,24.7,24.4,,-0.7179287983792586,-0.6027273038385786,-0.7439556107840485,-0.7126099624431436,-0.7130419476222484,-0.661868965601733,-0.8655698458534103,False
2021-10-25 04:13:00,-1.0,0.0,0.0,0.0,0.0,25.2,90.4,1.3,1.4,0.3,223.3,2.3,977,0,0.0,24.7,24.4,,-0.7179287983792586,-0.6027273038385786,-0.7439556107840485,-0.7126099624431436,-0.7130419476222484,-0.7302372608454422,-0.9718080053326136,False
2021-10-25 04:14:00,-1.1,0.0,0.0,0.0,0.0,25.2,90.5,1.4,1.6,0.4,226.2,4.3,977,0,0.0,24.7,24.4,,-0.7182388450960611,-0.6027273038385786,-0.7439556107840485,-0.7126099624431436,-0.7130419476222484,-0.661868965601733,-0.8655698458534103,False
2021-10-25 04:15:00,-1.1,0.0,0.0,0.0,0.0,25.2,90.6,1.3,1.9,0.4,225.4,2.8,977,0,0.0,24.7,24.4,,-0.7182388450960611,-0.6027273038385786,-0.7439556107840485,-0.7126099624431436,-0.7130419476222484,-0.7302372608454422,-0.7062126066346057,False
2021-10-25 04:16:00,-1.1,0.0,0.0,0.0,0.0,25.2,90.6,1.3,1.6,0.4,226.9,5.1,977,0,0.0,24.7,24.4,,-0.7182388450960611,-0.6027273038385786,-0.7439556107840485,-0.7126099624431436,-0.7130419476222484,-0.7302372608454422,-0.8655698458534103,False
2021-10-25 04:17:00,-1.1,0.0,0.0,0.0,0.0,25.2,90.9,1.3,1.6,0.3,227.6,3.2,977,0,0.0,24.7,24.4,,-0.7182388450960611,-0.6027273038385786,-0.7439556107840485,-0.7126099624431436,-0.7130419476222484,-0.7302372608454422,-0.8655698458534103,False
2021-10-25 04:18:00,-1.1,0.0,0.0,0.0,0.0,25.2,91.0,1.4,1.6,0.4,226.2,3.1,977,0,0.0,24.7,24.4,,-0.7182388450960611,-0.6027273038385786,-0.7439556107840485,-0.7126099624431436,-0.7130419476222484,-0.661868965601733,-0.8655698458534103,False
2021-10-25 04:19:00,-1.1,0.0,0.0,0.0,0.0,25.2,90.9,1.4,1.9,0.4,228.7,4.3,977,0,0.0,24.7,24.4,,-0.7182388450960611,-0.6027273038385786,-0.7439556107840485,-0.7126099624431436,-0.7130419476222484,-0.661868965601733,-0.7062126066346057,False
2021-10-25 04:20:00,-1.1,0.0,0.0,0.0,0.0,25.2,91.2,1.4,1.6,0.4,228.7,3.7,977,0,0.0,24.7,24.4,,-0.7182388450960611,-0.6027273038385786,-0.7439556107840485,-0.7126099624431436,-0.7130419476222484,-0.661868965601733,-0.8655698458534103,False
2021-10-25 04:21:00,-1.1,0.0,0.0,0.0,0.0,25.2,91.5,1.5,1.9,0.4,227.4,5.3,977,0,0.0,24.7,24.4,,-0.7182388450960611,-0.6027273038385786,-0.7439556107840485,-0.7126099624431436,-0.7130419476222484,-0.5935006703580237,-0.7062126066346057,False
2021-10-25 04:22:00,-1.1,0.0,0.0,0.0,0.0,25.2,91.2,1.3,1.9,0.4,226.3,5.4,977,0,0.0,24.8,24.5,,-0.7182388450960611,-0.6027273038385786,-0.7439556107840485,-0.7126099624431436,-0.7130419476222484,-0.7302372608454422,-0.7062126066346057,False
2021-10-25 04:23:00,-1.1,0.0,0.0,0.0,0.0,25.2,91.1,1.5,1.9,0.4,228.3,3.5,977,0,0.0,24.8,24.5,,-0.7182388450960611,-0.6027273038385786,-0.7439556107840485,-0.7126099624431436,-0.7130419476222484,-0.5935006703580237,-0.7062126066346057,False
2021-10-25 04:24:00,-1.1,0.0,0.0,0.0,0.0,25.2,90.9,1.6,1.9,0.4,227.9,6.3,977,0,0.0,24.8,24.5,,-0.7182388450960611,-0.6027273038385786,-0.7439556107840485,-0.7126099624431436,-0.7130419476222484,-0.5251323751143143,-0.7062126066346057,False
2021-10-25 04:25:00,-1.1,0.0,0.0,0.0,0.0,25.2,90.9,1.6,1.9,0.4,227.1,6.1,977,0,0.0,24.8,24.5,,-0.7182388450960611,-0.6027273038385786,-0.7439556107840485,-0.7126099624431436,-0.7130419476222484,-0.5251323751143143,-0.7062126066346057,False
2021-10-25 04:26:00,-1.0,0.0,0.0,0.0,0.0,25.2,91.1,1.6,1.9,0.4,226.8,3.6,977,0,0.0,24.8,24.5,,-0.7179287983792586,-0.6027273038385786,-0.7439556107840485,-0.7126099624431436,-0.7130419476222484,-0.5251323751143143,-0.7062126066346057,False
2021-10-25 04:27:00,-1.0,0.0,0.0,0.0,0.0,25.2,91.2,1.6,2.1,0.4,223.9,3.8,977,0,0.0,24.8,24.5,,-0.7179287983792586,-0.6027273038385786,-0.7439556107840485,-0.7126099624431436,-0.7130419476222484,-0.5251323751143143,-0.5999744471554024,False
2021-10-25 04:28:00,-1.0,0.0,0.0,0.0,0.0,25.2,91.4,1.4,1.9,0.4,226.2,4.3,977,0,0.0,24.8,24.5,,-0.7179287983792586,-0.6027273038385786,-0.7439556107840485,-0.7126099624431436,-0.7130419476222484,-0.661868965601733,-0.7062126066346057,False
2021-10-25 04:29:00,-1.0,0.0,0.0,0.0,0.0,25.2,91.1,1.4,1.6,0.4,228.9,3.4,977,0,0.0,24.8,24.5,,-0.7179287983792586,-0.6027273038385786,-0.7439556107840485,-0.7126099624431436,-0.7130419476222484,-0.661868965601733,-0.8655698458534103,False
2021-10-25 04:30:00,-1.0,0.0,0.0,0.0,0.0,25.2,91.2,1.4,1.9,0.4,226.8,5.2,977,0,0.0,24.8,24.5,,-0.7179287983792586,-0.6027273038385786,-0.7439556107840485,-0.7126099624431436,-0.7130419476222484,-0.661868965601733,-0.7062126066346057,False
2021-10-25 04:31:00,-1.0,0.0,0.0,0.0,0.0,25.2,91.0,1.6,1.9,0.4,226.0,4.4,977,0,0.0,24.8,24.5,,-0.7179287983792586,-0.6027273038385786,-0.7439556107840485,-0.7126099624431436,-0.7130419476222484,-0.5251323751143143,-0.7062126066346057,False
2021-10-25 04:32:00,-1.0,0.0,0.0,0.0,0.0,25.2,90.6,1.8,2.1,0.3,224.1,6.2,977,0,0.0,24.8,24.5,,-0.7179287983792586,-0.6027273038385786,-0.7439556107840485,-0.7126099624431436,-0.7130419476222484,-0.3883957846268957,-0.5999744471554024,False
2021-10-25 04:33:00,-1.0,0.0,0.0,0.0,0.0,25.2,90.2,1.8,2.1,0.3,221.7,2.6,977,0,0.0,24.8,24.5,,-0.7179287983792586,-0.6027273038385786,-0.7439556107840485,-0.7126099624431436,-0.7130419476222484,-0.3883957846268957,-0.5999744471554024,False
2021-10-25 04:34:00,-1.0,0.0,0.0,0.0,0.0,25.3,90.0,2.0,2.1,0.3,220.1,4.0,977,0,0.0,24.8,24.5,,-0.7179287983792586,-0.6027273038385786,-0.7439556107840485,-0.7126099624431436,-0.7130419476222484,-0.2516591941394772,-0.5999744471554024,False
2021-10-25 04:35:00,-0.9,0.0,0.0,0.0,0.0,25.3,90.1,1.8,2.1,0.4,221.6,4.1,977,0,0.0,24.8,24.5,,-0.717618751662456,-0.6027273038385786,-0.7439556107840485,-0.7126099624431436,-0.7130419476222484,-0.3883957846268957,-0.5999744471554024,False
2021-10-25 04:36:00,-0.9,0.0,0.0,0.0,0.0,25.3,89.9,1.9,2.1,0.3,218.7,3.2,977,0,0.0,24.8,24.5,,-0.717618751662456,-0.6027273038385786,-0.7439556107840485,-0.7126099624431436,-0.7130419476222484,-0.3200274893831865,-0.5999744471554024,False
2021-10-25 04:37:00,-0.9,0.0,0.0,0.0,0.0,25.3,89.8,1.8,2.1,0.3,219.9,4.2,977,0,0.0,24.8,24.5,,-0.717618751662456,-0.6027273038385786,-0.7439556107840485,-0.7126099624431436,-0.7130419476222484,-0.3883957846268957,-0.5999744471554024,False
2021-10-25 04:38:00,-0.9,0.0,0.0,0.0,0.0,25.3,90.0,1.8,2.1,0.3,221.5,3.2,977,0,0.0,24.8,24.5,,-0.717618751662456,-0.6027273038385786,-0.7439556107840485,-0.7126099624431436,-0.7130419476222484,-0.3883957846268957,-0.5999744471554024,False
2021-10-25 04:39:00,-0.9,0.0,0.0,0.0,0.0,25.3,90.1,1.8,2.1,0.3,221.6,2.5,977,0,0.0,24.8,24.5,,-0.717618751662456,-0.6027273038385786,-0.7439556107840485,-0.7126099624431436,-0.7130419476222484,-0.3883957846268957,-0.5999744471554024,False
2021-10-25 04:40:00,-0.9,0.0,0.0,0.0,0.0,25.3,89.8,1.7,1.9,0.3,222.8,1.4,977,0,0.0,24.8,24.5,,-0.717618751662456,-0.6027273038385786,-0.7439556107840485,-0.7126099624431436,-0.7130419476222484,-0.4567640798706051,-0.7062126066346057,False
2021-10-25 04:41:00,-0.9,0.0,0.0,0.0,0.0,25.4,89.7,1.7,1.9,0.3,224.8,1.9,977,0,0.0,24.8,24.5,,-0.717618751662456,-0.6027273038385786,-0.7439556107840485,-0.7126099624431436,-0.7130419476222484,-0.4567640798706051,-0.7062126066346057,False
2021-10-25 04:42:00,-0.9,0.0,0.0,0.0,0.0,25.4,89.8,1.7,2.1,0.3,226.6,1.2,977,0,0.0,24.8,24.5,,-0.717618751662456,-0.6027273038385786,-0.7439556107840485,-0.7126099624431436,-0.7130419476222484,-0.4567640798706051,-0.5999744471554024,False
2021-10-25 04:43:00,-1.0,0.0,0.0,0.0,0.0,25.4,89.9,1.7,1.9,0.3,225.5,4.1,977,0,0.0,24.8,24.5,,-0.7179287983792586,-0.6027273038385786,-0.7439556107840485,-0.7126099624431436,-0.7130419476222484,-0.4567640798706051,-0.7062126066346057,False
2021-10-25 04:44:00,-1.0,0.0,0.0,0.0,0.0,25.4,89.9,1.8,1.9,0.2,226.5,2.7,977,0,0.0,24.8,24.5,,-0.7179287983792586,-0.6027273038385786,-0.7439556107840485,-0.7126099624431436,-0.7130419476222484,-0.3883957846268957,-0.7062126066346057,False
2021-10-25 04:45:00,-1.0,0.0,0.0,0.0,0.0,25.3,90.1,1.7,2.1,0.4,228.1,4.1,977,0,0.0,24.8,24.6,,-0.7179287983792586,-0.6027273038385786,-0.7439556107840485,-0.7126099624431436,-0.7130419476222484,-0.4567640798706051,-0.5999744471554024,False
2021-10-25 04:46:00,-1.0,0.0,0.0,0.0,0.0,25.3,90.0,1.5,1.9,0.4,224.0,2.9,977,0,0.0,24.8,24.5,,-0.7179287983792586,-0.6027273038385786,-0.7439556107840485,-0.7126099624431436,-0.7130419476222484,-0.5935006703580237,-0.7062126066346057,False
2021-10-25 04:47:00,-1.0,0.0,0.0,0.0,0.0,25.3,89.9,1.7,2.1,0.3,224.2,3.4,977,0,0.0,24.8,24.5,,-0.7179287983792586,-0.6027273038385786,-0.7439556107840485,-0.7126099624431436,-0.7130419476222484,-0.4567640798706051,-0.5999744471554024,False
2021-10-25 04:48:00,-1.1,0.0,0.0,0.0,0.0,25.3,89.9,1.7,1.9,0.3,224.5,2.6,977,0,0.0,24.8,24.5,,-0.7182388450960611,-0.6027273038385786,-0.7439556107840485,-0.7126099624431436,-0.7130419476222484,-0.4567640798706051,-0.7062126066346057,False
2021-10-25 04:49:00,-1.1,0.0,0.0,0.0,0.0,25.3,90.0,1.7,1.9,0.3,225.2,2.1,977,0,0.0,24.8,24.5,,-0.7182388450960611,-0.6027273038385786,-0.7439556107840485,-0.7126099624431436,-0.7130419476222484,-0.4567640798706051,-0.7062126066346057,False
2021-10-25 04:50:00,-1.1,0.0,0.0,0.0,0.0,25.3,90.1,1.7,1.9,0.3,220.6,3.5,977,0,0.0,24.8,24.5,,-0.7182388450960611,-0.6027273038385786,-0.7439556107840485,-0.7126099624431436,-0.7130419476222484,-0.4567640798706051,-0.7062126066346057,False
2021-10-25 04:51:00,-1.1,0.0,0.0,0.0,0.0,25.3,90.3,1.6,1.9,0.4,221.9,2.9,977,0,0.0,24.8,24.5,,-0.7182388450960611,-0.6027273038385786,-0.7439556107840485,-0.7126099624431436,-0.7130419476222484,-0.5251323751143143,-0.7062126066346057,False
2021-10-25 04:52:00,-1.1,0.0,0.0,0.0,0.0,25.3,90.3,1.5,1.9,0.4,218.9,4.6,977,0,0.0,24.8,24.5,,-0.7182388450960611,-0.6027273038385786,-0.7439556107840485,-0.7126099624431436,-0.7130419476222484,-0.5935006703580237,-0.7062126066346057,False
2021-10-25 04:53:00,-1.2,0.0,0.0,0.0,0.0,25.2,90.4,1.4,1.9,0.4,218.6,2.9,977,0,0.0,24.8,24.5,,-0.7185488918128635,-0.6027273038385786,-0.7439556107840485,-0.7126099624431436,-0.7130419476222484,-0.661868965601733,-0.7062126066346057,False
2021-10-25 04:54:00,-1.2,0.0,0.0,0.0,0.0,25.2,90.4,1.5,1.9,0.4,221.2,3.7,977,0,0.0,24.7,24.5,,-0.7185488918128635,-0.6027273038385786,-0.7439556107840485,-0.7126099624431436,-0.7130419476222484,-0.5935006703580237,-0.7062126066346057,False
2021-10-25 04:55:00,-1.2,0.0,0.0,0.0,0.0,25.2,90.4,1.7,2.1,0.4,220.4,4.1,977,0,0.0,24.7,24.5,,-0.7185488918128635,-0.6027273038385786,-0.7439556107840485,-0.7126099624431436,-0.7130419476222484,-0.4567640798706051,-0.5999744471554024,False
2021-10-25 04:56:00,-1.2,0.0,0.0,0.0,0.0,25.2,90.4,1.7,2.1,0.3,220.1,3.5,977,0,0.0,24.7,24.5,,-0.7185488918128635,-0.6027273038385786,-0.7439556107840485,-0.7126099624431436,-0.7130419476222484,-0.4567640798706051,-0.5999744471554024,False
2021-10-25 04:57:00,-1.2,0.0,0.0,0.0,0.0,25.3,90.4,1.8,2.1,0.3,221.4,3.7,977,0,0.0,24.8,24.5,,-0.7185488918128635,-0.6027273038385786,-0.7439556107840485,-0.7126099624431436,-0.7130419476222484,-0.3883957846268957,-0.5999744471554024,False
2021-10-25 04:58:00,-1.2,0.0,0.0,0.0,0.0,25.3,90.3,1.6,1.9,0.4,220.4,2.7,977,0,0.0,24.8,24.5,,-0.7185488918128635,-0.6027273038385786,-0.7439556107840485,-0.7126099624431436,-0.7130419476222484,-0.5251323751143143,-0.7062126066346057,False
2021-10-25 04:59:00,-1.2,0.0,0.0,0.0,0.0,25.3,90.2,1.6,1.9,0.4,220.0,3.4,977,0,0.0,24.8,24.5,,-0.7185488918128635,-0.6027273038385786,-0.7439556107840485,-0.7126099624431436,-0.7130419476222484,-0.5251323751143143,-0.7062126066346057,False
2021-10-25 05:00:00,-1.2,0.0,0.0,0.0,0.0,25.3,90.3,1.5,1.9,0.4,218.5,6.7,977,0,0.0,24.8,24.5,,-0.7185488918128635,-0.6027273038385786,-0.7439556107840485,-0.7126099624431436,-0.7130419476222484,-0.5935006703580237,-0.7062126066346057,False
2021-10-25 05:01:00,-1.2,0.0,0.0,0.0,0.0,25.2,90.3,1.3,1.9,0.5,222.5,6.8,977,0,0.0,24.8,24.5,,-0.7185488918128635,-0.6027273038385786,-0.7439556107840485,-0.7126099624431436,-0.7130419476222484,-0.7302372608454422,-0.7062126066346057,False
2021-10-25 05:02:00,-1.2,0.0,0.0,0.0,0.0,25.2,90.2,1.2,1.6,0.4,219.0,3.9,977,0,0.0,24.7,24.5,,-0.7185488918128635,-0.6027273038385786,-0.7439556107840485,-0.7126099624431436,-0.7130419476222484,-0.7986055560891516,-0.8655698458534103,False
2021-10-25 05:03:00,-1.2,0.0,0.0,0.0,0.0,25.2,90.1,1.4,1.6,0.4,219.1,3.1,977,0,0.0,24.7,24.5,,-0.7185488918128635,-0.6027273038385786,-0.7439556107840485,-0.7126099624431436,-0.7130419476222484,-0.661868965601733,-0.8655698458534103,False
2021-10-25 05:04:00,-1.2,0.0,0.0,0.0,0.0,25.2,90.3,1.3,1.6,0.3,216.4,3.6,977,0,0.0,24.7,24.5,,-0.7185488918128635,-0.6027273038385786,-0.7439556107840485,-0.7126099624431436,-0.7130419476222484,-0.7302372608454422,-0.8655698458534103,False
2021-10-25 05:05:00,-1.2,0.0,0.0,0.0,0.0,25.2,90.2,1.2,1.6,0.4,218.9,5.5,977,0,0.0,24.7,24.5,,-0.7185488918128635,-0.6027273038385786,-0.7439556107840485,-0.7126099624431436,-0.7130419476222484,-0.7986055560891516,-0.8655698458534103,False
2021-10-25 05:06:00,-1.3,0.0,0.0,0.0,0.0,25.2,90.5,1.1,1.6,0.4,221.8,6.7,977,0,0.0,24.7,24.5,,-0.7188589385296661,-0.6027273038385786,-0.7439556107840485,-0.7126099624431436,-0.7130419476222484,-0.8669738513328608,-0.8655698458534103,False
2021-10-25 05:07:00,-1.3,0.0,0.0,0.0,0.0,25.2,90.5,1.2,1.9,0.4,220.7,6.5,977,0,0.0,24.7,24.4,,-0.7188589385296661,-0.6027273038385786,-0.7439556107840485,-0.7126099624431436,-0.7130419476222484,-0.7986055560891516,-0.7062126066346057,False
2021-10-25 05:08:00,-1.3,0.0,0.0,0.0,0.0,25.2,90.6,1.3,1.6,0.4,220.3,6.0,977,0,0.0,24.7,24.4,,-0.7188589385296661,-0.6027273038385786,-0.7439556107840485,-0.7126099624431436,-0.7130419476222484,-0.7302372608454422,-0.8655698458534103,False
2021-10-25 05:09:00,-1.3,0.0,0.0,0.0,0.0,25.2,90.8,1.0,1.4,0.5,222.4,3.9,977,0,0.0,24.7,24.4,,-0.7188589385296661,-0.6027273038385786,-0.7439556107840485,-0.7126099624431436,-0.7130419476222484,-0.93534214657657,-0.9718080053326136,False
2021-10-25 05:10:00,-1.3,0.0,0.0,0.0,0.0,25.2,91.0,1.2,1.6,0.4,221.8,6.2,977,0,0.0,24.7,24.4,,-0.7188589385296661,-0.6027273038385786,-0.7439556107840485,-0.7126099624431436,-0.7130419476222484,-0.7986055560891516,-0.8655698458534103,False
2021-10-25 05:11:00,-1.4,0.0,0.0,0.0,0.0,25.2,91.2,1.4,1.9,0.4,228.1,6.4,977,0,0.0,24.7,24.4,,-0.7191689852464686,-0.6027273038385786,-0.7439556107840485,-0.7126099624431436,-0.7130419476222484,-0.661868965601733,-0.7062126066346057,False
2021-10-25 05:12:00,-1.4,0.0,0.0,0.0,0.0,25.2,91.4,1.6,1.9,0.4,226.5,5.9,977,0,0.0,24.7,24.4,,-0.7191689852464686,-0.6027273038385786,-0.7439556107840485,-0.7126099624431436,-0.7130419476222484,-0.5251323751143143,-0.7062126066346057,False
2021-10-25 05:13:00,-1.4,0.0,0.0,0.0,0.0,25.2,91.6,1.5,1.9,0.4,224.3,4.7,977,0,0.0,24.7,24.4,,-0.7191689852464686,-0.6027273038385786,-0.7439556107840485,-0.7126099624431436,-0.7130419476222484,-0.5935006703580237,-0.7062126066346057,False
2021-10-25 05:14:00,-1.3,0.0,0.0,0.0,0.0,25.2,91.7,1.6,1.9,0.4,229.5,7.6,977,0,0.0,24.7,24.4,,-0.7188589385296661,-0.6027273038385786,-0.7439556107840485,-0.7126099624431436,-0.7130419476222484,-0.5251323751143143,-0.7062126066346057,False
2021-10-25 05:15:00,-1.3,0.0,0.0,0.0,0.0,25.2,91.9,1.5,1.9,0.4,226.5,6.2,977,0,0.0,24.8,24.5,,-0.7188589385296661,-0.6027273038385786,-0.7439556107840485,-0.7126099624431436,-0.7130419476222484,-0.5935006703580237,-0.7062126066346057,False
2021-10-25 05:16:00,-1.3,0.0,0.0,0.0,0.0,25.2,92.1,1.1,1.6,0.4,228.4,6.2,977,0,0.0,24.8,24.5,,-0.7188589385296661,-0.6027273038385786,-0.7439556107840485,-0.7126099624431436,-0.7130419476222484,-0.8669738513328608,-0.8655698458534103,False
2021-10-25 05:17:00,-1.3,0.0,0.0,0.0,0.0,25.2,92.2,1.4,1.9,0.4,227.8,7.7,977,0,0.0,24.8,24.5,,-0.7188589385296661,-0.6027273038385786,-0.7439556107840485,-0.7126099624431436,-0.7130419476222484,-0.661868965601733,-0.7062126066346057,False
2021-10-25 05:18:00,-1.3,0.0,0.0,0.0,0.0,25.2,92.3,1.5,1.9,0.4,229.3,7.7,977,0,0.0,24.8,24.5,,-0.7188589385296661,-0.6027273038385786,-0.7439556107840485,-0.7126099624431436,-0.7130419476222484,-0.5935006703580237,-0.7062126066346057,False
2021-10-25 05:19:00,-1.3,0.0,0.0,0.0,0.0,25.2,92.5,1.3,1.6,0.3,232.6,6.0,977,0,0.0,24.8,24.5,,-0.7188589385296661,-0.6027273038385786,-0.7439556107840485,-0.7126099624431436,-0.7130419476222484,-0.7302372608454422,-0.8655698458534103,False
2021-10-25 05:20:00,-1.3,0.0,0.0,0.0,0.0,25.2,92.6,1.5,1.9,0.4,228.8,4.9,977,0,0.0,24.8,24.6,,-0.7188589385296661,-0.6027273038385786,-0.7439556107840485,-0.7126099624431436,-0.7130419476222484,-0.5935006703580237,-0.7062126066346057,False
2021-10-25 05:21:00,-1.3,0.0,0.0,0.0,0.0,25.2,92.7,1.3,1.9,0.4,230.3,4.7,977,0,0.0,24.9,24.6,,-0.7188589385296661,-0.6027273038385786,-0.7439556107840485,-0.7126099624431436,-0.7130419476222484,-0.7302372608454422,-0.7062126066346057,False
2021-10-25 05:22:00,-1.3,0.0,0.0,0.0,0.0,25.1,93.0,1.6,2.1,0.4,230.4,4.5,977,0,0.0,24.9,24.6,,-0.7188589385296661,-0.6027273038385786,-0.7439556107840485,-0.7126099624431436,-0.7130419476222484,-0.5251323751143143,-0.5999744471554024,False
2021-10-25 05:23:00,-1.2,0.0,0.0,0.0,0.0,25.1,93.3,1.6,2.1,0.4,229.3,7.1,977,0,0.0,24.9,24.6,,-0.7185488918128635,-0.6027273038385786,-0.7439556107840485,-0.7126099624431436,-0.7130419476222484,-0.5251323751143143,-0.5999744471554024,False
2021-10-25 05:24:00,-1.2,0.0,0.0,0.0,0.0,25.1,93.3,1.4,1.9,0.4,231.3,6.6,977,0,0.0,24.9,24.6,,-0.7185488918128635,-0.6027273038385786,-0.7439556107840485,-0.7126099624431436,-0.7130419476222484,-0.661868965601733,-0.7062126066346057,False
2021-10-25 05:25:00,-1.2,0.0,0.0,0.0,0.0,25.1,93.5,1.8,2.4,0.4,227.6,4.9,977,0,0.0,24.9,24.6,,-0.7185488918128635,-0.6027273038385786,-0.7439556107840485,-0.7126099624431436,-0.7130419476222484,-0.3883957846268957,-0.4406172079365978,False
2021-10-25 05:26:00,-1.2,0.0,0.0,0.0,0.0,25.1,93.6,1.6,2.1,0.4,227.6,6.7,977,0,0.0,24.9,24.6,,-0.7185488918128635,-0.6027273038385786,-0.7439556107840485,-0.7126099624431436,-0.7130419476222484,-0.5251323751143143,-0.5999744471554024,False
2021-10-25 05:27:00,-1.2,0.0,0.0,0.0,0.0,25.1,93.6,1.6,2.4,0.4,227.9,7.4,977,0,0.0,25.0,24.7,,-0.7185488918128635,-0.6027273038385786,-0.7439556107840485,-0.7126099624431436,-0.7130419476222484,-0.5251323751143143,-0.4406172079365978,False
2021-10-25 05:28:00,-1.2,0.0,0.0,0.0,0.0,25.1,93.8,1.8,2.4,0.4,224.5,7.1,977,0,0.0,25.0,24.7,,-0.7185488918128635,-0.6027273038385786,-0.7439556107840485,-0.7126099624431436,-0.7130419476222484,-0.3883957846268957,-0.4406172079365978,False
2021-10-25 05:29:00,-1.2,0.0,0.0,0.0,0.0,25.1,93.8,1.9,2.4,0.4,226.6,6.6,977,0,0.0,25.0,24.7,,-0.7185488918128635,-0.6027273038385786,-0.7439556107840485,-0.7126099624431436,-0.7130419476222484,-0.3200274893831865,-0.4406172079365978,False
2021-10-25 05:30:00,-1.2,0.0,0.0,0.0,0.0,25.1,93.9,2.0,2.4,0.4,228.2,7.1,977,0,0.0,25.0,24.7,,-0.7185488918128635,-0.6027273038385786,-0.7439556107840485,-0.7126099624431436,-0.7130419476222484,-0.2516591941394772,-0.4406172079365978,False
2021-10-25 05:31:00,-1.1,0.0,0.0,0.0,0.0,25.1,94.0,2.0,2.6,0.4,228.6,6.2,977,0,0.0,25.0,24.7,,-0.7182388450960611,-0.6027273038385786,-0.7439556107840485,-0.7126099624431436,-0.7130419476222484,-0.2516591941394772,-0.3343790484573945,False
2021-10-25 05:32:00,-1.1,0.0,0.0,0.1,0.1,25.1,94.1,1.8,2.4,0.4,228.3,5.8,977,0,0.0,25.1,24.7,,-0.7182388450960611,-0.6027273038385786,-0.7439556107840485,-0.7122948496026662,-0.7127172008295375,-0.3883957846268957,-0.4406172079365978,False
2021-10-25 05:33:00,-1.1,0.0,0.0,0.1,0.1,25.1,94.1,1.9,2.1,0.3,228.0,6.9,977,0,0.0,25.1,24.8,,-0.7182388450960611,-0.6027273038385786,-0.7439556107840485,-0.7122948496026662,-0.7127172008295375,-0.3200274893831865,-0.5999744471554024,False
2021-10-25 05:34:00,-1.0,0.0,0.0,0.1,0.1,25.2,94.2,1.7,2.1,0.4,231.7,6.8,977,0,0.0,25.1,24.8,,-0.7179287983792586,-0.6027273038385786,-0.7439556107840485,-0.7122948496026662,-0.7127172008295375,-0.4567640798706051,-0.5999744471554024,False
2021-10-25 05:35:00,-1.0,0.0,0.0,0.2,0.2,25.1,94.2,1.7,2.4,0.4,230.3,5.9,977,0,0.0,25.1,24.8,,-0.7179287983792586,-0.6027273038385786,-0.7439556107840485,-0.711979736762189,-0.7123924540368266,-0.4567640798706051,-0.4406172079365978,False
2021-10-25 05:36:00,-0.9,0.0,0.0,0.3,0.3,25.1,94.2,1.7,1.9,0.3,228.3,5.8,977,0,0.0,25.1,24.8,,-0.717618751662456,-0.6027273038385786,-0.7439556107840485,-0.7116646239217115,-0.7120677072441157,-0.4567640798706051,-0.7062126066346057,False
2021-10-25 05:37:00,-0.9,0.0,0.0,0.3,0.3,25.1,94.1,1.9,2.6,0.4,228.3,7.0,977,0,0.0,25.1,24.8,,-0.717618751662456,-0.6027273038385786,-0.7439556107840485,-0.7116646239217115,-0.7120677072441157,-0.3200274893831865,-0.3343790484573945,False
2021-10-25 05:38:00,-0.8,0.0,0.0,0.4,0.4,25.1,93.8,1.8,2.4,0.4,228.3,6.4,977,0,0.0,25.1,24.8,,-0.7173087049456536,-0.6027273038385786,-0.7439556107840485,-0.7113495110812342,-0.7117429604514048,-0.3883957846268957,-0.4406172079365978,False
2021-10-25 05:39:00,-0.7,0.0,0.0,0.5,0.5,25.1,93.8,1.8,2.1,0.4,224.5,6.1,977,0,0.0,25.1,24.8,,-0.716998658228851,-0.6027273038385786,-0.7439556107840485,-0.7110343982407569,-0.711418213658694,-0.3883957846268957,-0.5999744471554024,False
2021-10-25 05:40:00,-0.5,0.0,0.0,0.7,0.7,25.1,93.8,1.7,2.1,0.4,225.8,7.7,977,0,0.0,25.1,24.8,,-0.7163785647952461,-0.6027273038385786,-0.7439556107840485,-0.7104041725598023,-0.7107687200732721,-0.4567640798706051,-0.5999744471554024,False
2021-10-25 05:41:00,-0.4,0.0,0.2,0.8,0.8,25.1,93.4,1.6,2.4,0.5,227.6,7.5,977,0,0.0,25.1,24.8,,-0.7160685180784435,-0.6027273038385786,-0.7426778234191636,-0.7100890597193249,-0.7104439732805612,-0.5251323751143143,-0.4406172079365978,False
2021-10-25 05:42:00,-0.2,0.0,0.5,1.0,1.0,25.1,93.0,1.6,1.9,0.4,225.0,6.6,977,0,0.0,25.1,24.8,,-0.7154484246448385,-0.6027273038385786,-0.7407611423718361,-0.7094588340383703,-0.7097944796951394,-0.5251323751143143,-0.7062126066346057,False
2021-10-25 05:43:00,0.0,0.0,0.6,1.2,1.2,25.2,92.7,1.8,2.1,0.3,225.4,4.8,977,0,0.0,25.0,24.8,,-0.7148283312112336,-0.6027273038385786,-0.7401222486893936,-0.7088286083574157,-0.7091449861097177,-0.3883957846268957,-0.5999744471554024,False
2021-10-25 05:44:00,0.2,0.0,0.7,1.4,1.4,25.2,92.7,1.4,1.9,0.4,231.2,5.8,977,0,0.0,25.0,24.7,,-0.7142082377776285,-0.6027273038385786,-0.7394833550069511,-0.708198382676461,-0.7084954925242958,-0.661868965601733,-0.7062126066346057,False
2021-10-25 05:45:00,0.5,0.0,0.8,1.6,1.6,25.2,92.8,1.5,1.9,0.4,229.9,7.9,977,0,0.0,25.0,24.7,,-0.713278097627221,-0.6027273038385786,-0.7388444613245087,-0.7075681569955063,-0.707845998938874,-0.5935006703580237,-0.7062126066346057,False
2021-10-25 05:46:00,0.8,0.0,0.9,1.9,1.9,25.2,92.6,1.6,2.1,0.4,230.1,7.0,977,0,0.0,25.0,24.7,,-0.7123479574768135,-0.6027273038385786,-0.7382055676420661,-0.7066228184740743,-0.7068717585607412,-0.5251323751143143,-0.5999744471554024,False
2021-10-25 05:47:00,1.0,0.0,1.0,2.1,2.1,25.1,92.5,1.6,1.9,0.4,230.0,7.0,977,0,0.0,25.0,24.7,,-0.7117278640432085,-0.6027273038385786,-0.7375666739596236,-0.7059925927931197,-0.7062222649753195,-0.5251323751143143,-0.7062126066346057,False
2021-10-25 05:48:00,1.2,0.0,1.1,2.3,2.3,25.1,92.6,1.6,1.9,0.4,229.3,6.7,977,0,0.0,25.0,24.7,,-0.7111077706096035,-0.6027273038385786,-0.7369277802771812,-0.7053623671121649,-0.7055727713898976,-0.5251323751143143,-0.7062126066346057,False
2021-10-25 05:49:00,1.4,0.0,1.2,2.5,2.5,25.1,92.6,1.7,2.1,0.4,232.5,6.5,977,0,0.0,25.0,24.7,,-0.7104876771759985,-0.6027273038385786,-0.7362888865947387,-0.7047321414312103,-0.7049232778044758,-0.4567640798706051,-0.5999744471554024,False
2021-10-25 05:50:00,1.7,0.0,1.3,2.8,2.8,25.1,92.4,1.8,2.4,0.4,231.5,5.6,977,0,0.0,25.0,24.7,,-0.709557537025591,-0.6027273038385786,-0.7356499929122963,-0.7037868029097782,-0.7039490374263431,-0.3883957846268957,-0.4406172079365978,False
2021-10-25 05:51:00,2.0,0.0,1.4,3.1,3.1,25.1,92.1,1.7,2.1,0.4,227.9,5.3,977,0,0.0,25.0,24.7,,-0.7086273968751835,-0.6027273038385786,-0.7350110992298536,-0.7028414643883464,-0.7029747970482104,-0.4567640798706051,-0.5999744471554024,False
2021-10-25 05:52:00,2.5,0.0,1.7,3.6,3.6,25.2,91.9,1.6,2.4,0.4,229.4,6.0,977,0,0.0,25.0,24.7,,-0.707077163291171,-0.6027273038385786,-0.7330944181825263,-0.7012659001859597,-0.7013510630846559,-0.5251323751143143,-0.4406172079365978,False
2021-10-25 05:53:00,3.0,0.0,1.9,4.1,4.1,25.2,91.7,1.7,2.1,0.4,227.7,4.2,977,0,0.0,25.0,24.7,,-0.7055269297071585,-0.6027273038385786,-0.7318166308176413,-0.6996903359835731,-0.6997273291211014,-0.4567640798706051,-0.5999744471554024,False
2021-10-25 05:54:00,3.6,0.0,3.1,4.7,4.7,25.2,91.4,1.5,2.1,0.4,230.7,7.3,977,0,0.0,25.0,24.7,,-0.7036666494063435,-0.6027273038385786,-0.7241499066283316,-0.6977996589407091,-0.697778848364836,-0.5935006703580237,-0.5999744471554024,False
2021-10-25 05:55:00,4.4,0.0,3.9,5.4,5.4,25.2,91.5,1.3,1.6,0.3,233.2,6.0,977,0,0.0,24.9,24.7,,-0.7011862756719234,-0.6027273038385786,-0.7190387571687916,-0.6955938690573678,-0.6955056208158595,-0.7302372608454422,-0.8655698458534103,False
2021-10-25 05:56:00,5.1,0.0,4.6,6.1,6.1,25.2,91.6,1.7,2.1,0.4,233.8,6.6,977,0,0.0,24.9,24.7,,-0.6990159486543059,-0.6027273038385786,-0.7145665013916943,-0.6933880791740265,-0.6932323932668834,-0.4567640798706051,-0.5999744471554024,False
2021-10-25 05:57:00,5.8,0.0,5.3,6.7,6.7,25.2,91.6,1.6,1.9,0.4,230.9,6.5,977,0,0.0,24.9,24.7,,-0.6968456216366883,-0.6027273038385786,-0.7100942456145969,-0.6914974021311625,-0.6912839125106179,-0.5251323751143143,-0.7062126066346057,False
2021-10-25 05:58:00,6.5,0.0,6.1,7.5,7.5,25.1,91.4,1.7,2.1,0.4,232.0,6.5,977,0,0.0,24.9,24.7,,-0.6946752946190708,-0.6027273038385786,-0.704983096155057,-0.6889764994073438,-0.6886859381689306,-0.4567640798706051,-0.5999744471554024,False
2021-10-25 05:59:00,7.4,0.0,7.1,8.4,8.3,25.1,91.2,1.2,1.6,0.3,227.9,6.5,977,0,0.0,24.9,24.7,,-0.6918848741678483,-0.6027273038385786,-0.6985941593306322,-0.6861404838430478,-0.6860879638272434,-0.7986055560891516,-0.8655698458534103,False
2021-10-25 06:00:00,8.5,0.0,8.2,9.4,9.3,25.1,91.3,1.5,1.9,0.4,227.6,5.8,977,0,0.0,24.9,24.7,,-0.6884743602830208,-0.6027273038385786,-0.6915663288237648,-0.6829893554382745,-0.6828404959001343,-0.5935006703580237,-0.7062126066346057,False
2021-10-25 06:01:00,9.5,4.2,9.1,10.3,10.3,25.1,90.9,1.7,2.1,0.4,228.1,5.3,977,0,0.0,24.9,24.7,,-0.6853738931149957,-0.5859913505193248,-0.6858162856817825,-0.6801533398739786,-0.6795930279730252,-0.4567640798706051,-0.5999744471554024,False
2021-10-25 06:02:00,10.5,3.0,10.2,11.3,11.2,25.1,90.8,1.9,2.4,0.3,224.6,4.6,977,0,0.0,24.9,24.7,,-0.6822734259469707,-0.590773051467683,-0.6787884551749152,-0.6770022114692054,-0.6766703068386272,-0.3200274893831865,-0.4406172079365978,False
2021-10-25 06:03:00,11.5,3.7,11.3,12.3,12.2,25.1,90.5,2.1,2.6,0.4,226.3,5.9,977,0,0.0,24.9,24.7,,-0.6791729587789457,-0.587983725914474,-0.6717606246680479,-0.673851083064432,-0.6734228389115182,-0.1832908988957678,-0.3343790484573945,False
2021-10-25 06:04:00,12.7,10.3,12.2,13.4,13.3,25.2,89.9,1.8,2.4,0.5,233.1,8.7,977,0,0.0,24.9,24.7,,-0.6754523981773156,-0.5616843706985035,-0.6660105815260655,-0.6703848418191815,-0.6698506241916982,-0.3883957846268957,-0.4406172079365978,False
2021-10-25 06:05:00,13.8,0.0,13.9,14.4,14.3,25.2,89.6,1.9,2.4,0.4,227.9,8.5,977,0,0.0,24.9,24.7,,-0.672041884292488,-0.6027273038385786,-0.6551493889245432,-0.6672337134144081,-0.6666031562645891,-0.3200274893831865,-0.4406172079365978,False
2021-10-25 06:06:00,14.9,12.3,14.5,15.4,15.3,25.3,89.5,1.9,2.4,0.4,225.0,9.4,977,0,0.0,24.9,24.7,,-0.6686313704076605,-0.5537148691179065,-0.6513160268298883,-0.6640825850096348,-0.66335568833748,-0.3200274893831865,-0.4406172079365978,False
2021-10-25 06:07:00,16.2,5.7,16.2,16.6,16.5,25.3,89.2,1.8,2.1,0.3,227.2,7.8,977,0,0.0,24.9,24.8,,-0.664600763089228,-0.580014224333877,-0.6404548342283661,-0.6603012309239069,-0.6594587268249492,-0.3883957846268957,-0.5999744471554024,False
2021-10-25 06:08:00,17.5,0.0,17.9,17.9,17.8,25.3,88.7,1.9,2.4,0.4,225.6,7.0,977,0,0.0,25.0,24.8,,-0.6605701557707955,-0.6027273038385786,-0.629593641626844,-0.6562047639977016,-0.6552370185197075,-0.3200274893831865,-0.4406172079365978,False
2021-10-25 06:09:00,18.9,5.4,19.0,19.2,19.1,25.3,89.0,1.7,2.2,0.4,229.1,5.7,977,0,0.0,25.0,24.8,,-0.6562295017355604,-0.5812096495709664,-0.6225658111199766,-0.6521082970714963,-0.6510153102144658,-0.4567640798706051,-0.5468553674158008,False
2021-10-25 06:10:00,20.2,12.1,19.8,20.5,20.3,25.3,88.8,1.8,2.2,0.4,228.0,8.0,977,0,0.0,25.0,24.8,,-0.6521988944171279,-0.5545118192759662,-0.6174546616604367,-0.6480118301452911,-0.6471183487019349,-0.3883957846268957,-0.5468553674158008,False
2021-10-25 06:11:00,21.6,5.7,21.6,21.8,21.6,25.4,89.2,1.8,2.2,0.4,224.2,8.2,977,0,0.0,25.0,24.9,,-0.6478582403818929,-0.580014224333877,-0.605954575376472,-0.6439153632190857,-0.6428966403966931,-0.3883957846268957,-0.5468553674158008,False
2021-10-25 06:12:00,22.9,0.0,23.4,23.1,22.9,25.3,89.1,2.0,2.4,0.4,225.1,9.2,977,0,0.0,25.1,24.9,,-0.6438276330634602,-0.6027273038385786,-0.5944544890925074,-0.6398188962928805,-0.6386749320914514,-0.2516591941394772,-0.4406172079365978,False
2021-10-25 06:13:00,24.2,0.0,24.6,24.3,24.1,25.3,88.9,2.1,2.6,0.4,228.8,7.0,977,0,0.0,25.1,24.9,,-0.6397970257450277,-0.6027273038385786,-0.5867877649031975,-0.6360375422071525,-0.6347779705789206,-0.1832908988957678,-0.3343790484573945,False
2021-10-25 06:14:00,25.4,6.4,25.3,25.5,25.4,25.3,88.9,2.1,2.4,0.4,228.2,6.7,978,0,0.0,25.1,24.9,,-0.6360764651433977,-0.5772248987806678,-0.5823155091261002,-0.6322561881214246,-0.6305562622736788,-0.1832908988957678,-0.4406172079365978,False
2021-10-25 06:15:00,26.7,2.1,26.9,26.7,26.6,25.4,88.8,2.1,2.6,0.5,229.6,6.8,978,0,0.0,25.1,25.0,,-0.6320458578249651,-0.5943593271789517,-0.5720932102070204,-0.6284748340356967,-0.626659300761148,-0.1832908988957678,-0.3343790484573945,False
2021-10-25 06:16:00,28.0,0.0,28.3,27.9,27.8,25.4,88.6,1.9,2.6,0.4,233.5,8.9,978,0,0.0,25.2,25.0,,-0.6280152505065326,-0.6027273038385786,-0.5631486986528257,-0.6246934799499687,-0.6227623392486171,-0.3200274893831865,-0.3343790484573945,False
2021-10-25 06:17:00,29.3,0.0,29.5,29.2,29.0,25.4,88.6,1.9,2.4,0.3,232.2,7.5,978,0,0.0,25.2,25.0,,-0.6239846431881,-0.6027273038385786,-0.5554819744635158,-0.6205970130237635,-0.6188653777360863,-0.3200274893831865,-0.4406172079365978,False
2021-10-25 06:18:00,30.6,0.0,30.7,30.4,30.2,25.4,88.9,1.9,2.4,0.4,232.3,7.5,978,0,0.0,25.2,25.1,,-0.6199540358696676,-0.6027273038385786,-0.547815250274206,-0.6168156589380355,-0.6149684162235555,-0.3200274893831865,-0.4406172079365978,False
2021-10-25 06:19:00,31.9,0.0,32.0,31.7,31.5,25.4,89.1,1.8,2.4,0.4,231.9,8.3,978,0,0.0,25.3,25.1,,-0.6159234285512349,-0.6027273038385786,-0.5395096324024538,-0.6127191920118302,-0.6107467079183136,-0.3883957846268957,-0.4406172079365978,False
2021-10-25 06:20:00,33.2,0.0,33.3,33.0,32.8,25.4,88.8,1.9,2.4,0.4,230.4,7.7,978,0,0.0,25.3,25.1,,-0.6118928212328024,-0.6027273038385786,-0.5312040145307014,-0.6086227250856249,-0.6065249996130719,-0.3200274893831865,-0.4406172079365978,False
2021-10-25 06:21:00,34.6,0.0,34.6,34.4,34.2,25.4,89.3,2.0,2.6,0.4,235.0,8.3,978,0,0.0,25.3,25.2,,-0.6075521671975674,-0.6027273038385786,-0.5228983966589491,-0.6042111453189423,-0.6019785445151193,-0.2516591941394772,-0.3343790484573945,False
2021-10-25 06:22:00,36.0,0.0,36.0,35.8,35.5,25.4,88.9,1.9,2.6,0.4,229.6,8.4,978,0,0.0,25.4,25.2,,-0.6032115131623323,-0.6027273038385786,-0.5139538851047544,-0.5997995655522598,-0.5977568362098775,-0.3200274893831865,-0.3343790484573945,False
2021-10-25 06:23:00,37.5,0.0,37.4,37.1,36.9,25.4,88.9,2.0,2.4,0.3,231.2,11.2,978,0,0.0,25.4,25.2,,-0.5985608124102948,-0.6027273038385786,-0.5050093735505596,-0.5957030986260544,-0.5932103811119248,-0.2516591941394772,-0.4406172079365978,False
2021-10-25 06:24:00,38.9,0.0,39.1,38.5,38.3,25.4,89.1,1.9,2.5,0.4,228.4,6.8,978,0,0.0,25.4,25.3,,-0.5942201583750597,-0.6027273038385786,-0.4941481809490373,-0.5912915188593718,-0.5886639260139722,-0.3200274893831865,-0.3874981281969962,False
2021-10-25 06:25:00,40.2,0.0,40.3,39.9,39.6,25.4,89.0,2.0,2.6,0.4,234.9,9.4,978,0,0.0,25.5,25.3,,-0.5901895510566272,-0.6027273038385786,-0.4864814567597276,-0.5868799390926892,-0.5844422177087305,-0.2516591941394772,-0.3343790484573945,False
2021-10-25 06:26:00,41.6,0.0,41.4,41.1,40.9,25.4,88.8,2.0,2.6,0.4,230.8,7.1,978,0,0.0,25.5,25.3,,-0.5858488970213922,-0.6027273038385786,-0.4794536262528603,-0.5830985850069612,-0.5802205094034887,-0.2516591941394772,-0.3343790484573945,False
2021-10-25 06:27:00,42.9,0.0,42.9,42.4,42.1,25.4,89.0,1.8,2.2,0.4,232.3,7.2,978,0,0.0,25.5,25.4,,-0.5818182897029596,-0.6027273038385786,-0.469870221016223,-0.579002118080756,-0.5763235478909579,-0.3883957846268957,-0.5468553674158008,False
2021-10-25 06:28:00,44.1,0.0,44.0,43.6,43.3,25.5,88.5,1.9,2.5,0.4,234.9,6.3,978,0,0.0,25.6,25.4,,-0.5780977291013296,-0.6027273038385786,-0.4628423905093557,-0.575220763995028,-0.572426586378427,-0.3200274893831865,-0.3874981281969962,False
2021-10-25 06:29:00,45.4,0.0,45.2,44.8,44.5,25.5,88.2,2.0,2.4,0.4,235.8,4.8,978,0,0.0,25.6,25.4,,-0.574067121782897,-0.6027273038385786,-0.4551756663200458,-0.5714394099093001,-0.5685296248658962,-0.2516591941394772,-0.4406172079365978,False
2021-10-25 06:30:00,46.7,0.0,46.9,46.0,45.8,25.5,88.6,1.9,2.6,0.3,235.6,5.3,978,0,0.0,25.6,25.4,,-0.5700365144644645,-0.6027273038385786,-0.4443144737185237,-0.5676580558235721,-0.5643079165606544,-0.3200274893831865,-0.3343790484573945,False
2021-10-25 06:31:00,48.0,0.0,47.9,47.3,47.1,25.5,88.2,2.2,2.9,0.5,232.5,8.0,978,0,0.0,25.7,25.5,,-0.5660059071460319,-0.6027273038385786,-0.4379255368940989,-0.5635615888973668,-0.5600862082554127,-0.1149226036520584,-0.1750218092385899,False
2021-10-25 06:32:00,49.5,0.0,49.7,48.7,48.5,25.5,87.9,2.4,2.9,0.4,239.5,7.3,978,0,0.0,25.7,25.5,,-0.5613552063939944,-0.6027273038385786,-0.4264254506101341,-0.5591500091306841,-0.55553975315746,0.0218139868353599,-0.1750218092385899,False
2021-10-25 06:33:00,51.1,0.0,50.9,50.2,50.0,25.6,87.8,2.2,2.6,0.4,231.9,8.9,978,0,0.0,25.7,25.6,,-0.5563944589251544,-0.6027273038385786,-0.4187587264208244,-0.5544233165235242,-0.5506685512667965,-0.1149226036520584,-0.3343790484573945,False
2021-10-25 06:34:00,52.7,0.0,52.7,51.8,51.5,25.6,88.0,2.2,2.6,0.4,232.1,8.4,978,0,0.0,25.7,25.6,,-0.5514337114563143,-0.6027273038385786,-0.4072586401368596,-0.5493815110758871,-0.5457973493761329,-0.1149226036520584,-0.3343790484573945,False
2021-10-25 06:35:00,54.4,0.0,54.7,53.5,53.2,25.6,87.9,2.0,2.6,0.4,232.8,8.6,978,0,0.0,25.8,25.7,,-0.5461629172706717,-0.6027273038385786,-0.3944807664880099,-0.5440245927877724,-0.5402766539000475,-0.2516591941394772,-0.3343790484573945,False
2021-10-25 06:36:00,56.2,0.0,56.3,55.2,54.9,25.6,87.6,1.8,2.1,0.3,231.1,7.9,978,0,0.0,25.8,25.7,,-0.5405820763682266,-0.6027273038385786,-0.3842584675689302,-0.5386676744996577,-0.5347559584239622,-0.3883957846268957,-0.5999744471554024,False
2021-10-25 06:37:00,58.2,0.0,58.4,57.1,56.8,25.6,87.8,2.4,2.9,0.4,234.7,6.4,978,0,0.0,25.8,25.8,,-0.5343811420321766,-0.6027273038385786,-0.370841700237638,-0.5326805305305885,-0.5285857693624549,0.0218139868353599,-0.1750218092385899,False
2021-10-25 06:38:00,60.2,0.0,60.7,59.1,58.8,25.6,87.9,2.3,2.9,0.4,229.8,8.8,978,0,0.0,25.9,25.9,,-0.5281802076961265,-0.6027273038385786,-0.3561471455414609,-0.526378273721042,-0.5220908335082368,-0.0465543084083493,-0.1750218092385899,False
2021-10-25 06:39:00,62.4,0.0,62.8,61.2,60.9,25.6,88.0,2.1,2.6,0.4,236.2,5.9,978,0,0.0,25.9,26.0,,-0.5213591799264714,-0.6027273038385786,-0.3427303782101688,-0.5197609040710179,-0.5152711508613079,-0.1832908988957678,-0.3343790484573945,False
2021-10-25 06:40:00,64.6,0.0,65.0,63.5,63.1,25.7,87.2,2.3,2.9,0.4,234.7,7.8,978,0,0.0,26.0,26.1,,-0.5145381521568164,-0.6027273038385786,-0.3286747171964341,-0.5125133087400394,-0.508126721421668,-0.0465543084083493,-0.1750218092385899,False
2021-10-25 06:41:00,66.8,0.0,67.3,65.7,65.3,25.7,87.5,2.0,2.4,0.3,233.3,9.6,978,0,0.0,26.0,26.1,,-0.5077171243871613,-0.6027273038385786,-0.313980162500257,-0.5055808262495382,-0.5009822919820281,-0.2516591941394772,-0.4406172079365978,False
2021-10-25 06:42:00,69.0,0.0,69.6,67.9,67.4,25.7,87.3,2.2,2.9,0.4,230.6,9.9,978,0,0.0,26.0,26.2,,-0.5008960966175062,-0.6027273038385786,-0.2992856078040799,-0.4986483437590369,-0.4941626093350991,-0.1149226036520584,-0.1750218092385899,False
2021-10-25 06:43:00,71.0,0.1,71.7,69.9,69.4,25.7,87.9,2.0,2.6,0.4,232.2,8.2,978,0,0.0,26.1,26.4,,-0.4946951622814561,-0.6023288287595489,-0.2858688404727877,-0.4923460869494904,-0.4876676734808811,-0.2516591941394772,-0.3343790484573945,False
2021-10-25 06:44:00,72.9,0.5,73.6,71.8,71.3,25.7,87.0,1.9,2.6,0.3,234.2,8.9,978,0,0.0,26.2,26.6,,-0.4888042746622085,-0.6007349284434294,-0.2737298605063806,-0.4863589429804212,-0.4814974844193738,-0.3200274893831865,-0.3343790484573945,False
2021-10-25 06:45:00,74.6,0.0,75.7,73.6,73.0,25.8,87.0,2.0,2.6,0.4,235.5,8.0,978,0,0.0,26.2,26.8,,-0.4835334804765661,-0.6027273038385786,-0.2603130931750884,-0.4806869118518292,-0.4759767889432885,-0.2516591941394772,-0.3343790484573945,False
2021-10-25 06:46:00,76.3,0.0,77.5,75.3,74.7,25.8,87.4,2.0,2.4,0.3,231.1,7.6,978,0,0.0,26.3,27.0,,-0.4782626862909235,-0.6027273038385786,-0.2488130068911236,-0.4753299935637146,-0.4704560934672032,-0.2516591941394772,-0.4406172079365978,False
2021-10-25 06:47:00,78.0,0.0,79.2,76.9,76.3,25.8,88.1,1.8,2.1,0.4,233.4,7.2,978,0,0.0,26.3,27.3,,-0.4729918921052809,-0.6027273038385786,-0.2379518142896014,-0.4702881881160773,-0.4652601447838286,-0.3883957846268957,-0.5999744471554024,False
2021-10-25 06:48:00,79.6,0.0,81.0,78.5,77.9,25.8,87.7,2.1,2.9,0.4,233.9,8.2,978,0,0.0,26.4,27.6,,-0.4680311446364409,-0.6027273038385786,-0.2264517280056367,-0.4652463826684401,-0.4600641961004542,-0.1832908988957678,-0.1750218092385899,False
2021-10-25 06:49:00,81.2,0.0,82.8,80.1,79.5,25.8,86.9,2.2,2.9,0.4,234.9,7.1,978,0,0.0,26.5,27.9,,-0.4630703971676008,-0.6027273038385786,-0.214951641721672,-0.4602045772208028,-0.4548682474170797,-0.1149226036520584,-0.1750218092385899,False
2021-10-25 06:50:00,82.9,0.0,84.6,81.8,81.1,25.8,87.1,2.1,2.6,0.4,229.1,7.4,978,0,0.0,26.6,28.1,,-0.4577996029819582,-0.6027273038385786,-0.2034515554377073,-0.4548476589326882,-0.4496722987337053,-0.1832908988957678,-0.3343790484573945,False
2021-10-25 06:51:00,84.7,0.0,86.5,83.6,82.9,25.9,86.5,2.1,2.6,0.4,235.6,6.9,978,0,0.0,26.6,28.3,,-0.4522187620795131,-0.6027273038385786,-0.1913125754713001,-0.4491756278040963,-0.443826856464909,-0.1832908988957678,-0.3343790484573945,False
2021-10-25 06:52:00,86.6,0.0,88.5,85.4,84.7,25.9,87.6,2.0,2.6,0.5,231.9,6.2,978,0,0.0,26.8,28.5,,-0.4463278744602656,-0.6027273038385786,-0.1785347018224505,-0.4435035966755043,-0.4379814141961128,-0.2516591941394772,-0.3343790484573945,False
2021-10-25 06:53:00,88.5,0.0,90.6,87.3,86.6,25.9,87.1,1.9,2.4,0.4,234.6,9.7,978,0,0.0,26.9,28.6,,-0.440436986841018,-0.6027273038385786,-0.1651179344911583,-0.4375164527064351,-0.4318112251346056,-0.3200274893831865,-0.4406172079365978,False
2021-10-25 06:54:00,90.4,0.0,92.7,89.2,88.5,25.9,87.8,1.8,2.6,0.4,232.3,8.7,978,0,0.0,27.1,28.8,,-0.4345460992217705,-0.6027273038385786,-0.1517011671598661,-0.4315293087373658,-0.4256410360730984,-0.3883957846268957,-0.3343790484573945,False
2021-10-25 06:55:00,92.3,0.0,94.8,91.1,90.3,25.9,87.0,2.4,3.1,0.5,230.9,7.1,978,0,0.0,27.4,28.9,,-0.428655211602523,-0.6027273038385786,-0.138284399828574,-0.4255421647682966,-0.4197955938043021,0.0218139868353599,-0.0687836497593866,False
2021-10-25 06:56:00,94.2,0.0,96.8,93.0,92.2,25.9,86.4,2.3,2.9,0.4,231.8,11.8,978,0,0.0,27.6,29.0,,-0.4227643239832753,-0.6027273038385786,-0.1255065261797243,-0.4195550207992273,-0.4136254047427949,-0.0465543084083493,-0.1750218092385899,False
2021-10-25 06:57:00,96.1,0.0,98.9,94.8,94.0,25.9,86.7,2.0,2.6,0.5,233.0,8.6,978,0,0.0,27.8,29.1,,-0.4168734363640278,-0.6027273038385786,-0.1120897588484321,-0.4138829896706354,-0.4077799624739987,-0.2516591941394772,-0.3343790484573945,False
2021-10-25 06:58:00,98.0,0.0,100.8,96.5,95.7,26.0,86.3,2.3,2.9,0.4,234.6,5.9,978,0,0.0,28.0,29.2,,-0.4109825487447802,-0.6027273038385786,-0.099950778882025,-0.4085260713825208,-0.4022592669979133,-0.0465543084083493,-0.1750218092385899,False
2021-10-25 06:59:00,99.8,0.0,102.7,98.2,97.4,26.0,86.3,2.1,2.9,0.5,231.6,10.9,978,0,0.0,28.2,29.3,,-0.4054017078423352,-0.6027273038385786,-0.0878117989156177,-0.4031691530944062,-0.3967385715218279,-0.1832908988957678,-0.1750218092385899,False
2021-10-25 07:00:00,101.5,0.0,104.5,99.7,98.9,26.0,86.4,2.1,2.6,0.3,237.0,8.6,978,0,0.0,28.4,29.4,,-0.4001309136566926,-0.6027273038385786,-0.0763117126316531,-0.3984424604872462,-0.3918673696311644,-0.1832908988957678,-0.3343790484573945,False
2021-10-25 07:01:00,103.1,0.0,106.3,101.3,100.4,26.0,86.3,2.2,2.6,0.4,235.7,8.9,978,0,0.0,28.5,29.4,,-0.3951701661878526,-0.6027273038385786,-0.0648116263476884,-0.393400655039609,-0.3869961677405008,-0.1149226036520584,-0.3343790484573945,False
2021-10-25 07:02:00,104.9,0.0,108.1,103.0,102.2,26.0,86.2,2.2,2.6,0.4,235.4,7.0,978,0,0.0,28.6,29.6,,-0.3895893252854075,-0.6027273038385786,-0.0533115400637237,-0.3880437367514944,-0.3811507254717046,-0.1149226036520584,-0.3343790484573945,False
2021-10-25 07:03:00,107.1,0.0,110.4,105.1,104.2,26.1,86.4,2.4,3.1,0.5,232.9,5.8,978,0,0.0,28.8,29.6,,-0.3827682975157525,-0.6027273038385786,-0.0386169853675465,-0.3814263671014705,-0.3746557896174864,0.0218139868353599,-0.0687836497593866,False
2021-10-25 07:04:00,109.6,0.0,113.0,107.5,106.7,26.1,86.7,2.1,2.9,0.4,232.7,10.5,978,0,0.0,28.9,29.7,,-0.3750171295956899,-0.6027273038385786,-0.0220057496240419,-0.3738636589300145,-0.3665371197997139,-0.1832908988957678,-0.1750218092385899,False
2021-10-25 07:05:00,112.6,0.0,116.0,110.4,109.5,26.1,86.2,2.3,2.9,0.4,234.2,8.0,978,0,0.0,28.9,29.8,,-0.3657157280916148,-0.6027273038385786,-0.0028389391507674,-0.364725386556172,-0.3574442096038085,-0.0465543084083493,-0.1750218092385899,False
2021-10-25 07:06:00,115.9,0.0,119.3,113.6,112.7,26.1,86.2,2.3,2.9,0.4,228.6,8.8,978,0,0.0,29.0,29.9,,-0.3554841864371321,-0.6027273038385786,0.0182445523698344,-0.3546417756608975,-0.3470523122370597,-0.0465543084083493,-0.1750218092385899,False
2021-10-25 07:07:00,119.4,0.0,122.9,117.0,116.0,26.1,86.0,1.9,2.4,0.4,236.3,5.8,978,0,0.0,29.1,30.0,,-0.3446325513490445,-0.6027273038385786,0.0412447249377639,-0.3439279390846683,-0.3363356680775998,-0.3200274893831865,-0.4406172079365978,False
2021-10-25 07:08:00,123.0,0.0,126.6,120.5,119.5,26.1,87.1,2.3,3.1,0.6,231.2,8.3,978,0,0.0,29.2,30.1,,-0.3334708695441544,-0.6027273038385786,0.0648837911881357,-0.3328989896679618,-0.3249695303327182,-0.0465543084083493,-0.0687836497593866,False
2021-10-25 07:09:00,126.7,2.5,129.5,124.0,122.9,26.1,86.0,2.5,3.1,0.4,234.9,8.3,978,0,0.0,29.3,30.3,,-0.3219991410224618,-0.5927654268628323,0.0834117079789678,-0.3218700402512552,-0.3139281393805474,0.0901822820790693,-0.0687836497593866,False
2021-10-25 07:10:00,130.3,1.6,133.5,127.4,126.3,26.1,86.6,2.3,2.9,0.4,232.1,7.2,978,0,0.0,29.4,30.4,,-0.3108374592175716,-0.596351702574101,0.1089674552766671,-0.311156203675026,-0.3028867484283767,-0.0465543084083493,-0.1750218092385899,False
2021-10-25 07:11:00,133.7,0.8,137.2,130.7,129.6,26.2,86.3,2.4,3.1,0.5,234.8,6.0,978,0,0.0,29.5,30.6,,-0.3002958708462866,-0.5995395032063398,0.1326065215270389,-0.3007574799392742,-0.2921701042689169,0.0218139868353599,-0.0687836497593866,False
2021-10-25 07:12:00,137.0,0.9,140.5,133.8,132.7,26.2,86.1,2.5,2.9,0.4,234.3,7.0,978,0,0.0,29.6,30.7,,-0.2900643291918039,-0.59914102812731,0.153690013047641,-0.2909889818844769,-0.2821029536948789,0.0901822820790693,-0.1750218092385899,False
2021-10-25 07:13:00,140.0,2.2,143.1,136.7,135.6,26.2,86.0,2.2,2.9,0.5,237.0,10.3,978,0,0.0,29.7,30.9,,-0.2807629276877288,-0.5939608520999219,0.1703012487911455,-0.2818507095106344,-0.2726852967062627,-0.1149226036520584,-0.1750218092385899,False
2021-10-25 07:14:00,142.7,2.0,146.0,139.4,138.2,26.2,86.4,1.9,2.4,0.3,227.1,9.0,978,0,0.0,29.9,31.1,,-0.2723916663340613,-0.5947578022579816,0.1888291655819776,-0.2733426628177465,-0.2642418800957792,-0.3200274893831865,-0.4406172079365978,False
2021-10-25 07:15:00,145.2,2.0,148.5,141.8,140.6,26.2,86.4,1.9,2.5,0.4,235.9,11.2,978,0,0.0,29.9,31.2,,-0.2646404984139987,-0.5947578022579816,0.2048015076430397,-0.2657799546462906,-0.2564479570707175,-0.3200274893831865,-0.3874981281969962,False
2021-10-25 07:16:00,147.6,1.6,151.1,144.1,142.9,26.3,86.7,2.6,3.1,0.4,234.7,9.9,978,0,0.0,30.1,31.4,,-0.2571993772107386,-0.596351702574101,0.2214127433865442,-0.2585323593153121,-0.2489787808383666,0.1585505773227787,-0.0687836497593866,False
2021-10-25 07:17:00,149.7,2.5,153.1,146.2,144.9,26.3,86.0,2.4,2.9,0.4,230.0,11.3,978,0,0.0,30.2,31.5,,-0.2506883961578861,-0.5927654268628323,0.2341906170353939,-0.2519149896652882,-0.2424838449841485,0.0218139868353599,-0.1750218092385899,False
2021-10-25 07:18:00,151.8,2.2,155.2,148.1,146.8,26.3,86.0,2.2,2.9,0.5,230.2,8.7,978,0,0.0,30.2,31.6,,-0.2441774151050334,-0.5939608520999219,0.247607384366686,-0.2459278456962189,-0.2363136559226414,-0.1149226036520584,-0.1750218092385899,False
2021-10-25 07:19:00,153.8,2.3,157.1,150.0,148.7,26.3,85.4,2.6,3.1,0.4,233.3,8.5,978,0,0.0,30.3,31.8,,-0.2379764807689833,-0.593562377020892,0.2597463643330933,-0.2399407017271496,-0.2301434668611342,0.1585505773227787,-0.0687836497593866,False
2021-10-25 07:20:00,155.8,0.6,159.7,151.9,150.6,26.3,86.0,2.1,2.6,0.4,231.9,9.3,978,0,0.0,30.4,31.9,,-0.2317755464329332,-0.6003364533643996,0.2763576000765978,-0.2339535577580803,-0.223973277799627,-0.1832908988957678,-0.3343790484573945,False
2021-10-25 07:21:00,157.8,0.6,161.6,153.8,152.5,26.4,86.0,2.3,3.1,0.4,231.8,13.6,978,0,0.0,30.5,32.0,,-0.2255746120968832,-0.6003364533643996,0.288496580043005,-0.227966413789011,-0.2178030887381199,-0.0465543084083493,-0.0687836497593866,False
2021-10-25 07:22:00,160.1,0.0,164.1,156.0,154.6,26.4,85.4,3.0,3.9,0.5,233.9,9.7,978,0,0.0,30.6,32.1,,-0.2184435376104256,-0.6027273038385786,0.3044689221040671,-0.2210339312985098,-0.2109834060911909,0.4320237582976158,0.3561689881574258,False
2021-10-25 07:23:00,162.6,0.0,166.6,158.3,157.0,26.4,86.2,2.4,3.0,0.4,232.8,10.7,978,0,0.0,30.6,32.1,,-0.2106923696903631,-0.6027273038385786,0.3204412641651292,-0.2137863359675312,-0.2031894830661292,0.0218139868353599,-0.1219027294989882,False
2021-10-25 07:24:00,165.3,0.0,169.3,161.0,159.6,26.4,85.5,2.1,2.5,0.4,231.7,10.9,978,0,0.0,30.7,32.2,,-0.2023211083366954,-0.6027273038385786,0.3376913935910763,-0.2052782892746434,-0.1947460664556457,-0.1832908988957678,-0.3874981281969962,False
2021-10-25 07:25:00,168.2,0.0,172.2,163.8,162.4,26.4,85.2,2.6,3.4,0.5,229.0,9.6,978,0,0.0,30.8,32.4,,-0.1933297535494229,-0.6027273038385786,0.3562193103819082,-0.1964551297412781,-0.1856531562597403,0.1585505773227787,0.0905735894594179,False
2021-10-25 07:26:00,171.2,0.0,175.2,166.6,165.2,26.4,84.5,2.6,3.1,0.5,238.8,9.8,978,0,0.0,30.9,32.5,,-0.1840283520453478,-0.6027273038385786,0.3753861208551827,-0.187631970207913,-0.1765602460638351,0.1585505773227787,-0.0687836497593866,False
2021-10-25 07:27:00,174.0,0.0,178.1,169.3,167.9,26.5,85.5,2.3,3.1,0.4,233.0,10.8,978,0,0.0,30.9,32.5,,-0.1753470439748777,-0.6027273038385786,0.3939140376460148,-0.179123923515025,-0.1677920826606406,-0.0465543084083493,-0.0687836497593866,False
2021-10-25 07:28:00,176.5,0.0,180.6,171.7,170.2,26.5,85.7,2.2,2.9,0.5,230.0,9.4,978,0,0.0,31.0,32.6,,-0.1675958760548151,-0.6027273038385786,0.4098863797070769,-0.1715612153435692,-0.1603229064282899,-0.1149226036520584,-0.1750218092385899,False
2021-10-25 07:29:00,178.7,0.0,182.8,173.8,172.3,26.5,85.1,2.2,3.1,0.5,233.0,8.7,978,0,0.0,31.1,32.8,,-0.1607748482851601,-0.6027273038385786,0.4239420407208116,-0.1649438456935452,-0.1535032237813608,-0.1149226036520584,-0.0687836497593866,False
2021-10-25 07:30:00,180.8,0.0,185.0,175.8,174.3,26.5,86.0,2.2,2.9,0.5,239.1,6.9,978,0,0.0,31.2,32.9,,-0.1542638672323074,-0.6027273038385786,0.4379977017345462,-0.1586415888839986,-0.1470082879271428,-0.1149226036520584,-0.1750218092385899,False
2021-10-25 07:31:00,183.0,0.0,187.4,178.0,176.4,26.5,85.6,2.6,3.4,0.5,236.8,5.9,978,0,0.0,31.3,33.1,,-0.1474428394626524,-0.6027273038385786,0.4533311501131659,-0.1517091063934974,-0.1401886052802138,0.1585505773227787,0.0905735894594179,False
2021-10-25 07:32:00,185.3,0.0,189.7,180.2,178.6,26.5,85.6,2.5,3.1,0.5,237.5,9.8,978,0,0.0,31.4,33.2,,-0.1403117649761948,-0.6027273038385786,0.4680257048093429,-0.1447766239029962,-0.1330441758405739,0.0901822820790693,-0.0687836497593866,False
2021-10-25 07:33:00,187.7,0.0,192.2,182.5,180.9,26.6,85.3,2.6,3.4,0.6,233.3,12.6,978,0,0.0,31.5,33.3,,-0.1328706437729347,-0.6027273038385786,0.483998046870405,-0.1375290285720176,-0.1255749996082231,0.1585505773227787,0.0905735894594179,False
2021-10-25 07:34:00,190.0,0.0,194.6,184.7,183.0,26.6,85.4,2.8,3.4,0.4,235.1,7.7,978,0,0.0,31.5,33.4,,-0.1257395692864771,-0.6027273038385786,0.4993314952490246,-0.1305965460815164,-0.1187553169612941,0.2952871678101971,0.0905735894594179,False
2021-10-25 07:35:00,192.3,0.0,196.9,186.8,185.2,26.6,84.4,2.8,3.4,0.5,233.7,9.4,978,0,0.0,31.6,33.5,,-0.1186084948000195,-0.6027273038385786,0.5140260499452018,-0.1239791764314924,-0.1116108875216543,0.2952871678101971,0.0905735894594179,False
2021-10-25 07:36:00,194.6,1.6,198.5,189.0,187.3,26.6,84.8,2.9,3.6,0.4,235.8,8.1,978,0,0.0,31.6,33.5,,-0.111477420313562,-0.596351702574101,0.5242483488642815,-0.1170466939409912,-0.1047912048747252,0.3636554630539064,0.1968117489386212,False
2021-10-25 07:37:00,197.1,1.9,200.8,191.3,189.6,26.6,84.9,2.6,3.1,0.4,233.7,7.6,978,0,0.0,31.7,33.6,,-0.1037262523934994,-0.5951562773370114,0.5389429035604587,-0.1097990986100126,-0.0973220286423745,0.1585505773227787,-0.0687836497593866,False
2021-10-25 07:38:00,199.9,2.1,203.6,194.0,192.3,26.6,85.1,2.4,3.4,0.6,231.1,8.9,978,0,0.0,31.7,33.7,,-0.0950449443230293,-0.5943593271789517,0.5568319266688482,-0.1012910519171247,-0.08855386523918,0.0218139868353599,0.0905735894594179,False
2021-10-25 07:39:00,203.0,0.7,207.5,197.1,195.4,26.6,85.2,2.7,3.4,0.4,232.6,10.8,978,0,0.0,31.8,33.9,,-0.0854334961021517,-0.5999379782853698,0.581748780284105,-0.0915225538623275,-0.078486714665142,0.226918872566488,0.0905735894594179,False
2021-10-25 07:40:00,206.4,0.0,211.4,200.5,198.7,26.7,85.6,2.4,3.1,0.4,234.6,8.9,978,0,0.0,31.9,34.0,,-0.0748919077308666,-0.6027273038385786,0.6066656338993619,-0.0808087172860983,-0.0677700705056823,0.0218139868353599,-0.0687836497593866,False
2021-10-25 07:41:00,209.8,0.0,214.9,203.9,202.0,26.7,86.3,1.8,2.6,0.4,226.4,9.0,978,0,0.0,32.0,34.1,,-0.0643503193595814,-0.6027273038385786,0.6290269127848489,-0.0700948807098691,-0.0570534263462224,-0.3883957846268957,-0.3343790484573945,False
2021-10-25 07:42:00,213.2,0.6,218.2,207.3,205.4,26.7,84.3,2.5,3.1,0.5,232.5,11.9,978,0,0.0,32.1,34.2,,-0.0538087309882964,-0.6003364533643996,0.6501104043054508,-0.0593810441336399,-0.0460120353940516,0.0901822820790693,-0.0687836497593866,False
2021-10-25 07:43:00,216.5,1.1,221.4,210.6,208.7,26.8,85.3,2.4,3.1,0.4,235.7,10.3,978,0,0.0,32.2,34.4,,-0.0435771893338137,-0.5983440779692503,0.6705550021436103,-0.0489823203978881,-0.0352953912345919,0.0218139868353599,-0.0687836497593866,False
2021-10-25 07:44:00,219.7,0.6,225.0,213.7,211.8,26.8,84.5,2.3,2.9,0.4,227.9,12.8,978,0,0.0,32.3,34.6,,-0.0336556943961337,-0.6003364533643996,0.6935551747115397,-0.0392138223430909,-0.0252282406605538,-0.0465543084083493,-0.1750218092385899,False
2021-10-25 07:45:00,222.9,0.0,228.5,216.7,214.7,26.8,84.5,2.5,3.3,0.4,231.9,6.5,978,0,0.0,32.4,34.8,,-0.0237341994584535,-0.6027273038385786,0.7159164535970266,-0.029760437128771,-0.0158105836719376,0.0901822820790693,0.0374545097198163,False
2021-10-25 07:46:00,225.7,0.0,231.4,219.3,217.3,26.9,84.2,2.5,2.9,0.4,242.4,11.2,978,0,0.0,32.5,34.9,,-0.0150528913879835,-0.6027273038385786,0.7344443703878587,-0.0215675032763604,-0.007367167061454,0.0901822820790693,-0.1750218092385899,False
2021-10-25 07:47:00,228.3,0.0,234.0,221.6,219.6,26.9,85.9,2.5,3.1,0.4,244.5,11.5,978,0,0.0,32.7,35.1,,-0.0069916767511183,-0.6027273038385786,0.7510556061313632,-0.0143199079453818,0.0001020091708966,0.0901822820790693,-0.0687836497593866,False
2021-10-25 07:48:00,230.5,0.0,236.3,223.6,221.6,26.9,85.8,2.9,3.6,0.6,241.8,10.5,978,0,0.0,32.8,35.3,,-0.0001706489814633,-0.6027273038385786,0.7657501608275404,-0.0080176511358353,0.0065969450251147,0.3636554630539064,0.1968117489386212,False
2021-10-25 07:49:00,232.5,0.5,238.0,225.4,223.4,26.9,84.4,2.9,3.4,0.4,244.5,6.7,978,0,0.0,32.9,35.4,,0.0060302853545867,-0.6007349284434294,0.7766113534290625,-0.0023456200072433,0.012442387293911,0.3636554630539064,0.0905735894594179,False
2021-10-25 07:50:00,234.6,0.6,239.9,227.4,225.3,26.9,84.5,2.4,3.1,0.5,247.0,10.1,978,0,0.0,32.9,35.4,,0.0125412664074393,-0.6003364533643996,0.7887503333954697,0.0039566368023032,0.0186125763554182,0.0218139868353599,-0.0687836497593866,False
2021-10-25 07:51:00,237.1,0.0,242.9,229.9,227.9,26.9,85.5,2.3,2.7,0.4,243.7,11.7,978,0,0.0,33.0,35.5,,0.0202924343275019,-0.6027273038385786,0.8079171438687442,0.0118344578142364,0.0270559929659017,-0.0465543084083493,-0.2812599687177929,False
2021-10-25 07:52:00,240.3,1.2,245.7,233.3,231.2,26.9,85.7,2.8,3.4,0.5,249.7,7.2,978,0,0.0,33.1,35.6,,0.030213929265182,-0.5979456028902205,0.8258061669771336,0.0225482943904656,0.0377726371253614,0.2952871678101971,0.0905735894594179,False
2021-10-25 07:53:00,244.3,2.2,249.3,237.3,235.2,26.9,85.4,2.5,2.9,0.4,242.5,9.7,978,0,0.0,33.2,35.8,,0.0426157979372821,-0.5939608520999219,0.8488063395450632,0.0351528080095588,0.0507625088337976,0.0901822820790693,-0.1750218092385899,False
2021-10-25 07:54:00,248.3,2.3,253.5,241.4,239.2,26.9,84.8,2.3,3.1,0.5,245.5,8.8,978,0,0.0,33.3,35.9,,0.0550176666093823,-0.593562377020892,0.8756398742076474,0.0480724344691293,0.0637523805422338,-0.0465543084083493,-0.0687836497593866,False
2021-10-25 07:55:00,251.8,2.2,257.2,244.8,242.6,26.9,84.8,2.9,3.4,0.4,243.4,9.2,978,0,0.0,33.4,36.1,,0.0658693016974699,-0.5939608520999219,0.8992789404580193,0.0587862710453585,0.0747937714944045,0.3636554630539064,0.0905735894594179,False
2021-10-25 07:56:00,254.5,0.0,261.1,247.4,245.1,26.9,84.2,2.6,3.1,0.4,238.8,12.0,978,0,0.0,33.5,36.2,,0.0742405630511374,-0.6027273038385786,0.9241957940732765,0.0669792048977691,0.0829124413121771,0.1585505773227787,-0.0687836497593866,False
2021-10-25 07:57:00,256.3,0.0,263.0,249.2,246.9,27.0,84.6,2.4,3.1,0.4,246.6,6.8,978,0,0.0,33.5,36.3,,0.0798214039535826,-0.6027273038385786,0.9363347740396832,0.0726512360263609,0.0887578835809734,0.0218139868353599,-0.0687836497593866,False
2021-10-25 07:58:00,257.5,0.0,264.4,250.4,248.1,27.0,84.8,2.4,2.9,0.4,235.6,10.4,978,0,0.0,33.6,36.5,,0.0835419645552126,-0.6027273038385786,0.945279285593878,0.0764325901120889,0.0926548450935042,0.0218139868353599,-0.1750218092385899,False
2021-10-25 07:59:00,258.7,0.0,265.7,251.7,249.4,27.0,83.9,2.4,3.0,0.4,233.0,15.3,978,0,0.0,33.7,36.6,,0.0872625251568426,-0.6027273038385786,0.9535849034656304,0.0805290570382942,0.096876553398746,0.0218139868353599,-0.1219027294989882,False
2021-10-25 08:00:00,260.2,0.0,267.3,253.4,251.0,27.1,84.0,2.3,3.1,0.4,231.0,14.1,978,0,0.0,33.8,36.6,,0.0919132259088801,-0.6027273038385786,0.9638072023847104,0.0858859753264088,0.1020725020821205,-0.0465543084083493,-0.0687836497593866,False
2021-10-25 08:01:00,262.2,0.0,269.6,255.7,253.3,27.1,85.2,2.2,2.7,0.4,234.0,12.5,978,0,0.0,33.9,36.7,,0.0981141602449302,-0.6027273038385786,0.9785017570808876,0.0931335706573873,0.1095416783144713,-0.1149226036520584,-0.2812599687177929,False
2021-10-25 08:02:00,264.9,0.0,272.6,258.6,256.3,27.2,83.8,2.1,2.6,0.4,228.4,10.8,978,0,0.0,34.0,36.8,,0.1064854215985977,-0.6027273038385786,0.997668567554162,0.10227184303123,0.1192840820957984,-0.1832908988957678,-0.3343790484573945,False
2021-10-25 08:03:00,268.5,0.7,276.0,262.5,260.1,27.2,83.1,2.9,3.6,0.4,220.7,6.8,978,0,0.0,34.1,37.0,,0.1176471034034879,-0.5999379782853698,1.0193909527572065,0.1145612438098458,0.1316244602188128,0.3636554630539064,0.1968117489386212,False
2021-10-25 08:04:00,273.0,0.0,281.1,267.1,264.6,27.2,82.8,2.3,3.4,0.5,224.1,10.4,978,0,0.0,34.1,37.0,,0.1315992056596006,-0.6027273038385786,1.0519745305617731,0.129056434471803,0.1462380658908035,-0.0465543084083493,0.0905735894594179,False
2021-10-25 08:05:00,278.1,0.7,286.0,272.4,269.8,27.2,83.6,2.3,2.6,0.4,227.2,10.3,978,0,0.0,34.1,37.0,,0.1474115882165283,-0.5999379782853698,1.0832803210014543,0.1457574150171013,0.1631248991117704,-0.0465543084083493,-0.3343790484573945,False
2021-10-25 08:06:00,284.0,0.8,292.0,278.5,275.9,27.2,83.5,2.6,3.1,0.4,231.5,6.8,978,0,0.0,34.2,37.1,,0.165704344507876,-0.5995395032063398,1.1216139419480036,0.1649792982862185,0.1829344534671355,0.1585505773227787,-0.0687836497593866,False
2021-10-25 08:07:00,290.7,0.0,299.4,285.4,282.7,27.2,83.4,2.1,2.6,0.4,231.6,10.3,978,0,0.0,34.3,37.3,,0.1864774745336437,-0.6027273038385786,1.1688920744487472,0.1867220842791541,0.205017235371477,-0.1832908988957678,-0.3343790484573945,False
2021-10-25 08:08:00,297.8,2.4,305.5,292.8,290.0,27.3,83.9,2.9,3.4,0.5,235.4,10.1,978,0,0.0,34.5,37.6,,0.2084907914266215,-0.5931639019418621,1.2078645890777389,0.2100404344744766,0.228723751239373,0.3636554630539064,0.0905735894594179,False
2021-10-25 08:09:00,305.5,4.1,312.6,300.6,297.8,27.3,83.2,2.7,3.4,0.4,227.3,6.0,978,0,0.0,34.7,37.9,,0.2323643886204142,-0.5863898255983546,1.2532260405311555,0.2346192360317083,0.2540540010708236,0.226918872566488,0.0905735894594179,False
2021-10-25 08:10:00,311.6,3.1,319.3,306.7,303.7,27.3,83.4,2.9,3.4,0.4,228.7,10.2,978,0,0.0,34.8,38.1,,0.2512772383453669,-0.5903745763886532,1.2960319172548018,0.2538411193008253,0.2732140618407668,0.3636554630539064,0.0905735894594179,False
2021-10-25 08:11:00,316.2,0.0,325.7,311.1,308.1,27.3,82.9,2.9,3.6,0.4,240.8,10.0,978,0,0.0,34.9,38.4,,0.265539387318282,-0.6027273038385786,1.3369211129311205,0.2677060842818279,0.2875029207200467,0.3636554630539064,0.1968117489386212,False
2021-10-25 08:12:00,320.2,3.0,327.9,315.0,311.9,27.3,83.4,3.1,4.0,0.5,224.2,6.5,978,0,0.0,35.0,38.6,,0.2779412559903821,-0.590773051467683,1.350976773944855,0.2799954850604436,0.2998432988430609,0.5003920535413252,0.4092880678970275,False
2021-10-25 08:13:00,324.3,1.4,333.1,319.0,315.9,27.3,82.5,2.5,3.6,0.5,229.7,10.1,978,0,0.0,35.1,38.7,,0.2906531713792848,-0.5971486527321607,1.3841992454318646,0.2925999986795368,0.3128331705514971,0.0901822820790693,0.1968117489386212,False
2021-10-25 08:14:00,328.9,5.6,335.4,323.6,320.4,27.4,83.3,2.4,3.1,0.5,230.4,9.2,978,0,0.0,35.2,38.9,,0.3049153203521999,-0.5804126994129067,1.398893800128041,0.307095189341494,0.3274467762234878,0.0218139868353599,-0.0687836497593866,False
2021-10-25 08:15:00,337.1,14.4,339.1,332.3,328.9,27.4,83.3,2.5,3.1,0.4,234.7,9.8,978,0,0.0,35.4,39.2,,0.3303391511300053,-0.5453468924582795,1.4225328663784136,0.3345100064630216,0.3550502536039146,0.0901822820790693,-0.0687836497593866,False
2021-10-25 08:16:00,343.1,16.8,344.0,338.5,335.1,27.4,82.9,2.6,3.1,0.5,235.2,7.3,978,0,0.0,35.6,39.6,,0.3489419541381555,-0.5357834905615629,1.4538386568180952,0.354047002572616,0.3751845547519908,0.1585505773227787,-0.0687836497593866,False
2021-10-25 08:17:00,351.3,21.8,349.7,347.1,343.6,27.4,83.1,2.7,3.1,0.4,226.5,8.0,978,0,0.0,35.9,40.0,,0.3743657849159608,-0.5158597366100702,1.4902555967173166,0.3811467068536664,0.4027880321324176,0.226918872566488,-0.0687836497593866,False
2021-10-25 08:18:00,358.8,27.0,354.2,354.6,351.0,27.4,82.7,2.5,3.2,0.4,232.5,9.6,979,0,0.0,36.0,40.3,,0.3976192886761485,-0.4951390325005178,1.5190058124272283,0.4047801698894661,0.4268192947930244,0.0901822820790693,-0.015664570019785,False
2021-10-25 08:19:00,367.2,34.8,358.5,363.8,360.1,27.4,82.9,2.7,3.6,0.5,229.3,8.5,979,0,0.0,36.2,40.6,,0.4236632128875587,-0.464057976336189,1.5464782407722553,0.4337705512133804,0.4563712529297168,0.226918872566488,0.1968117489386212,False
2021-10-25 08:20:00,383.1,54.7,364.0,381.7,377.8,27.5,84.0,2.4,3.0,0.5,239.2,11.0,979,0,0.0,36.5,41.0,,0.4729606408591569,-0.3847614356092478,1.5816173933065918,0.4901757496588222,0.5138514352395468,0.0218139868353599,-0.1219027294989882,False
2021-10-25 08:21:00,391.4,57.8,369.3,387.9,383.9,27.6,82.7,2.8,3.4,0.5,218.3,7.1,979,0,0.0,36.8,41.5,,0.4986945183537645,-0.3724087081593223,1.6154787584760435,0.5097127457684166,0.5336609895949118,0.2952871678101971,0.0905735894594179,False
2021-10-25 08:22:00,387.7,42.3,375.2,385.4,381.4,27.7,82.9,2.1,2.6,0.4,228.0,14.2,979,0,0.0,37.1,41.9,,0.4872227898320719,-0.4341723454089499,1.65317348574015,0.5018349247564834,0.5255423197771392,-0.1832908988957678,-0.3343790484573945,False
2021-10-25 08:23:00,390.8,36.9,381.2,388.0,383.9,27.7,82.5,2.9,3.6,0.5,233.7,9.4,979,0,0.0,37.4,42.3,,0.4968342380529496,-0.455689999676562,1.691507106686699,0.510027858608894,0.5336609895949118,0.3636554630539064,0.1968117489386212,False
2021-10-25 08:24:00,393.8,32.9,386.2,390.6,386.5,27.7,81.9,2.5,3.1,0.4,228.2,5.8,979,0,0.0,37.6,42.6,,0.5061356395570247,-0.4716290028377563,1.7234517908088232,0.5182207924613047,0.5421044062053954,0.0901822820790693,-0.0687836497593866,False
2021-10-25 08:25:00,392.3,24.5,389.4,388.2,384.2,27.8,82.4,2.6,3.2,0.5,223.6,6.7,979,0,0.0,37.8,42.9,,0.5014849388049871,-0.5051009094762642,1.7438963886469825,0.5106580842898487,0.5346352299730446,0.1585505773227787,-0.015664570019785,False
2021-10-25 08:26:00,395.4,24.2,392.9,391.5,387.4,27.8,81.5,2.7,3.1,0.3,229.3,8.8,979,0,0.0,38.0,43.0,,0.5110963870258647,-0.5062963347133537,1.7662576675324697,0.5210568080256006,0.5450271273397934,0.226918872566488,-0.0687836497593866,False
2021-10-25 08:27:00,398.4,25.9,394.5,394.0,389.8,27.9,82.1,2.6,3.4,0.6,239.5,12.0,979,0,0.0,38.1,43.2,,0.5203977885299398,-0.4995222583698461,1.7764799664515494,0.5289346290375337,0.5528210503648552,0.1585505773227787,0.0905735894594179,False
2021-10-25 08:28:00,397.7,22.5,396.1,393.4,389.3,27.9,81.4,3.1,3.4,0.4,245.5,5.5,979,0,0.0,38.2,43.3,,0.5182274615123222,-0.5130704110568612,1.7867022653706293,0.5270439519946697,0.5511973164013008,0.5003920535413252,0.0905735894594179,False
2021-10-25 08:29:00,400.8,25.6,397.5,396.8,392.7,27.9,81.6,2.3,2.9,0.4,230.2,11.8,979,0,0.0,38.4,43.4,,0.5278389097331999,-0.5007176836069357,1.795646776924824,0.5377577885708991,0.5622387073534714,-0.0465543084083493,-0.1750218092385899,False
2021-10-25 08:30:00,406.2,32.1,399.0,402.7,398.5,27.9,81.7,2.3,3.1,0.5,227.9,9.8,979,0,0.0,38.5,43.5,,0.544581432440535,-0.4748168034699951,1.8052301821614607,0.5563494461590615,0.5810740213307038,-0.0465543084083493,-0.0687836497593866,False
2021-10-25 08:31:00,408.2,32.0,401.4,404.6,400.3,28.0,81.7,2.4,3.1,0.5,231.7,15.2,979,0,0.0,38.5,43.7,,0.5507823667765851,-0.475215278549025,1.8205636305400803,0.5623365901281308,0.5869194635995001,0.0218139868353599,-0.0687836497593866,False
2021-10-25 08:32:00,409.0,28.9,404.2,405.5,401.3,28.1,80.6,2.9,3.4,0.4,236.2,10.9,979,0,0.0,38.6,43.7,,0.5532627405110052,-0.4875680059989505,1.8384526536484704,0.5651726056924267,0.5901669315266092,0.3636554630539064,0.0905735894594179,False
2021-10-25 08:33:00,411.2,29.4,406.1,408.0,403.7,28.1,79.9,3.5,4.4,0.5,240.3,5.6,979,0,0.0,38.6,43.7,,0.5600837682806602,-0.4855756306038012,1.8505916336148776,0.5730504267043599,0.5979608545516708,0.7738652345161623,0.621764386855434,False
2021-10-25 08:34:00,410.6,26.0,407.3,407.1,402.8,28.1,79.4,3.3,4.1,0.5,240.7,7.0,979,0,0.0,38.6,43.7,,0.5582234879798453,-0.4991237832908163,1.8582583578041876,0.570214411140064,0.5950381334172727,0.6371286440287436,0.4624071476366289,False
2021-10-25 08:35:00,408.6,18.9,409.2,404.9,400.7,28.0,79.7,2.5,3.4,0.4,238.8,15.8,979,0,0.0,38.6,43.6,,0.5520225536437953,-0.527415513901936,1.8703973377705945,0.5632819286495626,0.5882184507703437,0.0901822820790693,0.0905735894594179,False
2021-10-25 08:36:00,411.6,21.3,410.8,408.5,404.2,28.1,80.0,2.8,3.4,0.5,232.2,15.2,979,0,0.0,38.6,43.7,,0.5613239551478704,-0.5178521120052194,1.8806196366896744,0.5746259909067465,0.5995845885152253,0.2952871678101971,0.0905735894594179,False
2021-10-25 08:37:00,417.4,27.8,412.7,415.1,410.7,28.1,79.7,3.0,3.6,0.4,240.3,9.1,979,0,0.0,38.6,43.8,,0.5793066647224154,-0.4919512318682789,1.8927586166560808,0.5954234383782503,0.6206931300414341,0.4320237582976158,0.1968117489386212,False
2021-10-25 08:38:00,429.8,42.2,416.9,429.1,424.6,28.1,79.0,3.2,4.1,0.5,231.6,11.9,979,0,0.0,38.7,43.9,,0.6177524576059259,-0.4345708204879797,1.9195921513186656,0.6395392360450765,0.6658329342282499,0.5687603487850346,0.4624071476366289,False
2021-10-25 08:39:00,448.5,61.9,423.4,448.9,444.1,28.1,78.1,3.1,3.9,0.5,241.8,7.0,979,0,0.0,38.7,44.0,,0.675731193647994,-0.3560712299190982,1.961120240677427,0.7019315784595875,0.7291585588068761,0.5003920535413252,0.3561689881574258,False
2021-10-25 08:40:00,443.1,43.6,428.9,442.1,437.4,28.1,79.3,2.9,3.4,0.4,239.0,7.7,979,0,0.0,38.9,44.3,,0.6589886709406589,-0.4289921693815618,1.996259393211764,0.6805039053071292,0.7074005236952454,0.3636554630539064,0.0905735894594179,False
2021-10-25 08:41:00,445.0,39.5,433.3,443.9,439.2,28.1,79.5,2.2,3.4,0.5,224.8,11.8,979,0,0.0,39.1,44.4,,0.6648795585599064,-0.4453296476217858,2.024370715239233,0.6861759364357211,0.7132459659640417,-0.1149226036520584,0.0905735894594179,False
2021-10-25 08:42:00,455.8,52.5,435.8,455.5,450.7,28.2,79.8,2.6,3.4,0.5,238.6,15.7,979,0,0.0,39.3,44.7,,0.6983646039745768,-0.3935278873479046,2.040343057300295,0.7227290259310913,0.7505918471257956,0.1585505773227787,0.0905735894594179,False
2021-10-25 08:43:00,451.3,40.6,437.7,448.9,444.1,28.3,78.9,3.2,3.9,0.6,243.0,10.9,979,0,0.0,39.6,45.0,,0.6844125017184641,-0.4409464217524574,2.052482037266702,0.7019315784595875,0.7291585588068761,0.5687603487850346,0.3561689881574258,False
2021-10-25 08:44:00,445.6,28.4,440.1,443.1,438.4,28.3,78.3,2.8,3.9,0.6,236.6,19.3,979,0,0.0,39.7,45.0,,0.6667398388607215,-0.4895603813940997,2.067815485645322,0.6836550337119025,0.7106479916223545,0.2952871678101971,0.3561689881574258,False
2021-10-25 08:45:00,449.3,29.8,442.5,446.5,441.8,28.3,78.5,3.4,3.9,0.6,219.3,10.9,979,0,0.0,39.6,44.9,,0.6782115673824141,-0.4839817302876818,2.0831489340239413,0.6943688702881317,0.7216893825745253,0.7054969392724529,0.3561689881574258,False
2021-10-25 08:46:00,454.0,33.3,445.3,451.9,447.1,28.4,78.3,3.0,3.9,0.5,225.7,16.9,979,0,0.0,39.6,44.9,,0.6927837630721317,-0.4700351025216369,2.101037957132331,0.7113849636739074,0.7389009625882033,0.4320237582976158,0.3561689881574258,False
2021-10-25 08:47:00,466.1,49.0,447.9,465.6,460.6,28.4,78.7,3.2,4.4,0.6,233.3,14.7,979,0,0.0,39.7,44.9,,0.7302994158052347,-0.4074745151139496,2.1176491928758354,0.7545554228193017,0.7827417796041752,0.5687603487850346,0.621764386855434,False
2021-10-25 08:48:00,476.1,64.7,448.1,476.9,471.9,28.5,78.2,3.3,4.1,0.6,228.5,10.2,979,0,0.0,39.8,45.0,,0.7613040874854851,-0.3449139277062623,2.1189269802407207,0.7901631737932396,0.8194381671805072,0.6371286440287436,0.4624071476366289,False
2021-10-25 08:49:00,556.9,187.5,452.3,564.3,558.5,28.4,78.1,3.6,4.1,0.5,236.9,9.2,979,0,0.0,40.0,45.3,,1.0118218346619074,0.1444134693423999,2.145760514903305,1.0655717963704254,1.1006688896681502,0.8422335297598716,0.4624071476366289,False
2021-10-25 08:50:00,512.6,118.0,447.5,512.9,507.3,28.4,77.4,3.4,4.2,0.5,234.8,10.8,979,0,0.0,40.2,45.6,,0.8744711391183987,-0.1325267105833495,2.115093618146066,0.9036037963650784,0.9343985318001674,0.7054969392724529,0.5155262273762308,False
2021-10-25 08:51:00,484.3,80.2,444.2,484.5,479.3,28.4,78.5,2.9,4.4,0.8,213.1,22.3,979,0,0.0,40.3,45.9,,0.7867279182632902,-0.2831502904566347,2.094010126625464,0.8141117496695168,0.8434694298411143,0.3636554630539064,0.621764386855434,False
2021-10-25 08:52:00,450.0,28.3,443.5,447.8,443.1,28.5,77.3,3.5,4.1,0.5,228.2,8.2,979,0,0.0,40.5,45.9,,0.6803818944000316,-0.4899588564731296,2.0895378708483663,0.698465337214337,0.725911090879767,0.7738652345161623,0.4624071476366289,False
2021-10-25 08:53:00,443.4,15.6,445.0,440.1,435.5,28.6,78.4,3.1,3.6,0.5,220.4,16.8,979,0,0.0,40.4,45.6,,0.6599188110910663,-0.5405651915099212,2.0991212760850035,0.6742016484975827,0.7012303346337383,0.5003920535413252,0.1968117489386212,False
2021-10-25 08:54:00,444.3,11.1,449.1,440.9,436.3,28.6,75.9,2.8,3.6,0.5,233.0,13.3,979,0,0.0,40.3,45.4,,0.6627092315422889,-0.5584965700662647,2.1253159170651457,0.6767225512214011,0.7038283089754256,0.2952871678101971,0.1968117489386212,False
2021-10-25 08:55:00,449.5,13.8,452.8,446.6,441.9,28.6,77.5,2.7,3.4,0.5,204.2,16.4,979,0,0.0,40.2,45.3,,0.6788316608160191,-0.5477377429324586,2.1489549833155173,0.694683983128609,0.7220141293672361,0.226918872566488,0.0905735894594179,False
2021-10-25 08:56:00,460.9,22.7,458.7,459.1,454.4,28.6,76.4,3.5,4.9,0.8,214.6,12.9,979,0,0.0,40.2,45.2,,0.7141769865315044,-0.5122734608988015,2.186649710579624,0.7340730881882752,0.7626074784560991,0.7738652345161623,0.8873597855534419,False
2021-10-25 08:57:00,473.3,36.6,462.4,473.1,468.2,28.6,77.5,3.4,4.9,0.8,234.3,13.7,979,0,0.0,40.2,45.1,,0.7526227794150149,-0.4568854249136517,2.210288776829996,0.7781888858551014,0.8074225358502038,0.7054969392724529,0.8873597855534419,False
2021-10-25 08:58:00,502.5,73.5,467.8,505.7,500.4,28.6,76.5,3.5,4.6,0.6,231.7,8.1,979,0,0.0,40.2,45.2,,0.8431564207213458,-0.3098481207516351,2.24478903568189,0.8809156718507105,0.9119910031031148,0.7738652345161623,0.7280025463346368,False
2021-10-25 08:59:00,516.5,87.1,472.5,520.3,514.8,28.6,78.1,2.7,3.6,0.6,220.0,13.4,979,0,0.0,40.4,45.5,,0.8865629610736963,-0.2556555100035748,2.2748170387566864,0.9269221465604006,0.958754541253485,0.226918872566488,0.1968117489386212,False
2021-10-25 09:00:00,492.6,46.7,474.7,493.1,487.8,28.7,77.1,2.7,3.1,0.4,221.3,14.8,979,0,0.0,40.6,45.9,,0.812461795757898,-0.4166394419316362,2.288872699770421,0.8412114539505673,0.8710729072215411,0.226918872566488,-0.0687836497593866,False
2021-10-25 09:01:00,483.9,33.8,474.4,483.9,478.8,28.8,77.6,3.0,3.9,0.5,231.2,10.9,979,0,0.0,40.7,46.0,,0.7854877313960801,-0.4680427271264876,2.2869560187230937,0.8122210726266528,0.8418456958775598,0.4320237582976158,0.3561689881574258,False
2021-10-25 09:02:00,485.9,37.0,474.6,486.7,481.5,28.9,76.0,3.8,4.6,0.7,225.8,10.9,979,0,0.0,40.8,46.1,,0.7916886657321301,-0.4552915245975322,2.288233806087979,0.8210442321600179,0.8506138592807542,0.97897012024729,0.7280025463346368,False
2021-10-25 09:03:00,489.1,39.5,475.9,490.2,485.0,28.8,75.2,3.7,4.4,0.5,220.9,8.3,979,0,0.0,40.6,46.0,,0.8016101606698104,-0.4453296476217858,2.296539423959731,0.8320731815767244,0.8619799970256358,0.910601825003581,0.621764386855434,False
2021-10-25 09:04:00,501.2,54.5,477.9,503.9,498.5,28.7,75.4,3.4,4.1,0.5,229.1,10.6,979,0,0.0,40.5,46.0,,0.8391258134029134,-0.3855583857673075,2.3093172976085805,0.8752436407221187,0.9058208140416076,0.7054969392724529,0.4624071476366289,False
2021-10-25 09:05:00,521.6,83.2,479.3,527.5,521.8,28.7,75.8,3.6,4.4,0.4,237.6,9.5,979,0,0.0,40.5,46.0,,0.902375343630624,-0.2711960380857391,2.318261809162776,0.9496102710747684,0.9814868167432482,0.8422335297598716,0.621764386855434,False
2021-10-25 09:06:00,521.8,79.7,480.1,525.9,520.2,28.7,76.6,3.5,4.1,0.6,236.4,17.4,979,0,0.0,40.6,46.3,,0.9029954370642288,-0.285142665851784,2.3233729586223157,0.9445684656271311,0.976290868059874,0.7738652345161623,0.4624071476366289,False
2021-10-25 09:07:00,507.1,55.0,482.8,510.1,504.6,28.8,76.3,3.3,3.9,0.5,218.9,11.2,979,0,0.0,40.8,46.6,,0.857418569694261,-0.3835660103721582,2.3406230880482624,0.8947806368317133,0.925630368396973,0.6371286440287436,0.3561689881574258,False
2021-10-25 09:08:00,511.9,56.6,487.1,515.8,510.2,28.8,75.5,3.1,3.9,0.5,212.3,8.9,979,0,0.0,40.9,46.7,,0.872300812100781,-0.3771904091076806,2.3680955163932893,0.9127420687389208,0.9438161887887836,0.5003920535413252,0.3561689881574258,False
2021-10-25 09:09:00,516.4,57.4,491.3,520.6,515.0,28.8,75.7,3.1,3.6,0.4,217.8,11.3,979,0,0.0,41.1,46.8,,0.8862529143568936,-0.3740026084754417,2.3949290510558736,0.9278674850818328,0.9594040348389068,0.5003920535413252,0.1968117489386212,False
2021-10-25 09:10:00,537.7,80.9,496.3,543.7,537.8,28.9,75.1,2.4,2.9,0.5,215.8,14.5,979,0,0.0,41.3,47.0,,0.9522928650358272,-0.2803609649034257,2.4268737351779976,1.000658551232096,1.033446303576993,0.0218139868353599,-0.1750218092385899,False
2021-10-25 09:11:00,533.5,72.0,497.8,538.2,532.3,28.9,76.8,2.1,3.1,0.5,225.5,23.6,979,0,0.0,41.6,47.5,,0.9392709029301216,-0.3158252469370829,2.436457140414635,0.9833273450058428,1.0155852299778931,-0.1832908988957678,-0.0687836497593866,False
2021-10-25 09:12:00,528.3,63.1,498.4,531.8,525.9,29.0,76.2,2.5,3.6,0.5,238.3,13.6,979,0,0.0,42.0,47.9,,0.9231484736563914,-0.35128952897074,2.44029050250929,0.9631601232152934,0.9948014352443952,0.0901822820790693,0.1968117489386212,False
2021-10-25 09:13:00,516.3,44.8,499.3,518.2,512.6,29.1,75.5,2.2,2.9,0.4,244.3,13.5,979,0,0.0,42.2,48.0,,0.885942867640091,-0.4242104684332035,2.446040545651272,0.9203047769103768,0.9516101118138454,-0.1149226036520584,-0.1750218092385899,False
2021-10-25 09:14:00,512.3,37.8,500.1,513.3,507.7,29.2,76.7,2.8,3.9,0.7,236.5,12.7,979,0,0.0,42.3,48.1,,0.8735409989679909,-0.4521037239652934,2.4511516951108123,0.9048642477269876,0.9356975189710108,0.2952871678101971,0.3561689881574258,False
2021-10-25 09:15:00,505.7,24.8,502.8,505.1,499.7,29.3,75.2,2.8,3.9,0.6,232.5,13.3,979,0,0.0,42.4,48.1,,0.853077915659026,-0.5039054842391746,2.4684018245367594,0.8790249948078468,0.9097177755541386,0.2952871678101971,0.3561689881574258,False
2021-10-25 09:16:00,509.9,22.6,509.3,509.0,503.6,29.2,75.3,2.4,3.1,0.5,238.9,9.4,979,0,0.0,42.4,48.0,,0.866099877764731,-0.5126719359778314,2.5099299138955207,0.8913143955864625,0.922382900469864,0.0218139868353599,-0.0687836497593866,False
2021-10-25 09:17:00,521.5,28.1,517.9,521.0,515.4,29.3,76.2,2.6,3.1,0.5,213.6,9.3,979,0,0.0,42.5,48.2,,0.9020652969138214,-0.4907558066311893,2.564874770585574,0.929127936443742,0.9607030220097504,0.1585505773227787,-0.0687836497593866,False
2021-10-25 09:18:00,540.0,43.1,526.8,540.8,535.1,29.4,75.6,2.9,3.6,0.5,237.8,14.4,979,0,0.0,42.6,48.3,,0.9594239395222844,-0.430984544776711,2.621736308322955,0.9915202788582532,1.0246781401737988,0.3636554630539064,0.1968117489386212,False
2021-10-25 09:19:00,570.8,71.9,538.4,574.5,568.4,29.4,75.8,2.9,3.4,0.5,244.3,9.6,979,0,0.0,42.9,48.5,,1.0549183282974557,-0.3162237220161127,2.695847975486283,1.097713306099113,1.1328188221465296,0.3636554630539064,0.0905735894594179,False
2021-10-25 09:20:00,606.4,106.1,551.5,614.2,607.6,29.4,74.2,2.8,3.4,0.5,216.3,18.2,979,0,0.0,43.2,48.9,,1.1652949594791466,-0.1799452449879023,2.7795430478862486,1.2228131037686132,1.260119564889204,0.2952871678101971,0.0905735894594179,False
2021-10-25 09:21:00,678.5,187.9,564.2,688.7,681.0,29.4,75.8,2.4,3.1,0.5,217.5,15.2,979,0,0.0,43.6,49.5,,1.3888386422937515,0.1460073696585193,2.860682545556444,1.4575721699242234,1.4984837107390074,0.0218139868353599,-0.0687836497593866,False
2021-10-25 09:22:00,651.1,142.4,570.9,661.0,653.7,29.5,74.4,2.6,3.1,0.4,225.5,16.3,979,0,0.0,44.0,50.1,,1.3038858418898658,-0.0352987913000647,2.9034884222800903,1.370285913112003,1.409827836328931,0.1585505773227787,-0.0687836497593866,False
2021-10-25 09:23:00,659.3,142.5,575.4,664.2,656.8,29.5,74.9,2.6,3.6,0.5,225.5,20.7,979,0,0.0,44.5,50.8,,1.3293096726676707,-0.0349003162210349,2.932238637990002,1.3803695240072775,1.419894986902969,0.1585505773227787,0.1968117489386212,False
2021-10-25 09:24:00,617.6,86.1,575.8,621.9,615.1,29.5,74.3,3.6,4.4,0.5,237.4,6.4,979,0,0.0,44.9,51.3,,1.2000201917610271,-0.2596402607938733,2.934794212719772,1.2470767924853672,1.2844755743425218,0.8422335297598716,0.621764386855434,False
2021-10-25 09:25:00,600.9,65.4,573.9,603.8,597.2,29.5,74.4,2.7,3.6,0.6,240.0,14.8,979,0,0.0,45.0,51.2,,1.148242390055009,-0.3421246021530533,2.922655232753365,1.1900413683589706,1.2263458984472702,0.226918872566488,0.1968117489386212,False
2021-10-25 09:26:00,591.1,57.3,569.3,593.3,586.9,29.5,74.8,2.7,3.9,0.5,262.6,11.8,979,0,0.0,44.9,51.1,,1.1178578118083635,-0.3744010835544716,2.8932661233610104,1.156954520108851,1.1928969787980468,0.226918872566488,0.3561689881574258,False
2021-10-25 09:27:00,574.6,42.6,563.7,576.7,570.5,29.5,74.5,3.3,4.4,0.7,266.1,9.6,979,0,0.0,45.0,51.1,,1.066700103535951,-0.4329769201718603,2.857488077144232,1.1046457885896146,1.1396385047934587,0.6371286440287436,0.621764386855434,False
2021-10-25 09:28:00,570.3,47.2,556.0,572.9,566.8,29.4,72.9,3.1,3.9,0.6,265.6,9.2,979,0,0.0,45.0,51.1,,1.053368094713443,-0.414647066536487,2.8082932635961604,1.0926715006514758,1.127622873463155,0.5003920535413252,0.3561689881574258,False
2021-10-25 09:29:00,555.0,37.0,547.7,556.4,550.4,29.2,72.7,3.3,4.4,0.7,250.4,10.8,979,0,0.0,44.9,51.1,,1.00593094704266,-0.4552915245975322,2.7552650879534344,1.0406778819727165,1.0743643994585668,0.6371286440287436,0.621764386855434,False
2021-10-25 09:30:00,540.2,29.2,538.2,540.7,535.0,29.3,73.7,3.5,4.4,0.7,241.1,13.7,979,0,0.0,44.5,50.5,,0.9600440329558896,-0.4863725807618609,2.6945701881213986,0.991205166017776,1.0243533933810878,0.7738652345161623,0.621764386855434,False
2021-10-25 09:31:00,529.9,24.2,531.5,530.3,524.7,29.3,72.4,3.8,4.4,0.5,245.0,7.1,979,0,0.0,44.1,49.8,,0.9281092211252316,-0.5062963347133537,2.651764311397752,0.9584334306081336,0.9909044737318649,0.97897012024729,0.621764386855434,False
2021-10-25 09:32:00,523.7,27.4,522.3,524.1,518.7,29.3,72.9,3.6,4.4,0.5,240.5,9.4,979,0,0.0,43.6,49.1,,0.9088863246834766,-0.4935451321843983,2.5929860926130432,0.9388964344985392,0.9714196661692104,0.8422335297598716,0.621764386855434,False
2021-10-25 09:33:00,505.3,7.3,519.2,504.3,499.2,29.3,73.5,2.6,3.1,0.4,251.5,11.6,979,0,0.0,43.3,48.4,,0.8518377287918161,-0.5736386230693992,2.5731803884573266,0.8765040920840279,0.908094041590584,0.1585505773227787,-0.0687836497593866,False
2021-10-25 09:34:00,497.4,6.8,511.9,496.7,491.7,29.4,73.7,2.3,2.6,0.4,253.6,9.6,979,0,0.0,43.1,48.1,,0.827344038164418,-0.5756309984645485,2.526541149639025,0.8525555162077508,0.8837380321372663,-0.0465543084083493,-0.3343790484573945,False
2021-10-25 09:35:00,498.3,17.6,504.7,498.4,493.4,29.4,73.9,3.1,3.6,0.4,240.0,10.9,979,0,0.0,43.2,48.1,,0.8301344586156408,-0.5325956899293242,2.4805408045031663,0.8579124344958656,0.8892587276133516,0.5003920535413252,0.1968117489386212,False
2021-10-25 09:36:00,507.6,28.0,506.8,509.1,504.1,29.4,73.8,3.6,4.4,0.6,246.7,9.6,979,0,0.0,43.0,48.0,,0.8589688032782735,-0.4911542817102192,2.4939575718344584,0.89162950842694,0.9240066344334184,0.8422335297598716,0.621764386855434,False
2021-10-25 09:37:00,526.8,53.5,507.3,530.7,525.4,29.4,73.5,3.1,3.6,0.5,238.4,6.6,979,0,0.0,42.9,47.7,,0.918497772904354,-0.3895431365576061,2.497152040246671,0.9596938819700432,0.9931777012808408,0.5003920535413252,0.1968117489386212,False
2021-10-25 09:38:00,526.2,53.0,506.0,528.9,523.6,29.4,72.6,3.2,3.9,0.5,237.4,12.8,979,0,0.0,42.9,47.6,,0.9166374926035392,-0.3915355119527554,2.4888464223749187,0.954021850841451,0.9873322590120448,0.5687603487850346,0.3561689881574258,False
2021-10-25 09:39:00,494.7,20.3,499.1,494.3,489.4,29.4,71.4,3.4,4.1,0.5,236.4,9.1,979,0,0.0,42.7,47.4,,0.8189727768107506,-0.521836862795518,2.444762758286388,0.844992808036295,0.8762688559049154,0.7054969392724529,0.4624071476366289,False
2021-10-25 09:40:00,490.1,17.0,496.7,489.3,484.5,29.4,72.5,3.2,4.1,0.4,232.5,10.6,979,0,0.0,42.5,46.9,,0.8047106278378354,-0.5349865404035032,2.429429309907768,0.8292371660124286,0.8603562630620812,0.5687603487850346,0.4624071476366289,False
2021-10-25 09:41:00,491.5,16.6,498.8,491.1,486.3,29.4,72.3,3.2,3.9,0.4,228.0,14.9,979,0,0.0,42.2,46.5,,0.8090512818730704,-0.5365804407196227,2.44284607723906,0.8349091971410206,0.8662017053308776,0.5687603487850346,0.3561689881574258,False
2021-10-25 09:42:00,492.2,17.2,499.5,491.9,487.1,29.4,72.6,3.5,4.4,0.6,233.5,10.4,979,0,0.0,42.0,46.2,,0.8112216088906881,-0.5341895902454437,2.447318333016157,0.8374300998648392,0.8687996796725648,0.7738652345161623,0.621764386855434,False
2021-10-25 09:43:00,497.2,23.8,499.3,497.0,492.2,29.4,72.5,3.4,4.1,0.5,235.4,7.4,979,0,0.0,41.8,45.9,,0.8267239447308132,-0.5078902350294732,2.446040545651272,0.853500854729183,0.8853617661008208,0.7054969392724529,0.4624071476366289,False
2021-10-25 09:44:00,485.9,13.0,496.3,484.1,479.5,29.4,72.2,2.5,3.1,0.4,223.8,12.8,979,0,0.0,41.6,45.7,,0.7916886657321301,-0.5509255435646975,2.4268737351779976,0.8128512983076076,0.844118923426536,0.0901822820790693,-0.0687836497593866,False
2021-10-25 09:45:00,479.9,15.5,488.7,478.3,473.7,29.4,73.0,1.9,2.5,0.3,241.3,11.7,979,0,0.0,41.6,45.6,,0.7730858627239799,-0.5409636665889511,2.3783178153123687,0.7945747535599224,0.8252836094493036,-0.3200274893831865,-0.3874981281969962,False
2021-10-25 09:46:00,477.6,23.1,480.3,476.1,471.5,29.5,72.4,3.1,4.4,1.0,224.4,8.5,979,0,0.0,41.9,45.8,,0.7659547882375226,-0.5106795605826822,2.324650745987201,0.7876422710694212,0.8181391800096637,0.5003920535413252,0.621764386855434,False
2021-10-25 09:47:00,458.7,6.3,474.2,455.0,450.7,29.5,71.6,3.2,3.9,0.5,224.0,9.4,979,0,0.0,41.7,45.7,,0.7073559587618493,-0.5776233738596978,2.285678231358209,0.7211534617287046,0.7505918471257956,0.5687603487850346,0.3561689881574258,False
2021-10-25 09:48:00,442.6,0.0,462.9,437.8,433.7,29.5,72.1,2.9,3.4,0.4,229.0,6.4,979,0,0.0,41.5,45.4,,0.6574384373566464,-0.6027273038385786,2.213483245242208,0.666954053166604,0.6953848923649419,0.3636554630539064,0.0905735894594179,False
2021-10-25 09:49:00,431.8,3.0,449.4,426.5,422.6,29.5,73.4,2.5,3.4,0.4,225.3,12.1,979,0,0.0,41.5,45.1,,0.623953391941976,-0.590773051467683,2.1272325981124727,0.6313463021926659,0.6593379983740317,0.0901822820790693,0.0905735894594179,False
2021-10-25 09:50:00,423.5,2.7,441.5,418.1,414.4,29.6,72.3,2.0,3.4,0.5,215.0,11.2,979,0,0.0,41.5,44.8,,0.5982195144473682,-0.5919684767047726,2.0767599971995168,0.6048768235925702,0.6327087613717375,-0.2516591941394772,0.0905735894594179,False
2021-10-25 09:51:00,417.9,0.0,438.4,412.5,408.8,29.6,71.8,3.4,3.9,0.4,223.7,7.6,979,0,0.0,41.4,44.6,,0.580856898306428,-0.6027273038385786,2.0569542930438,0.5872305045258397,0.614522940979927,0.7054969392724529,0.3561689881574258,False
2021-10-25 09:52:00,414.8,2.4,433.3,409.1,405.5,29.5,72.5,3.0,3.6,0.4,215.6,8.5,979,0,0.0,41.0,44.2,,0.5712454500855504,-0.5931639019418621,2.024370715239233,0.5765166679496105,0.6038062968204672,0.4320237582976158,0.1968117489386212,False
2021-10-25 09:53:00,414.2,0.0,435.1,408.6,405.0,29.5,72.6,2.6,3.4,0.5,213.8,9.0,979,0,0.0,40.9,43.9,,0.5693851697847353,-0.6027273038385786,2.0358708015231977,0.574941103747224,0.6021825628569126,0.1585505773227787,0.0905735894594179,False
2021-10-25 09:54:00,416.3,7.6,431.1,410.6,407.0,29.5,71.7,2.4,3.4,0.4,214.2,10.3,979,0,0.0,40.7,43.7,,0.5758961508375879,-0.5724431978323097,2.0103150542254986,0.5812433605567705,0.6086774987111306,0.0218139868353599,0.0905735894594179,False
2021-10-25 09:55:00,420.7,9.4,434.7,415.1,411.4,29.6,72.3,2.3,3.2,0.6,228.0,10.4,979,0,0.0,40.6,43.7,,0.589538206376898,-0.5652706464097722,2.033315226793428,0.5954234383782503,0.6229663575904104,-0.0465543084083493,-0.015664570019785,False
2021-10-25 09:56:00,427.3,9.4,441.7,421.5,417.7,29.6,71.4,2.9,3.6,0.5,226.2,11.5,979,0,0.0,40.6,43.7,,0.6100012896858633,-0.5652706464097722,2.0780377845644016,0.6155906601687994,0.6434254055311973,0.3636554630539064,0.1968117489386212,False
2021-10-25 09:57:00,430.6,8.4,446.2,424.3,420.5,29.6,72.3,2.6,3.4,0.6,219.2,16.1,979,0,0.0,40.5,43.6,,0.620232831340346,-0.5692553972000708,2.1067880002743133,0.6244138197021646,0.6525183157271027,0.1585505773227787,0.0905735894594179,False
2021-10-25 09:58:00,457.7,33.5,454.0,453.9,449.8,29.7,73.2,2.8,3.4,0.5,216.6,14.9,979,0,0.0,40.5,43.7,,0.7042554915938243,-0.4692381523635771,2.156621707504827,0.7176872204834539,0.7476691259913976,0.2952871678101971,0.0905735894594179,False
2021-10-25 09:59:00,461.7,29.5,460.8,456.5,452.2,29.7,72.2,2.7,3.4,0.4,220.0,12.8,979,0,0.0,40.6,43.9,,0.7166573602659244,-0.4851771555247713,2.2000664779109163,0.7258801543358646,0.7554630490164592,0.226918872566488,0.0905735894594179,False
2021-10-25 10:00:00,452.8,19.4,459.4,445.7,441.5,29.8,72.8,2.0,2.6,0.4,236.9,15.5,979,0,0.0,40.7,44.1,,0.6890632024705017,-0.5254231385067867,2.191121966356721,0.691847967564313,0.7207151421963925,-0.2516591941394772,-0.3343790484573945,False
2021-10-25 10:01:00,436.4,3.2,456.4,428.2,424.3,29.8,72.3,2.5,3.9,0.9,237.4,12.1,979,0,0.0,40.9,44.2,,0.6382155409148911,-0.5899761013096233,2.1719551558834467,0.6367032204807803,0.6648586938501171,0.0901822820790693,0.3561689881574258,False
2021-10-25 10:02:00,432.6,2.9,452.6,424.3,420.4,29.8,72.0,2.8,3.6,0.6,225.0,10.3,979,0,0.0,41.0,44.4,,0.6264337656763961,-0.5911715265467128,2.1476771959506324,0.6244138197021646,0.6521935689343917,0.2952871678101971,0.1968117489386212,False
2021-10-25 10:03:00,429.9,0.0,452.3,421.5,417.7,29.8,72.8,2.9,3.6,0.6,232.7,11.7,979,0,0.0,41.0,44.4,,0.6180625043227284,-0.6027273038385786,2.145760514903305,0.6155906601687994,0.6434254055311973,0.3636554630539064,0.1968117489386212,False
2021-10-25 10:04:00,428.3,6.4,445.2,420.1,416.2,29.8,71.9,3.1,3.6,0.4,235.8,6.8,979,0,0.0,41.0,44.4,,0.6131017568538883,-0.5772248987806678,2.1003990634498884,0.6111790804021168,0.6385542036405338,0.5003920535413252,0.1968117489386212,False
2021-10-25 10:05:00,429.1,6.8,445.8,421.0,417.2,29.7,71.4,2.6,3.4,0.5,229.4,11.3,979,0,0.0,41.0,44.3,,0.6155821305883085,-0.5756309984645485,2.104232425544544,0.6140150959664127,0.6418016715676428,0.1585505773227787,0.0905735894594179,False
2021-10-25 10:06:00,430.9,6.1,448.1,422.7,418.8,29.7,72.3,2.5,3.1,0.4,208.3,13.9,979,0,0.0,40.9,44.3,,0.6211629714907534,-0.5784203240177576,2.1189269802407207,0.6193720142545273,0.6469976202510174,0.0901822820790693,-0.0687836497593866,False
2021-10-25 10:07:00,432.2,0.0,454.9,424.0,420.1,29.8,71.1,2.7,3.9,0.6,212.4,15.3,979,0,0.0,41.1,44.3,,0.6251935788091859,-0.6027273038385786,2.1623717506468094,0.6234684811807326,0.6512193285562592,0.226918872566488,0.3561689881574258,False
2021-10-25 10:08:00,434.9,7.1,451.2,426.6,422.6,29.8,71.6,2.9,3.6,0.7,209.2,14.9,979,0,0.0,41.1,44.3,,0.6335648401628535,-0.574435573227459,2.1387326843964374,0.6316614150331432,0.6593379983740317,0.3636554630539064,0.1968117489386212,False
2021-10-25 10:09:00,437.1,7.0,453.2,428.7,424.8,29.8,70.6,3.1,3.9,0.4,222.5,9.7,979,0,0.0,41.0,44.2,,0.6403858679325087,-0.5748340483064888,2.151510558045288,0.638278784683167,0.6664824278136716,0.5003920535413252,0.3561689881574258,False
2021-10-25 10:10:00,438.8,7.7,454.1,430.4,426.5,29.7,71.2,2.5,3.4,0.5,203.9,12.9,979,0,0.0,40.8,44.1,,0.6456566621181512,-0.5720447227532799,2.1572606011872697,0.6436357029712816,0.672003123289757,0.0901822820790693,0.0905735894594179,False
2021-10-25 10:11:00,440.9,7.5,456.2,432.9,428.9,29.7,70.8,2.1,2.9,0.6,195.1,15.5,979,0,0.0,40.9,43.9,,0.6521676431710037,-0.5728416729113395,2.170677368518562,0.6515135239832148,0.6797970463148185,-0.1832908988957678,-0.1750218092385899,False
2021-10-25 10:12:00,444.5,9.8,458.1,437.2,433.2,29.8,71.6,1.9,2.7,0.5,227.8,14.7,979,0,0.0,41.1,44.2,,0.6633293249758939,-0.5636767460936528,2.182816348484969,0.66506337612374,0.6937611584013875,-0.3200274893831865,-0.2812599687177929,False
2021-10-25 10:13:00,451.7,14.4,461.6,445.5,441.3,29.9,70.9,2.3,2.9,0.5,227.6,12.1,979,0,0.0,41.3,44.6,,0.6856526885856741,-0.5453468924582795,2.205177627370456,0.6912177418833584,0.7200656486109708,-0.0465543084083493,-0.1750218092385899,False
2021-10-25 10:14:00,451.5,11.4,463.6,444.6,440.5,29.9,70.1,2.7,3.4,0.5,231.6,6.5,979,0,0.0,41.4,44.9,,0.6850325951520692,-0.5573011448291751,2.217955501019305,0.6883817263190625,0.7174676742692835,0.226918872566488,0.0905735894594179,False
2021-10-25 10:15:00,457.6,16.0,465.7,451.5,447.3,29.9,69.7,2.3,2.9,0.4,236.4,10.0,979,0,0.0,41.4,44.9,,0.7039454448770219,-0.5389712911938018,2.2313722683505977,0.7101245123119981,0.739550456173625,-0.0465543084083493,-0.1750218092385899,False
2021-10-25 10:16:00,463.1,20.5,467.0,456.9,452.7,29.9,70.1,2.2,2.8,0.4,230.9,11.1,979,0,0.0,41.4,44.9,,0.7209980143011596,-0.5210399126374583,2.23967788622235,0.7271406056977738,0.7570867829800138,-0.1149226036520584,-0.2281408889781915,False
2021-10-25 10:17:00,454.2,9.7,467.3,447.3,443.2,29.9,70.4,2.4,3.1,0.5,230.3,13.5,979,0,0.0,41.5,45.0,,0.6934038565057367,-0.5640752211726827,2.241594567269677,0.6968897730119503,0.7262358376724779,0.0218139868353599,-0.0687836497593866,False
2021-10-25 10:18:00,454.7,8.3,468.9,447.7,443.6,29.9,70.5,2.8,3.4,0.5,225.4,13.0,979,0,0.0,41.6,45.0,,0.6949540900897492,-0.5696538722791006,2.251816866188757,0.6981502243738595,0.7275348248433215,0.2952871678101971,0.0905735894594179,False
2021-10-25 10:19:00,460.6,9.0,474.2,453.7,449.6,29.9,70.2,2.7,3.1,0.4,220.4,12.4,979,0,0.0,41.6,45.0,,0.713246846381097,-0.5668645467258917,2.285678231358209,0.7170569948024993,0.7470196324059758,0.226918872566488,-0.0687836497593866,False
2021-10-25 10:20:00,469.3,11.6,480.8,462.6,458.3,29.8,70.8,2.5,3.1,0.4,231.0,14.1,979,0,0.0,41.7,45.0,,0.7402209107429147,-0.5565041946711154,2.327845214399413,0.7451020376049817,0.7752726033718245,0.0901822820790693,-0.0687836497593866,False
2021-10-25 10:21:00,476.9,12.1,487.8,470.1,465.7,29.9,70.6,2.3,2.9,0.4,234.3,5.1,979,0,0.0,41.8,45.0,,0.7637844612199048,-0.5545118192759662,2.372567772170387,0.7687355006407814,0.7993038660324313,-0.0465543084083493,-0.1750218092385899,False
2021-10-25 10:22:00,481.9,11.3,493.5,474.9,470.4,29.9,70.3,2.0,2.7,0.4,241.7,7.5,979,0,0.0,42.0,45.2,,0.77928679706003,-0.5576996199082049,2.408984712069608,0.7838609169836931,0.8145669652898437,-0.2516591941394772,-0.2812599687177929,False
2021-10-25 10:23:00,492.8,14.4,502.3,486.6,482.0,29.9,71.1,2.8,3.4,0.4,249.7,9.8,979,0,0.0,42.3,45.6,,0.8130818891915031,-0.5453468924582795,2.4652073561245467,0.8207291193195408,0.8522375932443086,0.2952871678101971,0.0905735894594179,False
2021-10-25 10:24:00,517.9,34.0,510.7,512.7,507.9,29.8,71.5,3.4,3.9,0.4,244.0,12.2,979,0,0.0,42.5,46.0,,0.8909036151089311,-0.4672457769684279,2.5188744254497157,0.902973570684124,0.9363470125564328,0.7054969392724529,0.3561689881574258,False
2021-10-25 10:25:00,508.1,16.9,514.5,501.0,496.3,29.8,71.3,2.0,2.6,0.5,219.1,17.7,979,0,0.0,42.6,46.1,,0.860519036862286,-0.5353850154825331,2.543152385382529,0.8661053683482762,0.898676384601968,-0.2516591941394772,-0.3343790484573945,False
2021-10-25 10:26:00,506.5,14.1,514.8,499.5,494.8,29.9,73.1,1.9,3.1,0.6,228.1,13.7,979,0,0.0,42.7,46.3,,0.8555582893934459,-0.5465423176953691,2.545069066429857,0.8613786757411163,0.8938051827113044,-0.3200274893831865,-0.0687836497593866,False
2021-10-25 10:27:00,504.6,13.3,513.3,497.9,493.2,30.0,72.2,1.8,2.4,0.5,243.3,19.1,979,0,0.0,43.0,46.7,,0.8496674017741984,-0.5497301183276079,2.53548566119322,0.8563368702934789,0.8886092340279298,-0.3883957846268957,-0.4406172079365978,False
2021-10-25 10:28:00,501.9,12.9,510.7,495.7,491.0,30.2,73.0,1.7,2.1,0.4,235.6,17.3,979,0,0.0,43.4,47.1,,0.8412961404205307,-0.5513240186437273,2.5188744254497157,0.8494043878029776,0.88146480458829,-0.4567640798706051,-0.5999744471554024,False
2021-10-25 10:29:00,498.3,12.0,507.7,492.6,487.9,30.3,71.3,1.8,2.4,0.4,213.9,14.9,979,0,0.0,43.7,47.5,,0.8301344586156408,-0.5549102943549961,2.499707614976441,0.8396358897481806,0.8713976540142518,-0.3883957846268957,-0.4406172079365978,False
2021-10-25 10:30:00,496.3,10.9,506.3,491.0,486.4,30.4,69.1,1.5,1.9,0.4,219.4,11.3,979,0,0.0,43.9,47.6,,0.8239335242795908,-0.5592935202243244,2.490763103422246,0.8345940843005433,0.8665264521235884,-0.5935006703580237,-0.7062126066346057,False
2021-10-25 10:31:00,492.6,9.9,503.7,488.1,483.5,30.4,68.5,1.2,1.6,0.3,228.6,15.8,979,0,0.0,44.2,47.9,,0.812461795757898,-0.563278271014623,2.4741518676787413,0.8254558119267008,0.8571087951349722,-0.7986055560891516,-0.8655698458534103,False
2021-10-25 10:32:00,386.4,0.0,509.7,485.5,480.9,30.5,71.2,1.6,2.5,0.5,224.0,18.1,979,0,0.0,44.6,48.4,,0.4831921825136394,-0.6027273038385786,2.5124854886252903,0.8172628780742902,0.8486653785244886,-0.5251323751143143,-0.3874981281969962,False
2021-10-25 10:33:00,489.0,11.5,497.6,486.2,475.8,30.6,69.4,2.2,2.9,0.4,212.2,11.3,979,0,0.0,44.7,48.5,,0.8013001139530078,-0.5569026697501454,2.43517935304975,0.8194686679576313,0.8321032920962327,-0.1149226036520584,-0.1750218092385899,False
2021-10-25 10:34:00,488.0,11.6,496.2,484.8,479.3,30.5,70.0,2.1,2.6,0.4,211.2,12.0,979,1,0.0,43.9,48.1,,0.7981996467849828,-0.5565041946711154,2.426234841495555,0.8150570881909487,0.8434694298411143,-0.1832908988957678,-0.3343790484573945,False
2021-10-25 10:35:00,488.5,10.2,497.5,483.4,480.1,30.5,70.2,1.9,2.4,0.4,207.8,12.6,979,0,0.0,43.6,48.0,,0.7997498803689953,-0.5620828457775334,2.4345404593673075,0.8106455084242662,0.8460674041828016,-0.3200274893831865,-0.4406172079365978,False
2021-10-25 10:36:00,492.3,13.1,499.3,488.0,484.9,30.5,69.1,1.9,2.9,0.7,197.8,16.8,979,0,0.0,43.6,47.9,,0.8115316556074906,-0.5505270684856677,2.446040545651272,0.8251406990862235,0.8616552502329248,-0.3200274893831865,-0.1750218092385899,False
2021-10-25 10:37:00,509.3,27.4,504.3,510.1,504.0,30.5,68.2,2.0,3.2,0.4,211.0,16.8,979,0,0.0,43.6,47.9,,0.8642395974639162,-0.4935451321843983,2.4779852297733966,0.8947806368317133,0.9236818876407076,-0.2516591941394772,-0.015664570019785,False
2021-10-25 10:38:00,517.1,30.1,508.4,517.7,511.5,30.5,69.7,2.1,3.1,0.5,228.9,10.0,979,0,0.0,43.8,47.9,,0.8884232413745113,-0.4827863050505923,2.504179870753538,0.9187292127079904,0.9480378970940252,-0.1832908988957678,-0.0687836497593866,False
2021-10-25 10:39:00,500.7,14.4,504.8,500.4,494.4,30.4,69.6,2.5,3.2,0.5,204.8,19.4,979,0,0.0,43.8,47.8,,0.8375755798189009,-0.5453468924582795,2.481179698185609,0.8642146913054122,0.8925061955404606,0.0901822820790693,-0.015664570019785,False
2021-10-25 10:40:00,498.8,12.8,504.0,499.2,493.2,30.4,70.7,1.6,2.4,0.5,198.0,12.5,979,0,0.0,43.8,47.7,,0.8316846921996534,-0.5517224937227572,2.4760685487260687,0.8604333372196841,0.8886092340279298,-0.5251323751143143,-0.4406172079365978,False
2021-10-25 10:41:00,493.2,93.0,271.1,506.2,500.2,30.5,69.5,2.3,3.1,0.5,207.5,9.7,979,0,0.0,44.1,47.9,,0.8143220760587131,-0.2321454803408133,0.9880851623175247,0.8824912360530971,0.9113415095176932,-0.0465543084083493,-0.0687836497593866,False
2021-10-25 10:42:00,720.5,256.9,526.6,745.8,737.0,30.6,70.8,2.7,3.1,0.4,234.1,13.5,979,1,0.0,44.3,48.2,,1.519058263350803,0.4209551741891193,2.62045852095807,1.637501601836778,1.6803419146571137,0.226918872566488,-0.0687836497593866,False
2021-10-25 10:43:00,655.1,153.2,534.3,659.6,650.9,30.6,69.7,2.5,3.1,0.5,225.9,12.3,979,0,0.0,45.1,49.2,,1.316287710561966,0.0077365172351595,2.6696533345061413,1.3658743333453205,1.4007349261330253,0.0901822820790693,-0.0687836497593866,False
2021-10-25 10:44:00,560.9,51.7,534.1,567.9,560.8,30.7,69.9,2.3,3.1,0.5,224.2,11.5,979,0,0.0,45.6,49.8,,1.0242237033340076,-0.3967156879801435,2.6683755471412565,1.0769158586276095,1.108138065900501,-0.0465543084083493,-0.0687836497593866,False
2021-10-25 10:45:00,570.9,63.3,534.1,580.2,572.9,30.7,67.7,1.8,2.4,0.3,240.8,6.8,979,0,0.0,45.8,50.0,,1.055228375014258,-0.3504925788126803,2.6683755471412565,1.1156747380063212,1.1474324278185202,-0.3883957846268957,-0.4406172079365978,False
2021-10-25 10:46:00,572.0,64.4,532.3,581.5,574.0,30.6,69.2,1.8,2.4,0.4,243.6,7.7,979,0,0.0,46.2,50.6,,1.0586388888990856,-0.3461093529433519,2.6568754608572918,1.1197712049325264,1.1510046425383402,-0.3883957846268957,-0.4406172079365978,False
2021-10-25 10:47:00,519.1,17.7,519.5,524.6,518.1,30.6,69.1,1.6,2.1,0.5,198.1,16.6,978,0,0.0,46.5,51.0,,0.8946241757105614,-0.5321972148502944,2.575097069504654,0.940471998700926,0.9694711854129452,-0.5251323751143143,-0.5999744471554024,False
2021-10-25 10:48:00,507.3,12.4,511.7,513.4,506.9,30.6,67.6,1.9,2.6,0.4,192.4,11.9,978,0,0.0,46.6,51.0,,0.8580386631278661,-0.5533163940388766,2.5252633622741403,0.905179360567465,0.9330995446293237,-0.3200274893831865,-0.3343790484573945,False
2021-10-25 10:49:00,504.4,9.5,511.0,511.5,505.1,30.6,68.9,1.9,2.4,0.4,197.9,10.7,978,0,0.0,46.5,50.6,,0.8490473083405933,-0.5648721713307424,2.5207911064970427,0.8991922165983958,0.9272541023605276,-0.3200274893831865,-0.4406172079365978,False
2021-10-25 10:50:00,505.2,10.2,510.8,513.2,506.9,30.7,69.3,2.3,3.1,0.5,205.8,12.3,978,0,0.0,46.5,50.4,,0.8515276820750135,-0.5620828457775334,2.519513319132158,0.9045491348865106,0.9330995446293237,-0.0465543084083493,-0.0687836497593866,False
2021-10-25 10:51:00,512.1,13.6,514.3,521.4,515.0,30.8,68.5,1.7,2.1,0.4,220.7,12.9,978,0,0.0,46.5,50.1,,0.8729209055343862,-0.5485346930905184,2.5418745980176443,0.9303883878056513,0.9594040348389068,-0.4567640798706051,-0.5999744471554024,False
2021-10-25 10:52:00,522.2,17.7,520.9,532.8,526.2,30.8,68.2,1.9,2.4,0.4,221.6,9.4,978,0,0.0,46.4,50.0,,0.9042356239314392,-0.5321972148502944,2.5840415810588486,0.9663112516200668,0.9957756756225284,-0.3200274893831865,-0.4406172079365978,False
2021-10-25 10:53:00,538.3,24.6,530.9,550.5,543.7,30.7,68.5,2.2,2.6,0.4,258.1,15.9,978,0,0.0,46.4,50.0,,0.9541531453366418,-0.5047024343972343,2.6479309493030967,1.022086224384554,1.0526063643469366,-0.1149226036520584,-0.3343790484573945,False
2021-10-25 10:54:00,591.5,71.2,544.2,609.4,602.0,30.6,67.6,1.7,2.4,0.5,282.5,7.4,978,0,0.0,46.5,50.2,,1.1190979986755738,-0.3190130475693217,2.732903809067948,1.207687687425701,1.2419337444973937,-0.4567640798706051,-0.4406172079365978,False
2021-10-25 10:55:00,610.6,74.7,559.0,628.3,620.5,30.5,68.9,1.5,2.6,0.7,227.3,30.2,978,0,0.0,46.9,50.8,,1.178316921584852,-0.3050664198032768,2.827460074069435,1.2672440142759165,1.3020119011489106,-0.5935006703580237,-0.3343790484573945,False
2021-10-25 10:56:00,650.8,105.3,572.9,672.2,663.9,30.6,68.1,2.8,3.4,0.6,214.4,11.3,978,0,0.0,47.2,51.2,,1.302955701739458,-0.1831330456201411,2.91626629592894,1.4055785512454642,1.4429520091854429,0.2952871678101971,0.0905735894594179,False
2021-10-25 10:57:00,687.3,136.7,582.5,711.6,702.8,30.7,68.7,1.6,2.1,0.4,207.2,19.8,978,0,0.0,47.3,51.5,,1.4161227533723717,-0.0580118708047666,2.9776000894434187,1.5297330103935318,1.5692785115499843,-0.5251323751143143,-0.5999744471554024,False
2021-10-25 10:58:00,704.7,150.4,585.3,728.7,719.5,30.7,68.8,2.8,3.4,0.6,224.4,7.4,978,0,0.0,47.7,52.0,,1.4700708820960076,-0.0034207849776763,2.995489112551808,1.583617306115155,1.6235112259327056,0.2952871678101971,0.0905735894594179,False
2021-10-25 10:59:00,707.7,162.0,579.8,736.2,726.9,30.8,67.0,2.4,2.9,0.5,228.7,11.6,978,0,0.0,47.9,52.4,,1.4793722836000829,0.0428023241897868,2.960349960017471,1.6072507691509548,1.6475424885933123,0.0218139868353599,-0.1750218092385899,False
2021-10-25 11:00:00,758.2,221.2,576.6,787.9,777.8,30.8,68.0,2.6,3.4,0.5,241.9,12.0,978,0,0.0,48.1,52.9,,1.6359458755853469,0.278699570975461,2.9399053621793123,1.770164107677734,1.8128386060831625,0.1585505773227787,0.0905735894594179,False
2021-10-25 11:01:00,681.5,140.7,569.9,706.6,697.6,30.9,68.8,3.2,3.9,0.5,258.4,8.1,978,0,0.0,48.5,53.3,,1.3981400437978266,-0.0420728676435724,2.8970994854556653,1.5139773683696651,1.5523916783290177,0.5687603487850346,0.3561689881574258,False
2021-10-25 11:02:00,708.8,186.7,554.3,731.4,722.0,30.8,69.1,1.8,2.6,0.5,237.8,24.2,978,0,0.0,48.8,53.6,,1.48278279748491,0.141225668710161,2.797432070994638,1.5921253528080428,1.6316298957504782,-0.3883957846268957,-0.3343790484573945,False
2021-10-25 11:03:00,566.8,41.3,538.7,579.0,571.7,30.8,68.2,2.1,2.6,0.4,225.0,13.8,978,0,0.0,49.2,53.9,,1.042516459625355,-0.4381570961992485,2.697764656533611,1.1118933839205931,1.1435354663059896,-0.1832908988957678,-0.3343790484573945,False
2021-10-25 11:04:00,588.1,71.9,533.0,602.2,594.6,30.9,68.6,2.0,3.4,0.7,238.1,17.5,978,0,0.0,49.1,53.8,,1.1085564103042886,-0.3162237220161127,2.6613477166343893,1.1849995629113337,1.2179024818367865,-0.2516591941394772,0.0905735894594179,False
2021-10-25 11:05:00,625.0,106.3,542.3,641.5,633.6,31.0,68.0,2.5,3.4,0.5,228.7,10.2,978,0,0.0,49.0,53.5,,1.2229636488044124,-0.1791482948298425,2.72076482910154,1.308838909218924,1.3445537309940392,0.0901822820790693,0.0905735894594179,False
2021-10-25 11:06:00,811.0,302.6,559.6,838.0,828.0,30.9,67.9,2.7,3.4,0.4,228.7,10.4,978,0,0.0,48.9,53.3,,1.7996505420570683,0.6030582853057633,2.83129343616409,1.928035640756876,1.975861496024036,0.226918872566488,0.0905735894594179,False
2021-10-25 11:07:00,787.6,279.3,548.9,810.0,799.8,31.0,67.8,1.6,2.6,0.5,259.6,12.3,978,0,0.0,49.4,53.8,,1.727099610325283,0.510213591891807,2.762931812142744,1.839804045423224,1.8842829004795607,-0.5251323751143143,-0.3343790484573945,False
2021-10-25 11:08:00,611.2,98.4,528.4,623.2,615.2,31.0,69.4,2.6,3.9,0.9,243.6,8.8,978,0,0.0,50.0,54.7,,1.180177201885667,-0.2106278260732011,2.631958607242035,1.2511732594115728,1.2848003211352328,0.1585505773227787,0.3561689881574258,False
2021-10-25 11:09:00,573.5,76.5,511.8,587.6,580.3,31.0,67.0,2.1,2.9,0.4,238.9,12.6,978,0,0.0,50.0,54.7,,1.0632895896511232,-0.2978938683807394,2.525902255956583,1.1389930882016437,1.1714636904791271,-0.1832908988957678,-0.1750218092385899,False
2021-10-25 11:10:00,765.9,296.0,518.5,796.8,786.9,30.9,68.1,2.6,3.4,0.5,240.0,14.2,978,0,0.0,49.9,54.6,,1.6598194727791395,0.5767589300897928,2.568708132680229,1.798209150480216,1.8423905642198548,0.1585505773227787,0.0905735894594179,False
2021-10-25 11:11:00,860.0,397.1,515.5,892.0,881.0,30.8,69.3,1.1,2.1,0.8,187.1,16.0,978,0,0.0,50.3,55.1,,1.9515734332902952,0.9796172349889766,2.5495413222069545,2.098196574614634,2.147977296160815,-0.8669738513328608,-0.5999744471554024,False
2021-10-25 11:12:00,932.0,495.2,509.2,975.0,963.0,31.0,69.8,1.0,2.7,0.9,265.4,33.7,978,0,0.0,51.4,56.4,,2.174807069388097,1.3705212875172643,2.509291020213078,2.359740232210817,2.4142696661837566,-0.93534214657657,-0.2812599687177929,False
2021-10-25 11:13:00,962.0,532.7,503.5,1000.0,987.0,31.2,69.6,2.4,3.4,0.6,265.3,10.4,978,0,0.0,52.9,58.2,,2.2678210844288484,1.5199494421534605,2.4728740803138565,2.438518442330149,2.4922088964343736,0.0218139868353599,0.0905735894594179,False
2021-10-25 11:14:00,897.0,478.5,486.3,940.0,928.0,31.2,68.2,2.5,2.9,0.3,265.2,6.8,978,0,0.0,54.0,59.7,,2.0662907185072217,1.3039759493192786,2.3629843669337496,2.249450738043752,2.30060828873494,0.0901822820790693,-0.1750218092385899,False
2021-10-25 11:15:00,1094.0,706.7,490.8,1140.0,1126.0,31.2,67.9,1.3,2.1,0.7,262.9,12.1,978,0,0.0,55.0,61.0,,2.677082750608153,2.2132960796654086,2.3917345826436613,2.87967641899841,2.94360693830253,-0.7302372608454422,-0.5999744471554024,False
2021-10-25 11:16:00,1085.0,696.1,491.6,1133.0,1118.0,31.2,66.5,1.6,2.1,0.5,248.9,15.8,978,0,0.0,56.4,62.6,,2.649178546095928,2.171057721288244,2.396845732103201,2.8576185201649973,2.917627194885658,-0.5251323751143143,-0.5999744471554024,False
2021-10-25 11:17:00,949.0,527.9,489.1,987.0,974.0,31.2,67.0,2.7,3.6,0.6,268.1,13.4,978,0,0.0,57.7,64.2,,2.227515011244523,1.5008226383600272,2.380873390042139,2.3975537730680965,2.449991813381956,0.226918872566488,0.1968117489386212,False
2021-10-25 11:18:00,829.0,384.4,492.8,863.0,851.0,31.2,67.7,3.0,3.9,0.7,280.1,11.1,978,0,0.0,58.1,64.8,,1.8554589510815191,0.9290108999521848,2.404512456292511,2.0068138508762083,2.050553258347544,0.4320237582976158,0.3561689881574258,False
2021-10-25 11:19:00,803.0,349.9,496.8,835.0,824.0,31.1,66.1,2.5,3.4,0.5,296.6,16.9,978,0,0.0,57.6,64.5,,1.7748468047128685,0.7915369976868847,2.4300682035902104,1.918582255542556,1.9628716243156,0.0901822820790693,0.0905735894594179,False
2021-10-25 11:20:00,840.0,389.9,501.1,874.0,863.0,31.0,67.1,2.8,3.9,0.6,277.2,7.0,978,0,0.0,57.4,64.2,,1.8895640899297943,0.9509270292988268,2.457540631935237,2.0414762633287142,2.0895228734728524,0.2952871678101971,0.3561689881574258,False
2021-10-25 11:21:00,892.0,440.9,517.7,935.0,923.0,30.9,67.1,1.9,2.6,0.5,283.6,24.8,978,0,0.0,57.1,64.0,,2.0507883826670965,1.154149319604053,2.5635969832206893,2.2336950960198854,2.284370949099395,-0.3200274893831865,-0.3343790484573945,False
2021-10-25 11:22:00,1028.0,578.4,528.4,1063.0,1049.0,31.0,67.3,1.7,2.4,0.5,301.1,20.9,978,0,0.0,57.4,64.2,,2.4724519175185007,1.702052553270104,2.631958607242035,2.6370395318308666,2.693551907915134,-0.4567640798706051,-0.4406172079365978,False
2021-10-25 11:23:00,1007.0,546.4,536.6,1047.0,1033.0,31.2,68.3,1.8,2.6,0.5,253.2,25.0,978,0,0.0,58.1,64.9,,2.407342106989975,1.5745405279805502,2.6843478892023187,2.586621477354494,2.641592421081389,-0.3883957846268957,-0.3343790484573945,False
2021-10-25 11:24:00,1008.0,539.8,541.5,1042.0,1028.0,31.3,67.1,1.9,2.4,0.3,293.6,17.5,978,0,0.0,58.6,65.3,,2.410442574158,1.5482411727645795,2.715653679642,2.570865835330628,2.625355081445844,-0.3200274893831865,-0.4406172079365978,False
2021-10-25 11:25:00,830.0,336.9,535.2,858.0,846.0,31.4,67.7,1.9,2.4,0.5,292.1,5.2,978,0,0.0,59.0,65.8,,1.858559418249544,0.7397352374130035,2.675403377648124,1.9910582088523416,2.034315918711999,-0.3200274893831865,-0.4406172079365978,False
2021-10-25 11:26:00,834.0,351.2,532.0,865.0,854.0,31.4,67.8,2.3,3.1,0.5,292.8,16.1,978,0,0.0,59.0,66.0,,1.8709612869216443,0.7967171737142729,2.6549587798099643,2.0131161076857547,2.0602956621288717,-0.0465543084083493,-0.0687836497593866,False
2021-10-25 11:27:00,708.6,208.6,526.6,729.3,719.7,31.4,68.0,2.2,2.9,0.6,247.1,21.1,978,0,0.0,58.8,65.8,,1.4821627040513052,0.2284917110176993,2.62045852095807,1.5855079831580188,1.6241607195181276,-0.1149226036520584,-0.1750218092385899,False
2021-10-25 11:28:00,662.0,156.1,525.6,678.6,669.7,31.6,66.6,1.7,2.5,0.5,306.0,10.4,978,0,0.0,58.1,64.9,,1.3376809340213385,0.0192922945270253,2.6140695841336457,1.425745773036013,1.4617873231626757,-0.4567640798706051,-0.3874981281969962,False
2021-10-25 11:29:00,601.8,87.4,528.7,616.5,608.5,31.5,65.6,1.5,2.1,0.5,325.8,15.2,978,0,0.0,57.6,64.1,,1.1510328105062315,-0.2544600847664852,2.633875288289363,1.2300606990995917,1.263042286023602,-0.5935006703580237,-0.5999744471554024,False
2021-10-25 11:30:00,671.7,156.9,540.1,694.3,685.8,31.4,65.8,1.8,3.2,0.7,281.8,19.4,978,0,0.0,57.0,63.2,,1.3677554655511817,0.0224800951592642,2.706709168087805,1.4752184889909536,1.5140715567891307,-0.3883957846268957,-0.015664570019785,False
2021-10-25 11:31:00,909.0,415.6,557.0,947.0,935.0,31.3,66.8,3.5,5.4,0.8,281.2,18.8,978,0,0.0,56.4,62.5,,2.103496324523522,1.0533351246095,2.8146822004205854,2.2715086368771646,2.323340564224704,0.7738652345161623,1.1529551842514498,False
2021-10-25 11:32:00,854.0,340.4,557.0,881.0,870.0,31.3,69.3,2.6,3.1,0.4,248.7,13.4,978,0,0.0,56.0,61.9,,1.932970630282145,0.7536818651790484,2.8146822004205854,2.0635341621621275,2.112255148962616,0.1585505773227787,-0.0687836497593866,False
2021-10-25 11:33:00,711.3,182.7,552.0,730.4,721.1,31.6,69.2,2.4,2.9,0.4,282.2,13.9,978,0,0.0,55.5,61.2,,1.4905339654049723,0.1252866655489668,2.782737516298461,1.5889742244032694,1.6287071746160802,0.0218139868353599,-0.1750218092385899,False
2021-10-25 11:34:00,721.6,202.9,552.9,753.0,744.1,31.5,66.4,1.7,2.1,0.3,287.4,22.1,978,0,0.0,55.1,60.8,,1.522468777235631,0.2057786315129976,2.7884875594404432,1.660189726351146,1.703398936939588,-0.4567640798706051,-0.5999744471554024,False
2021-10-25 11:35:00,763.5,234.9,558.0,783.9,773.9,31.5,66.3,1.2,1.9,0.5,286.0,24.2,978,0,0.0,55.1,60.8,,1.6523783515758794,0.3332906568025512,2.82107113724501,1.7575595940586406,1.8001734811674377,-0.7986055560891516,-0.7062126066346057,False
2021-10-25 11:36:00,722.3,191.8,558.1,743.8,734.6,31.5,67.2,2.8,3.6,0.7,259.6,16.2,978,0,0.0,55.3,61.0,,1.524639104253248,0.1615478977406837,2.8217100309274525,1.6311993450272315,1.6725479916320525,0.2952871678101971,0.1968117489386212,False
2021-10-25 11:37:00,706.2,174.4,557.9,729.1,720.3,31.4,64.5,3.1,3.6,0.4,240.7,4.2,978,0,0.0,55.0,60.4,,1.474721582848045,0.0922132339894888,2.8204322435625677,1.5848777574770645,1.6261092002743929,0.5003920535413252,0.1968117489386212,False
2021-10-25 11:38:00,764.9,242.3,554.6,788.0,778.4,31.3,64.9,2.2,2.6,0.4,234.2,7.0,978,0,0.0,54.2,59.5,,1.6567190056111143,0.3627778126507606,2.7993487520419658,1.7704792205182112,1.814787086839428,-0.1149226036520584,-0.3343790484573945,False
2021-10-25 11:39:00,744.5,222.8,550.6,765.3,755.9,31.2,64.5,1.9,2.4,0.3,217.2,8.7,978,0,0.0,53.9,59.1,,1.5934694753834038,0.2850751722399388,2.7737930047442663,1.6989486057298573,1.7417190584794746,-0.3200274893831865,-0.4406172079365978,False
2021-10-25 11:40:00,736.5,215.1,549.3,757.2,747.8,31.3,63.7,1.0,1.9,0.7,211.6,10.1,978,0,0.0,53.7,58.8,,1.5686657380392035,0.2543925911546399,2.765487386872514,1.6734244656511938,1.715414568269891,-0.93534214657657,-0.7062126066346057,False
2021-10-25 11:41:00,743.6,230.9,543.6,766.1,756.7,31.4,65.1,0.1,0.9,0.3,258.0,0.8,978,0,0.0,54.0,59.0,,1.5906790549321814,0.3173516536413571,2.7290704469732927,1.7014695084536762,1.7443170328211617,-1.5506568037699535,-1.2374034040306214,False
2021-10-25 11:42:00,800.0,299.2,538.4,823.0,812.0,31.6,67.4,0.9,1.6,0.6,211.3,20.6,978,0,0.0,54.8,59.7,,1.7655454032087932,0.5895101326187482,2.695847975486283,1.8807687146852765,1.9239020091902916,-1.0037104418202796,-0.8655698458534103,False
2021-10-25 11:43:00,782.9,296.4,523.6,805.0,795.5,31.8,66.5,2.1,2.9,0.6,240.7,23.2,978,0,0.0,55.5,60.0,,1.7125274146355651,0.5783528304059121,2.601291710484796,1.8240484033993567,1.8703187883929924,-0.1832908988957678,-0.1750218092385899,False
2021-10-25 11:44:00,835.0,369.4,511.6,861.0,851.0,31.8,63.6,2.3,2.9,0.4,259.1,10.5,978,0,0.0,55.6,60.0,,1.8740617540896691,0.8692396380977064,2.5246244685916976,2.0005115940666616,2.050553258347544,-0.0465543084083493,-0.1750218092385899,False
2021-10-25 11:45:00,919.0,483.1,495.7,948.0,937.0,31.6,64.0,2.0,2.4,0.4,256.3,16.3,978,0,0.0,55.8,60.3,,2.1345009962037724,1.3223058029546522,2.4230403730833427,2.274659765281938,2.329835500078921,-0.2516591941394772,-0.4406172079365978,False
2021-10-25 11:46:00,878.0,454.6,476.8,904.0,893.0,31.5,64.3,1.5,2.4,0.4,243.1,17.6,978,0,0.0,56.2,60.8,,2.007381842314746,1.2087404054311437,2.3022894671017133,2.136010115471913,2.186946911286124,-0.5935006703580237,-0.4406172079365978,False
2021-10-25 11:47:00,993.0,613.5,458.3,1028.0,1016.0,31.5,66.8,3.3,4.6,1.1,262.6,15.3,978,0,0.0,56.9,61.5,,2.3639355666376245,1.8419173060095837,2.184094135849854,2.5267500376638017,2.5863854663205355,0.6371286440287436,0.7280025463346368,False
2021-10-25 11:48:00,1036.0,690.2,434.8,1068.0,1056.0,31.6,66.3,3.4,4.1,0.5,268.8,6.7,978,0,0.0,57.3,61.9,,2.497255654862701,2.1475476916254825,2.03395412047587,2.652795173854733,2.716284183404897,0.7054969392724529,0.4624071476366289,False
2021-10-25 11:49:00,1040.0,715.7,411.5,1068.0,1056.0,31.4,66.3,2.6,3.6,0.4,262.7,6.0,978,0,0.0,57.4,62.2,,2.509657523534801,2.249158836778096,1.885091892466772,2.652795173854733,2.716284183404897,0.1585505773227787,0.1968117489386212,False
2021-10-25 11:50:00,898.0,579.6,382.5,923.0,912.0,31.3,67.8,1.9,2.5,0.5,268.4,17.5,978,0,0.0,57.7,62.7,,2.0693911856752467,1.7068342542184625,1.6998127245584511,2.1958815551626056,2.2486488019011954,-0.3200274893831865,-0.3874981281969962,False
2021-10-25 11:51:00,1001.0,720.0,370.4,1034.0,1022.0,31.4,67.0,2.7,3.4,0.4,287.2,6.2,978,0,0.0,58.1,63.0,,2.3887393039818248,2.266293265176379,1.622506588982911,2.545656808092441,2.60587027388319,0.226918872566488,0.0905735894594179,False
2021-10-25 11:52:00,999.0,728.8,356.6,1030.0,1019.0,31.4,64.9,2.0,2.6,0.4,294.6,7.7,978,0,0.0,58.2,63.3,,2.3825383696457747,2.301359072131006,1.534339260805848,2.533052294473348,2.596127870101862,-0.2516591941394772,-0.3343790484573945,False
2021-10-25 11:53:00,985.0,726.1,344.7,1017.0,1005.0,31.3,65.6,1.8,2.4,0.4,283.4,10.5,978,0,0.0,58.5,63.7,,2.339131829293424,2.2906002449972003,1.4583109125951923,2.492087625211296,2.550663319122336,-0.3883957846268957,-0.4406172079365978,False
2021-10-25 11:54:00,974.0,721.4,338.4,1008.0,996.0,31.4,63.6,0.6,1.1,0.5,331.2,14.7,977,0,0.0,59.0,64.3,,2.305026690445149,2.271871916282797,1.4180606106013158,2.463727469568336,2.5214361077783547,-1.2088153275514073,-1.1311652445514182,False
2021-10-25 11:55:00,963.0,713.1,332.9,997.0,985.0,31.4,63.6,0.0,0.7,0.2,16.3,0.1,977,0,0.0,59.8,65.1,,2.270921551596873,2.2387984847233198,1.3829214580669793,2.429065057115829,2.4857139605801555,-1.6190250990136632,-1.3436415635098244,False
2021-10-25 11:56:00,955.0,710.0,329.8,991.0,979.0,31.6,65.4,1.2,3.1,1.1,258.7,39.4,977,0,0.0,60.8,66.1,,2.246117814252673,2.2264457572733938,1.3631157539112626,2.4101582866871896,2.466229153017501,-0.7986055560891516,-0.0687836497593866,False
2021-10-25 11:57:00,967.0,725.2,328.1,1002.0,990.0,31.9,65.1,3.3,4.4,0.7,239.2,6.7,977,0,0.0,61.2,66.4,,2.2833234202689736,2.287013969285932,1.3522545613097403,2.444820699139696,2.5019513002157003,0.6371286440287436,0.621764386855434,False
2021-10-25 11:58:00,961.0,716.9,328.3,996.0,984.0,31.9,63.7,2.2,3.3,0.5,246.6,14.4,977,0,0.0,60.6,65.8,,2.2647206172608234,2.2539405377264536,1.3535323486746254,2.425913928711056,2.4824664926530464,-0.1149226036520584,0.0374545097198163,False
2021-10-25 11:59:00,953.0,707.4,328.4,988.0,976.0,31.9,62.4,2.0,3.4,0.6,245.3,7.1,977,0,0.0,60.3,65.3,,2.239916879916623,2.2160854052186174,1.3541712423570675,2.40070490147287,2.456486749236174,-0.2516591941394772,0.0905735894594179,False
2021-10-25 12:00:00,965.0,722.8,327.2,1000.0,988.0,31.8,62.2,1.1,1.6,0.5,245.3,17.4,977,0,0.0,60.4,65.3,,2.2771224859329235,2.2774505673892147,1.3465045181677575,2.438518442330149,2.4954563643614827,-0.8669738513328608,-0.8655698458534103,False
2021-10-25 12:01:00,897.0,647.1,319.8,927.0,915.0,31.9,65.1,0.3,1.4,0.5,258.4,10.8,977,0,0.0,60.9,65.9,,2.0662907185072217,1.975804932563615,1.299226385667014,2.2084860687816987,2.2583912056825226,-1.4139202132825353,-0.9718080053326136,False
2021-10-25 12:02:00,897.0,654.1,320.1,933.0,922.0,32.0,63.5,1.2,2.4,0.8,288.3,14.2,977,0,0.0,61.4,66.4,,2.0662907185072217,2.0036981880957048,1.3011430667143418,2.2273928392103386,2.281123481172286,-0.7986055560891516,-0.4406172079365978,False
2021-10-25 12:03:00,956.0,720.3,321.8,991.0,979.0,32.0,62.8,2.2,2.6,0.4,234.5,21.2,977,0,0.0,62.0,66.8,,2.2492182814206982,2.2674886904134683,1.3120042593158638,2.4101582866871896,2.466229153017501,-0.1149226036520584,-0.3343790484573945,False
2021-10-25 12:04:00,956.0,724.3,318.5,991.0,979.0,32.1,64.2,2.7,3.6,0.5,234.2,12.2,977,0,0.0,62.0,66.6,,2.2492182814206982,2.2834276935746627,1.290920767795262,2.4101582866871896,2.466229153017501,0.226918872566488,0.1968117489386212,False
2021-10-25 12:05:00,953.0,722.6,316.2,988.0,976.0,32.4,62.9,2.5,2.9,0.4,237.0,9.2,977,0,0.0,61.5,65.5,,2.239916879916623,2.276653617231156,1.276226213099085,2.40070490147287,2.456486749236174,0.0901822820790693,-0.1750218092385899,False
2021-10-25 12:06:00,951.0,722.1,314.8,986.0,974.0,32.4,61.7,2.3,2.6,0.4,240.9,11.8,977,0,0.0,60.9,64.7,,2.233715945580573,2.274661241836006,1.26728170154489,2.394402644663323,2.449991813381956,-0.0465543084083493,-0.3343790484573945,False
2021-10-25 12:07:00,952.0,722.8,315.6,987.0,976.0,32.4,61.9,1.9,3.1,0.9,281.2,22.8,977,0,0.0,60.5,64.2,,2.236816412748598,2.2774505673892147,1.27239285100443,2.3975537730680965,2.456486749236174,-0.3200274893831865,-0.0687836497593866,False
2021-10-25 12:08:00,955.0,721.5,319.1,990.0,979.0,32.4,64.5,2.4,2.9,0.4,301.5,12.0,977,0,0.0,60.8,64.5,,2.246117814252673,2.2722703913618267,1.2947541298899168,2.407007158282416,2.466229153017501,0.0218139868353599,-0.1750218092385899,False
2021-10-25 12:09:00,957.0,722.7,321.7,993.0,981.0,32.2,62.8,2.0,2.6,0.4,311.8,13.1,977,0,0.0,61.0,64.7,,2.2523187485887237,2.2770520923101856,1.3113653656334212,2.4164605434967363,2.4727240888717192,-0.2516591941394772,-0.3343790484573945,False
2021-10-25 12:10:00,961.0,722.4,326.0,996.0,985.0,31.9,61.7,1.6,2.1,0.5,338.8,6.9,977,0,0.0,60.9,64.5,,2.2647206172608234,2.2758566670730955,1.3388377939784482,2.425913928711056,2.4857139605801555,-0.5251323751143143,-0.5999744471554024,False
2021-10-25 12:11:00,966.0,721.4,331.5,1000.0,989.0,31.7,62.4,0.3,1.3,0.5,314.4,10.1,977,0,0.0,60.7,64.5,,2.2802229531009486,2.271871916282797,1.373976946512785,2.438518442330149,2.4987038322885917,-1.4139202132825353,-1.024927085072215,False
2021-10-25 12:12:00,826.0,554.2,330.7,857.0,847.0,31.8,64.6,2.9,4.4,0.7,242.2,12.2,977,0,0.0,61.1,64.9,,1.846157549577444,1.605621584144879,1.3688657970532447,1.9879070804475685,2.037563386639108,0.3636554630539064,0.621764386855434,False
2021-10-25 12:13:00,913.0,654.3,341.6,951.0,940.0,32.0,66.8,2.6,3.1,0.4,282.2,23.4,977,0,0.0,60.6,64.3,,2.1158981931956222,2.004495138253764,1.4385052084394756,2.2841131504962577,2.3395779038602487,0.1585505773227787,-0.0687836497593866,False
2021-10-25 12:14:00,974.0,719.7,344.1,1009.0,997.0,32.0,65.3,1.5,2.4,0.5,278.8,11.0,977,0,0.0,60.3,63.9,,2.305026690445149,2.2650978399392896,1.4544775505005378,2.4668785979731087,2.524683575705464,-0.5935006703580237,-0.4406172079365978,False
2021-10-25 12:15:00,978.0,716.2,351.3,1011.0,1000.0,32.0,65.8,2.3,3.4,0.7,245.8,23.3,977,0,0.0,60.4,64.1,,2.317428559117249,2.251151212173245,1.5004778956363964,2.4731808547826555,2.534425979486791,-0.0465543084083493,0.0905735894594179,False
2021-10-25 12:16:00,980.0,706.5,362.3,1012.0,1001.0,32.1,66.2,2.4,3.1,0.4,243.1,21.1,977,0,0.0,60.2,64.0,,2.323629493453299,2.2124991295073486,1.5707562007050695,2.476331983187429,2.5376734474139,0.0218139868353599,-0.0687836497593866,False
2021-10-25 12:17:00,939.0,644.4,374.1,970.0,959.0,32.3,66.1,3.0,3.9,0.6,251.5,16.1,977,0,0.0,60.1,63.9,,2.1965103395642727,1.9650461054298085,1.646145655233283,2.3439845901869507,2.4012797944753204,0.4320237582976158,0.3561689881574258,False
2021-10-25 12:18:00,809.0,482.9,377.1,833.0,824.0,32.2,63.8,2.6,3.4,0.6,250.0,17.2,977,0,0.0,59.7,63.4,,1.7934496077210185,1.3215088527965924,1.6653124657065574,1.9122799987330092,1.9628716243156,0.1585505773227787,0.0905735894594179,False
2021-10-25 12:19:00,761.6,434.5,379.0,792.8,783.8,32.1,63.5,3.1,3.9,0.6,228.8,7.8,977,0,0.0,58.9,62.5,,1.646487463956632,1.1286469145461424,1.6774514456729643,1.785604636861123,1.8323234136458164,0.5003920535413252,0.3561689881574258,False
2021-10-25 12:20:00,726.5,392.0,374.9,752.1,743.4,32.1,62.8,3.2,3.6,0.4,233.9,7.5,977,0,0.0,57.7,61.2,,1.5376610663589532,0.959295005958454,1.6512568046928224,1.65735371078685,1.7011257093906116,0.5687603487850346,0.1968117489386212,False
2021-10-25 12:21:00,748.7,434.9,363.4,777.2,768.5,32.1,65.9,2.7,3.4,0.4,242.2,12.4,977,0,0.0,56.7,59.8,,1.606491437489109,1.1302408148622618,1.5777840312119369,1.7364470337466598,1.7826371543610482,0.226918872566488,0.0905735894594179,False
2021-10-25 12:22:00,572.8,236.6,349.1,585.0,578.2,32.1,63.6,2.8,3.1,0.4,236.8,7.9,977,0,0.0,55.8,58.7,,1.0611192626335055,0.3400647331460588,1.486422234622662,1.1308001543492328,1.1646440078321985,0.2952871678101971,-0.0687836497593866,False
2021-10-25 12:23:00,520.0,194.2,340.9,535.8,529.9,31.9,62.8,2.2,2.6,0.4,242.2,16.9,977,0,0.0,54.5,57.3,,0.8974145961617839,0.1711112996374001,1.434032952662378,0.9757646368343866,1.0077913069528317,-0.1149226036520584,-0.3343790484573945,False
2021-10-25 12:24:00,623.9,314.4,343.2,649.2,642.2,31.8,60.8,0.9,1.4,0.6,228.9,5.3,977,0,0.0,53.5,56.2,,1.2195531349195847,0.6500783446312861,1.4487275073585553,1.3331025979356783,1.372481955167177,-1.0037104418202796,-0.9718080053326136,False
2021-10-25 12:25:00,819.0,540.3,347.7,853.0,844.0,31.9,62.2,0.5,1.4,0.6,211.8,8.7,977,0,0.0,53.2,55.7,,1.8244542794012688,1.5502335481597291,1.477477723068467,1.9753025668284752,2.0278209828577807,-1.2771836227951163,-0.9718080053326136,False
2021-10-25 12:26:00,926.0,663.3,348.7,961.0,951.0,32.0,61.9,0.8,1.6,0.7,183.5,5.1,977,0,0.0,53.8,56.3,,2.156204266379947,2.040357895366451,1.4838666598928918,2.3156244345439907,2.375300051058448,-1.0720787370639886,-0.8655698458534103,False
2021-10-25 12:27:00,962.0,711.0,345.8,999.0,988.0,32.2,62.4,0.0,0.0,0.0,0.0,0.0,977,0,0.0,54.9,57.5,,2.2678210844288484,2.230430508063692,1.46533874310206,2.435367313925376,2.4954563643614827,-1.6190250990136632,-1.7154751216870356,False
2021-10-25 12:28:00,964.0,711.6,348.7,1002.0,991.0,32.3,60.3,0.0,0.0,0.0,0.0,0.0,977,0,0.0,56.4,59.1,,2.2740220187648985,2.232821358537872,1.4838666598928918,2.444820699139696,2.5051987681428094,-1.6190250990136632,-1.7154751216870356,False
2021-10-25 12:29:00,952.0,688.7,355.6,990.0,978.0,32.5,60.9,0.6,2.2,0.9,324.5,12.9,977,0,0.0,57.9,60.9,,2.236816412748598,2.1415705654400345,1.5279503239814234,2.407007158282416,2.462981685090392,-1.2088153275514073,-0.5468553674158008,False
2021-10-25 12:30:00,917.0,640.3,361.3,953.0,942.0,32.5,62.6,1.9,2.4,0.5,330.7,12.0,977,0,0.0,59.3,62.2,,2.1283000618677224,1.9487086271895844,1.564367263880645,2.2904154073058045,2.346072839714467,-0.3200274893831865,-0.4406172079365978,False
2021-10-25 12:31:00,774.9,465.4,364.3,805.0,796.2,32.2,61.3,1.3,2.4,0.6,348.3,25.0,977,0,0.0,59.8,62.6,,1.6877236772913649,1.2517757139663677,1.5835340743539197,1.8240484033993567,1.872592015941969,-0.7302372608454422,-0.4406172079365978,False
2021-10-25 12:32:00,839.0,532.1,379.3,875.0,866.0,32.0,62.8,1.3,2.1,0.4,356.1,12.7,977,0,0.0,59.8,62.9,,1.8864636227617693,1.5175585916792813,1.679368126720292,2.044627391733488,2.09926527725418,-0.7302372608454422,-0.5999744471554024,False
2021-10-25 12:33:00,912.0,612.5,383.9,947.0,937.0,32.0,63.2,0.4,1.6,0.6,12.6,8.5,977,0,0.0,59.8,63.0,,2.112797726027597,1.837932555219285,1.708757236112646,2.2715086368771646,2.329835500078921,-1.345551918038826,-0.8655698458534103,False
2021-10-25 12:34:00,994.0,705.0,392.4,1033.0,1021.0,32.2,63.0,1.4,2.2,0.4,34.5,31.4,977,0,0.0,60.4,63.7,,2.367036033805649,2.2065220033219006,1.763063199120257,2.542505679687668,2.6026228059560808,-0.661868965601733,-0.5468553674158008,False
2021-10-25 12:35:00,989.0,696.2,393.7,1025.0,1013.0,32.5,59.1,1.9,2.4,0.4,78.4,6.6,977,0,0.0,60.0,63.8,,2.3515336979655244,2.1714561963672736,1.7713688169920094,2.517296652449481,2.5766430625392083,-0.3200274893831865,-0.4406172079365978,False
2021-10-25 12:36:00,1000.0,708.4,395.1,1034.0,1022.0,32.3,59.0,2.0,2.4,0.3,75.2,8.4,977,0,0.0,58.1,62.5,,2.3856388368138,2.220070156008916,1.7803133285462045,2.545656808092441,2.60587027388319,-0.2516591941394772,-0.4406172079365978,False
2021-10-25 12:37:00,882.0,559.4,392.3,907.0,896.0,32.3,59.8,1.7,2.1,0.4,68.6,17.9,977,0,0.0,56.4,60.9,,2.019783710986846,1.6263422882544316,1.7624243054378148,2.1454635006862333,2.196689315067451,-0.4567640798706051,-0.5999744471554024,False
2021-10-25 12:38:00,834.0,507.7,394.6,862.0,851.0,32.4,61.1,1.2,1.6,0.5,69.9,19.3,977,0,0.0,55.4,59.9,,1.8709612869216443,1.420330672395996,1.777118860133992,2.003662722471435,2.050553258347544,-0.7986055560891516,-0.8655698458534103,False
2021-10-25 12:39:00,609.4,252.1,384.7,626.6,618.9,32.5,60.9,0.6,1.4,0.6,61.3,6.1,977,0,0.0,54.5,59.1,,1.1745963609832215,0.4018283703956863,1.713868385572186,1.261887095987802,1.296815952465536,-1.2088153275514073,-0.9718080053326136,False
2021-10-25 12:40:00,617.4,262.5,388.0,639.9,632.1,32.5,59.6,1.0,2.1,0.7,60.3,10.6,977,0,0.0,53.7,58.2,,1.199400098327422,0.4432697786147913,1.734951877092788,1.3037971037712863,1.3396825291033756,-0.93534214657657,-0.5999744471554024,False
2021-10-25 12:41:00,656.5,302.6,392.6,680.4,672.3,32.6,60.3,1.7,2.1,0.5,48.5,13.4,977,0,0.0,52.9,57.2,,1.320628364597201,0.6030582853057633,1.7643409864851425,1.4314178041646048,1.4702307397731589,-0.4567640798706051,-0.5999744471554024,False
2021-10-25 12:42:00,797.8,451.5,415.6,831.0,821.0,32.7,61.3,2.0,2.6,0.4,360.0,20.3,977,0,0.0,52.0,56.1,,1.758724375439138,1.1963876779812177,1.9112865334469136,1.905977741923463,1.953129220534273,-0.2516591941394772,-0.3343790484573945,False
2021-10-25 12:43:00,966.0,621.9,437.2,995.0,983.0,32.6,62.4,1.4,2.4,0.5,8.7,16.2,977,0,0.0,52.5,55.9,,2.2802229531009486,1.875389212648091,2.04928756885449,2.4227628003062827,2.4792190247259374,-0.661868965601733,-0.4406172079365978,False
2021-10-25 12:44:00,1015.0,677.9,438.6,1038.0,1025.0,32.7,62.0,1.4,1.9,0.4,3.0,40.2,977,0,0.0,53.7,56.5,,2.4321458443341752,2.09853525690481,2.058232080408685,2.558261321711534,2.615612677664517,-0.661868965601733,-0.7062126066346057,False
2021-10-25 12:45:00,886.0,550.8,429.1,923.0,913.0,32.7,61.2,2.1,2.6,0.4,287.0,8.5,977,0,0.0,54.9,57.3,,2.0321855796589463,1.592073431457864,1.9975371805766489,2.1958815551626056,2.2518962698283045,-0.1832908988957678,-0.3343790484573945,False
2021-10-25 12:46:00,973.0,679.7,401.6,1003.0,992.0,32.6,59.4,1.8,2.6,0.7,299.7,19.2,977,0,0.0,56.0,58.2,,2.301926223277124,2.1057078083273475,1.8218414179049656,2.4479718275444693,2.5084462360699185,-0.3883957846268957,-0.3343790484573945,False
2021-10-25 12:47:00,968.0,665.7,406.4,988.0,978.0,32.5,61.3,2.5,3.6,0.8,313.4,30.5,977,0,0.0,57.1,59.2,,2.286423887436998,2.049921297263168,1.8525083146622048,2.40070490147287,2.462981685090392,0.0901822820790693,0.1968117489386212,False
2021-10-25 12:48:00,1001.0,706.4,405.7,1027.0,1017.0,32.5,61.5,2.4,3.1,0.5,273.5,12.5,977,0,0.0,58.1,60.0,,2.3887393039818248,2.2121006544283186,1.8480360588851077,2.5235989092590283,2.5896329342476445,0.0218139868353599,-0.0687836497593866,False
2021-10-25 12:49:00,967.0,665.1,406.4,992.0,981.0,32.5,61.1,1.0,2.6,0.8,295.2,26.0,977,0,0.0,58.7,60.6,,2.2833234202689736,2.0475304467889885,1.8525083146622048,2.413309415091963,2.4727240888717192,-0.93534214657657,-0.3343790484573945,False
2021-10-25 12:50:00,1012.0,712.9,415.5,1038.0,1027.0,32.5,60.9,2.0,3.7,1.0,294.0,12.9,977,0,0.0,59.5,61.4,,2.4228444428301,2.2380015345652597,1.910647639764471,2.558261321711534,2.622107613518735,-0.2516591941394772,0.2499308286782228,False
2021-10-25 12:51:00,1016.0,707.6,424.5,1041.0,1030.0,32.5,61.8,3.0,4.1,0.6,257.6,18.1,977,0,0.0,60.2,62.1,,2.4352463115022003,2.216882355376677,1.9681480711842945,2.5677147069258544,2.6318500173000623,0.4320237582976158,0.4624071476366289,False
2021-10-25 12:52:00,1004.0,680.9,433.8,1027.0,1016.0,32.5,60.5,3.0,3.6,0.5,252.0,7.6,977,0,0.0,60.2,62.0,,2.3980407054859,2.110489509275705,2.0275651836514457,2.5235989092590283,2.5863854663205355,0.4320237582976158,0.1968117489386212,False
2021-10-25 12:53:00,989.0,653.3,444.6,1014.0,1004.0,32.4,61.5,3.1,4.1,0.7,246.1,14.4,977,0,0.0,60.0,61.8,,2.3515336979655244,2.000510387463465,2.096565701355234,2.482634239996975,2.547415851195227,0.5003920535413252,0.4624071476366289,False
2021-10-25 12:54:00,1036.0,708.8,446.6,1060.0,1050.0,32.3,62.1,2.0,2.6,0.5,242.0,15.1,977,0,0.0,59.8,61.6,,2.497255654862701,2.221664056325035,2.1093435750040834,2.627586146616547,2.696799375842243,-0.2516591941394772,-0.3343790484573945,False
2021-10-25 12:55:00,933.0,585.3,439.8,954.0,945.0,32.3,62.2,1.1,1.9,0.5,244.0,28.1,977,0,0.0,60.1,61.9,,2.1779075365561225,1.729547333723164,2.0658988045979947,2.293566535710578,2.355815243495794,-0.8669738513328608,-0.7062126066346057,False
2021-10-25 12:56:00,880.0,526.9,439.7,907.0,898.0,32.5,63.9,0.8,1.9,0.7,216.9,9.5,977,0,0.0,60.7,62.4,,2.013582776650796,1.4968378875697286,2.065259910915552,2.1454635006862333,2.203184250921669,-1.0720787370639886,-0.7062126066346057,False
2021-10-25 12:57:00,859.0,494.7,441.5,879.0,870.0,32.8,61.4,1.3,2.1,0.7,229.7,14.4,977,0,0.0,61.1,62.9,,1.9484729661222704,1.368528912122115,2.0767599971995168,2.0572319053525807,2.112255148962616,-0.7302372608454422,-0.5999744471554024,False
2021-10-25 12:58:00,754.8,381.4,434.9,776.5,768.8,32.9,60.3,1.8,2.6,0.5,250.3,16.9,977,0,0.0,61.0,62.9,,1.6254042872140615,0.9170566475812892,2.0345930141583124,1.7342412438633183,1.7836113947391807,-0.3883957846268957,-0.3343790484573945,False
2021-10-25 12:59:00,744.0,363.1,437.5,763.6,756.0,32.7,60.0,1.0,1.9,0.7,293.0,45.8,977,0,0.0,60.6,62.5,,1.5919192417993913,0.8441357081188258,2.0512042499018173,1.693591687441743,1.7420438052721854,-0.93534214657657,-0.7062126066346057,False
2021-10-25 13:00:00,783.1,417.5,431.7,804.0,796.1,32.6,59.3,1.7,2.4,0.5,354.8,15.4,976,0,0.0,60.5,62.2,,1.7131475080691705,1.0609061511110671,2.014148416320153,1.820897274994584,1.872267269149258,-0.4567640798706051,-0.4406172079365978,False
2021-10-25 13:01:00,701.0,332.2,418.9,718.7,711.3,32.6,59.4,1.6,2.1,0.4,328.1,6.7,976,0,0.0,60.1,61.5,,1.4585991535743148,0.7210069086986004,1.9323700249675155,1.552106022067422,1.5968819889304111,-0.5251323751143143,-0.5999744471554024,False
2021-10-25 13:02:00,667.2,295.5,422.5,686.5,679.9,32.5,60.7,2.2,2.7,0.5,330.3,11.6,976,0,0.0,59.6,60.8,,1.353803363295069,0.5747665546946435,1.9553701975354447,1.450639687433722,1.4949114960191874,-0.1149226036520584,-0.2812599687177929,False
2021-10-25 13:03:00,691.7,310.3,429.3,710.3,703.6,32.5,62.5,2.0,2.6,0.5,349.3,13.1,976,0,0.0,59.0,59.8,,1.429764808911682,0.6337408663910622,1.9988149679415337,1.5256365434673262,1.5718764858916718,-0.2516591941394772,-0.3343790484573945,False
2021-10-25 13:04:00,675.4,301.7,422.8,697.3,690.8,32.6,59.6,1.7,2.6,0.7,359.3,14.8,976,0,0.0,58.4,59.1,,1.379227194072874,0.5994720095944945,1.9572868785827724,1.4846718742052734,1.530308896424676,-0.4567640798706051,-0.3343790484573945,False
2021-10-25 13:05:00,705.9,341.9,419.6,728.7,721.7,32.5,59.6,2.1,2.6,0.4,7.2,8.1,976,0,0.0,57.8,58.5,,1.4737914426976375,0.7596589913644963,1.9368422807446128,1.583617306115155,1.6306556553723457,-0.1832908988957678,-0.3343790484573945,False
2021-10-25 13:06:00,740.9,395.1,413.4,766.9,759.6,32.5,61.0,2.1,2.5,0.4,4.6,7.1,976,0,0.0,57.2,57.4,,1.5823077935785137,0.9716477334083794,1.8972308724331783,1.7039904111774946,1.7537346898097783,-0.1832908988957678,-0.3874981281969962,False
2021-10-25 13:07:00,530.8,175.7,373.0,539.3,534.0,32.4,60.1,1.6,2.6,0.6,9.2,16.6,976,0,0.0,56.9,56.4,,0.930899641576454,0.0973934100168769,1.639117824726415,0.9867935862510931,1.0211059254539787,-0.5251323751143143,-0.3343790484573945,False
2021-10-25 13:08:00,576.2,259.0,355.1,598.5,592.3,32.5,62.3,0.2,1.1,0.4,14.6,18.9,976,0,0.0,56.2,55.5,,1.071660851004791,0.4293231508487464,1.524755855569211,1.1733403878136723,1.2104333056044356,-1.4822885085262445,-1.1311652445514182,False
2021-10-25 13:09:00,373.0,38.7,337.9,387.1,383.7,32.6,62.1,0.7,1.9,0.7,354.1,31.9,976,0,0.0,55.6,55.0,,0.441645922462104,-0.4485174482540247,1.4148661421891036,0.5071918430445982,0.53301149600949,-1.140447032307698,-0.7062126066346057,False
2021-10-25 13:10:00,441.5,104.6,351.0,457.3,452.5,32.7,58.6,0.9,2.1,0.7,16.8,7.9,976,0,0.0,54.6,54.2,,0.6540279234718188,-0.1859223711733501,1.498561214589069,0.7284010570596833,0.756437289394592,-1.0037104418202796,-0.5999744471554024,False
2021-10-25 13:11:00,418.7,84.1,343.1,433.9,430.3,32.5,59.4,0.1,0.7,0.3,5.2,5.5,976,0,0.0,53.8,53.4,,0.583337272040848,-0.2676097623744704,1.4480886136761129,0.6546646523879881,0.6843435014127713,-1.5506568037699535,-1.3436415635098244,False
2021-10-25 13:12:00,354.1,67.3,292.0,363.3,359.3,32.4,57.8,0.0,0.0,0.0,0.0,0.0,976,0,0.0,53.1,52.8,,0.3830470929864309,-0.3345535756514861,1.1216139419480036,0.4321949870109937,0.4537732785880295,-1.6190250990136632,-1.7154751216870356,False
2021-10-25 13:13:00,281.6,10.6,266.9,289.2,286.7,32.4,58.9,0.5,1.1,0.5,273.6,12.0,976,0,0.0,52.5,52.2,,0.1582632233046159,-0.560488945461414,0.96125162765494,0.1986963722172926,0.2180071070799131,-1.2771836227951163,-1.1311652445514182,False
2021-10-25 13:14:00,666.5,477.8,280.8,707.1,702.8,32.5,60.1,1.0,1.8,0.6,255.7,6.7,976,0,0.0,51.9,51.7,,1.3516330362774511,1.3011866237660696,1.0500578495144457,1.5155529325720518,1.5692785115499843,-0.93534214657657,-0.7593316863742072,False
2021-10-25 13:15:00,853.0,678.3,300.7,888.0,881.0,32.5,60.5,1.6,2.1,0.4,278.4,14.5,976,0,0.0,52.2,51.9,,1.92987016311412,2.100129157220929,1.1771976923204996,2.0855920609955403,2.147977296160815,-0.5251323751143143,-0.5999744471554024,False
2021-10-25 13:16:00,849.0,673.2,300.6,885.0,877.0,32.5,62.0,1.4,1.9,0.5,306.7,17.0,976,0,0.0,53.0,52.8,,1.91746829444202,2.0798069281904072,1.1765587986380577,2.076138675781221,2.134987424452379,-0.661868965601733,-0.7062126066346057,False
2021-10-25 13:17:00,811.0,631.0,295.6,844.0,838.0,32.5,61.3,2.1,3.1,0.5,327.2,11.1,976,0,0.0,53.9,53.7,,1.7996505420570683,1.911650444839808,1.1446141145159332,1.946942411185516,2.0083361752951263,-0.1832908988957678,-0.0687836497593866,False
2021-10-25 13:18:00,849.0,682.6,296.2,885.0,878.0,32.4,60.0,1.4,1.9,0.4,308.0,13.8,976,0,0.0,54.4,54.4,,1.91746829444202,2.117263585619213,1.148447476610588,2.076138675781221,2.1382348923794883,-0.661868965601733,-0.7062126066346057,False
2021-10-25 13:19:00,816.0,644.4,291.8,850.0,843.0,32.5,61.2,1.7,2.4,0.5,316.6,16.9,976,0,0.0,55.2,55.2,,1.8151528778971937,1.9650461054298085,1.1203361545831187,1.9658491816141557,2.024573514930672,-0.4567640798706051,-0.4406172079365978,False
2021-10-25 13:20:00,841.0,683.9,287.5,877.0,869.0,32.5,61.8,2.4,3.2,0.5,327.6,9.2,976,0,0.0,55.8,55.9,,1.89266455709782,2.122443761646601,1.0928637262380918,2.0509296485430344,2.1090076810355067,0.0218139868353599,-0.015664570019785,False
2021-10-25 13:21:00,831.0,682.5,278.1,865.0,858.0,32.5,58.8,1.7,2.4,0.5,337.8,8.2,976,0,0.0,55.9,56.2,,1.8616598854175688,2.1168651105401834,1.0328077200884986,2.0131161076857547,2.0732855338373075,-0.4567640798706051,-0.4406172079365978,False
2021-10-25 13:22:00,824.0,679.5,274.4,859.0,851.0,32.4,59.7,1.4,2.1,0.6,5.1,13.6,976,0,0.0,56.1,56.5,,1.839956615241394,2.104910858169288,1.0091686538381264,1.994209337257115,2.050553258347544,-0.661868965601733,-0.5999744471554024,False
2021-10-25 13:23:00,818.0,676.9,271.5,853.0,845.0,32.5,59.8,1.5,2.4,0.5,337.6,16.5,976,0,0.0,56.2,56.7,,1.821353812233244,2.0945505061145115,0.9906407370472944,1.9753025668284752,2.0310684507848897,-0.5935006703580237,-0.4406172079365978,False
2021-10-25 13:24:00,813.0,675.2,269.6,848.0,840.0,32.6,61.0,1.5,2.1,0.4,24.6,23.5,976,0,0.0,56.5,56.6,,1.8058514763931184,2.087776429771004,0.9785017570808876,1.959546924804609,2.0148311111493444,-0.5935006703580237,-0.5999744471554024,False
2021-10-25 13:25:00,811.0,673.6,270.1,846.0,838.0,32.8,61.3,2.2,2.9,0.5,344.9,21.2,976,0,0.0,56.3,56.3,,1.7996505420570683,2.0814008285065264,0.9816962254931,1.953244667995062,2.0083361752951263,-0.1149226036520584,-0.1750218092385899,False
2021-10-25 13:26:00,812.0,672.4,273.2,847.0,839.0,32.9,59.9,2.5,3.2,0.4,332.9,10.0,976,0,0.0,56.0,55.7,,1.8027510092250936,2.076619127558168,1.0015019296488166,1.9563957963998355,2.011583643222236,0.0901822820790693,-0.015664570019785,False
2021-10-25 13:27:00,818.0,674.3,278.9,852.0,844.0,32.8,61.6,2.8,3.4,0.4,314.5,10.1,976,0,0.0,56.1,55.5,,1.821353812233244,2.084190154059735,1.037918869548038,1.972151438423702,2.0278209828577807,0.2952871678101971,0.0905735894594179,False
2021-10-25 13:28:00,823.0,673.8,285.8,857.0,850.0,32.8,61.2,1.6,2.6,0.5,319.3,10.0,976,0,0.0,56.2,55.4,,1.836856148073369,2.082197778664586,1.0820025336365695,1.9879070804475685,2.047305790420435,-0.5251323751143143,-0.3343790484573945,False
2021-10-25 13:29:00,831.0,674.9,295.7,866.0,859.0,32.9,61.5,1.5,2.4,0.6,264.2,24.7,976,0,0.0,56.6,55.9,,1.8616598854175688,2.0865810045339144,1.1452530081983754,2.016267236090528,2.076533001764417,-0.5935006703580237,-0.4406172079365978,False
2021-10-25 13:30:00,836.0,674.8,302.9,872.0,865.0,33.0,60.9,2.2,2.9,0.5,251.1,8.6,976,0,0.0,57.2,56.5,,1.8771622212576944,2.0861825294548844,1.1912533533342342,2.035174006519168,2.0960178093270705,-0.1149226036520584,-0.1750218092385899,False
2021-10-25 13:31:00,832.0,669.8,303.9,867.0,860.0,33.0,59.7,2.3,2.9,0.4,254.7,10.5,976,0,0.0,57.3,56.9,,1.8647603525855945,2.066258775503392,1.197642290158659,2.019418364495301,2.079780469691525,-0.0465543084083493,-0.1750218092385899,False
2021-10-25 13:32:00,759.4,554.3,309.7,782.3,775.2,33.0,60.4,2.3,3.9,1.0,256.4,15.6,976,0,0.0,57.4,57.2,,1.6396664361869768,1.606020059223909,1.2346981237403232,1.7525177886110033,1.804395189472679,-0.0465543084083493,0.3561689881574258,False
2021-10-25 13:33:00,704.3,542.0,286.1,748.0,742.0,32.9,59.1,2.7,3.6,0.5,282.0,12.0,976,0,0.0,57.0,56.9,,1.4688306952287973,1.5570076245032367,1.0839192146838972,1.6444340843272796,1.6965792542926588,0.226918872566488,0.1968117489386212,False
2021-10-25 13:34:00,691.7,509.1,289.8,720.3,713.8,32.8,58.4,1.9,2.9,0.5,290.7,18.2,976,0,0.0,56.4,56.6,,1.429764808911682,1.4259093235024145,1.107558280934269,1.5571478275150592,1.6050006587481838,-0.3200274893831865,-0.1750218092385899,False
2021-10-25 13:35:00,803.0,665.7,279.9,837.0,830.0,32.7,57.5,1.8,2.4,0.4,302.8,12.1,976,0,0.0,56.2,56.5,,1.7748468047128685,2.049921297263168,1.044307806372463,1.9248845123521023,1.9823564318782545,-0.3883957846268957,-0.4406172079365978,False
2021-10-25 13:36:00,795.0,663.5,274.6,829.0,822.0,32.6,59.3,1.5,2.1,0.4,313.6,15.1,976,0,0.0,56.3,56.6,,1.750043067368668,2.041154845524511,1.0104464412030116,1.899675485113916,1.9563766884613816,-0.5935006703580237,-0.5999744471554024,False
2021-10-25 13:37:00,791.5,662.3,273.4,825.0,818.0,32.7,61.1,2.2,2.6,0.4,247.5,16.8,976,0,0.0,56.6,56.7,,1.7391914322805804,2.0363731445761526,1.0027797170137016,1.887070971494823,1.9433868167529456,-0.1149226036520584,-0.3343790484573945,False
2021-10-25 13:38:00,791.2,662.8,274.5,824.0,817.0,32.8,60.8,2.2,2.6,0.4,253.7,6.8,976,0,0.0,56.6,56.8,,1.738261292130173,2.0383655199713018,1.009807547520569,1.8839198430900497,1.9401393488258367,-0.1149226036520584,-0.3343790484573945,False
2021-10-25 13:39:00,790.9,666.8,272.9,824.0,817.0,32.8,58.6,1.5,1.9,0.4,269.3,7.3,976,0,0.0,56.7,57.0,,1.7373311519797654,2.054304523132496,0.9995852486014892,1.8839198430900497,1.9401393488258367,-0.5935006703580237,-0.7062126066346057,False
2021-10-25 13:40:00,788.7,666.7,272.3,822.0,816.0,32.7,57.5,1.4,1.9,0.4,286.6,12.9,976,0,0.0,56.9,57.4,,1.7305101242101104,2.0539060480534665,0.9957518865068344,1.8776175862805031,1.936891880898728,-0.661868965601733,-0.7062126066346057,False
2021-10-25 13:41:00,784.6,661.4,274.3,819.0,812.0,32.7,59.6,1.1,1.9,0.5,325.4,24.3,976,0,0.0,57.3,57.8,,1.7177982088212078,2.032786868864884,1.0085297601556842,1.8681642010661832,1.9239020091902916,-0.8669738513328608,-0.7062126066346057,False
2021-10-25 13:42:00,726.8,588.9,269.6,755.3,748.7,32.8,61.3,2.9,4.1,1.1,304.6,15.2,976,0,0.0,57.7,58.1,,1.5385912065093603,1.743892436568239,0.9785017570808876,1.6674373216821243,1.7183372894042894,0.3636554630539064,0.4624071476366289,False
2021-10-25 13:43:00,782.4,659.2,276.5,816.0,809.0,32.8,60.1,2.8,3.9,0.7,325.7,10.9,976,0,0.0,57.5,57.9,,1.7109771810515526,2.0240204171262275,1.0225854211694188,1.8587108158518637,1.9141596054089645,0.2952871678101971,0.3561689881574258,False
2021-10-25 13:44:00,772.5,654.2,270.3,803.0,798.1,32.7,61.7,3.9,5.2,0.6,319.2,5.8,976,0,0.0,57.1,57.4,,1.6802825560881047,2.0040966631747343,0.9829740128579848,1.8177461465898104,1.878762205003476,1.0473384154909997,1.0467170247722466,False
2021-10-25 13:45:00,766.2,654.2,264.2,797.3,791.1,32.6,60.6,3.3,4.1,0.5,314.3,6.3,976,0,0.0,56.4,56.6,,1.6607496129295471,2.0040966631747343,0.9440014982289932,1.7997847146826027,1.856029929513713,0.6371286440287436,0.4624071476366289,False
2021-10-25 13:46:00,765.1,655.4,263.0,796.1,790.0,32.6,62.5,2.9,3.9,0.6,318.2,11.3,976,0,0.0,55.7,55.9,,1.6573390990447197,2.0088783641230927,0.9363347740396832,1.796003360596875,1.8524577147938923,0.3636554630539064,0.3561689881574258,False
2021-10-25 13:47:00,769.3,658.5,266.9,801.0,794.7,32.6,60.3,2.6,3.1,0.3,331.2,8.0,976,0,0.0,55.3,55.5,,1.6703610611504245,2.0212310915730183,0.96125162765494,1.811443889780264,1.8677208140513053,0.1585505773227787,-0.0687836497593866,False
2021-10-25 13:48:00,772.2,658.9,271.3,804.0,797.8,32.6,61.8,3.1,3.9,0.5,308.9,13.4,976,0,0.0,55.0,55.2,,1.6793524159376974,2.022824991889137,0.9893629496824096,1.820897274994584,1.877787964625343,0.5003920535413252,0.3561689881574258,False
2021-10-25 13:49:00,772.0,658.6,272.8,804.0,797.8,32.6,61.1,3.2,3.9,0.4,306.4,9.9,976,0,0.0,54.6,54.9,,1.6787323225040922,2.0216295666520483,0.9989463549190468,1.820897274994584,1.877787964625343,0.5687603487850346,0.3561689881574258,False
2021-10-25 13:50:00,769.4,656.6,272.7,801.0,795.1,32.5,61.6,3.0,3.6,0.5,297.9,9.9,976,0,0.0,54.2,54.7,,1.6706711078672272,2.013660065071451,0.9983074612366042,1.811443889780264,1.8690198012221493,0.4320237582976158,0.1968117489386212,False
2021-10-25 13:51:00,765.1,656.1,270.1,796.9,790.8,32.6,62.3,3.2,3.9,0.4,301.9,8.8,976,0,0.0,53.9,54.5,,1.6573390990447197,2.011667689676301,0.9816962254931,1.7985242633206937,1.85505568913558,0.5687603487850346,0.3561689881574258,False
2021-10-25 13:52:00,756.9,650.8,266.5,787.6,781.6,32.5,60.5,3.1,3.9,0.5,303.6,5.5,976,0,0.0,53.6,54.3,,1.6319152682669142,1.9905485104877192,0.9586960529251704,1.769218769156302,1.8251789842061767,0.5003920535413252,0.3561689881574258,False
2021-10-25 13:53:00,751.9,648.6,264.2,782.2,776.3,32.5,62.7,2.9,3.9,0.5,299.5,9.1,976,0,0.0,53.4,54.1,,1.616412932426789,1.9817820587490629,0.9440014982289932,1.7522026757705262,1.807967404192499,0.3636554630539064,0.3561689881574258,False
2021-10-25 13:54:00,746.8,646.1,262.4,777.0,771.1,32.6,62.0,2.7,3.1,0.3,280.9,8.1,976,0,0.0,53.4,54.1,,1.6006005498698612,1.971820181773316,0.9325014119450284,1.735816808065705,1.7910805709715325,0.226918872566488,-0.0687836497593866,False
2021-10-25 13:55:00,743.1,644.9,261.0,773.3,767.3,32.6,61.1,3.2,3.6,0.4,266.6,5.1,976,0,0.0,53.3,54.1,,1.589128821348169,1.9670384808249577,0.9235569003908336,1.7241576329680437,1.7787401928485174,0.5687603487850346,0.1968117489386212,False
2021-10-25 13:56:00,739.6,641.7,261.3,769.8,763.8,32.5,59.2,2.8,3.1,0.3,269.5,8.8,976,0,0.0,53.0,54.0,,1.5782771862600813,1.9542872782960024,0.9254735814381612,1.713128683551337,1.7673740551036357,0.2952871678101971,-0.0687836497593866,False
2021-10-25 13:57:00,736.8,640.1,261.0,767.4,761.2,32.4,60.4,2.4,2.9,0.4,252.8,7.9,976,0,0.0,52.8,54.0,,1.5695958781896109,1.9479116770315248,0.9235569003908336,1.7055659753798813,1.7589306384931525,0.0218139868353599,-0.1750218092385899,False
2021-10-25 13:58:00,734.7,641.3,260.0,765.7,759.4,32.5,60.3,2.6,3.1,0.4,246.7,10.1,976,0,0.0,52.7,53.9,,1.5630848971367586,1.952693377979883,0.9171679635664088,1.700209057091767,1.7530851962243563,0.1585505773227787,-0.0687836497593866,False
2021-10-25 13:59:00,731.4,638.3,260.4,762.6,756.4,32.6,58.6,2.3,3.1,0.5,265.9,8.1,976,0,0.0,52.6,53.6,,1.552853355482276,1.9407391256089872,0.9197235382961788,1.6904405590369698,1.7433427924430291,-0.0465543084083493,-0.0687836497593866,False
2021-10-25 14:00:00,728.4,636.6,259.8,759.7,753.4,32.6,58.1,2.5,3.3,0.5,254.6,9.0,976,0,0.0,52.6,53.6,,1.5435519539782008,1.93396504926548,0.915890176201524,1.681302286663127,1.7336003886617022,0.0901822820790693,0.0374545097198163,False
2021-10-25 14:01:00,725.0,635.3,258.7,756.3,750.1,32.7,60.3,3.3,4.0,0.7,277.8,14.3,976,0,0.0,52.7,53.6,,1.5330103656069156,1.9287848732380917,0.9088623456946564,1.6705884500868975,1.7228837445022425,0.6371286440287436,0.4092880678970275,False
2021-10-25 14:02:00,722.6,634.3,258.5,754.0,747.9,32.7,58.6,2.4,3.1,0.4,288.2,10.2,976,0,0.0,52.6,53.5,,1.5255692444036557,1.924800122447793,0.9075845583297716,1.6633408547559192,1.7157393150626024,0.0218139868353599,-0.0687836497593866,False
2021-10-25 14:03:00,720.3,634.9,257.3,751.6,745.6,32.7,59.2,2.1,3.1,0.5,282.3,7.4,976,0,0.0,52.8,53.6,,1.5184381699171978,1.9271909729219725,0.8999178341404619,1.6557781465844634,1.7082701388302517,-0.1832908988957678,-0.0687836497593866,False
2021-10-25 14:04:00,717.6,633.9,256.9,748.5,742.4,32.7,59.1,2.5,2.9,0.4,275.0,5.1,976,0,0.0,53.0,53.9,,1.5100669085635303,1.9232062221316737,0.8973622594106917,1.6460096485296662,1.6978782414635027,0.0901822820790693,-0.1750218092385899,False
2021-10-25 14:05:00,715.7,631.7,258.2,746.1,740.0,32.7,57.3,1.6,2.4,0.4,270.0,15.8,976,0,0.0,53.0,54.0,,1.504176020944283,1.9144397703930167,0.905667877282444,1.6384469403582105,1.6900843184384406,-0.5251323751143143,-0.4406172079365978,False
2021-10-25 14:06:00,715.8,631.7,260.5,746.2,740.1,32.6,56.9,0.2,1.1,0.5,239.3,4.5,976,0,0.0,53.3,54.3,,1.5044860676610852,1.9144397703930167,0.9203624319786212,1.6387620531986875,1.690409065231152,-1.4822885085262445,-1.1311652445514182,False
2021-10-25 14:07:00,716.0,629.7,264.2,746.1,740.0,32.8,58.8,1.6,2.6,0.6,271.4,15.3,976,0,0.0,53.8,54.8,,1.5051061610946903,1.90647026881242,0.9440014982289932,1.6384469403582105,1.6900843184384406,-0.5251323751143143,-0.3343790484573945,False
2021-10-25 14:08:00,716.5,630.9,265.9,746.5,740.4,32.9,57.8,2.8,3.4,0.3,269.1,6.8,975,0,0.0,54.0,54.9,,1.5066563946787028,1.911251969760778,0.9548626908305152,1.6397073917201197,1.6913833056092846,0.2952871678101971,0.0905735894594179,False
2021-10-25 14:09:00,715.7,630.4,266.7,745.2,739.2,32.9,59.1,3.4,5.2,0.9,283.0,23.5,975,0,0.0,54.0,54.9,,1.504176020944283,1.9092595943656288,0.9599738402900552,1.6356109247939143,1.6874863440967536,0.7054969392724529,1.0467170247722466,False
2021-10-25 14:10:00,716.2,630.2,269.0,745.2,739.4,32.9,60.4,3.1,3.9,0.7,332.3,12.9,975,0,0.0,53.8,54.6,,1.5057262545282954,1.9084626442075692,0.9746683949862324,1.6356109247939143,1.6881358376821756,0.5003920535413252,0.3561689881574258,False
2021-10-25 14:11:00,714.3,628.5,269.0,742.8,737.0,32.9,59.8,3.0,3.9,0.7,342.7,10.7,975,0,0.0,53.5,54.2,,1.4998353669090476,1.9016885678640616,0.9746683949862324,1.6280482166224584,1.6803419146571137,0.4320237582976158,0.3561689881574258,False
2021-10-25 14:12:00,700.7,623.9,258.9,729.8,724.1,32.8,58.7,0.6,1.6,0.6,319.9,9.8,975,0,0.0,53.2,53.9,,1.4576690134239074,1.883358714228688,0.9101401330595414,1.5870835473604057,1.6384495783974071,-1.2088153275514073,-0.8655698458534103,False
2021-10-25 14:13:00,692.4,623.0,252.6,722.6,717.0,32.7,59.1,0.8,1.6,0.6,281.6,11.8,975,0,0.0,53.3,54.0,,1.4319351359292996,1.8797724385174197,0.8698898310656652,1.564395422846038,1.615392556114933,-1.0720787370639886,-0.8655698458534103,False
2021-10-25 14:14:00,689.2,621.1,253.1,720.4,714.9,32.8,60.0,2.0,2.6,0.6,306.4,14.7,975,0,0.0,53.9,54.4,,1.4220136409916195,1.8722014120158523,0.8730842994778777,1.557462940355537,1.6085728734680038,-0.2516591941394772,-0.3343790484573945,False
2021-10-25 14:15:00,689.8,621.0,255.7,721.2,715.7,32.8,58.6,1.9,2.6,0.5,296.8,8.1,975,0,0.0,54.1,54.6,,1.4238739212924345,1.8718029369368223,0.889695535221382,1.5599838430793551,1.611170847809691,-0.3200274893831865,-0.3343790484573945,False
2021-10-25 14:16:00,690.9,621.6,258.4,722.7,717.2,32.8,60.3,2.4,3.1,0.5,306.2,14.4,975,0,0.0,54.3,54.7,,1.427284435177262,1.8741937874110015,0.906945664647329,1.5647105356865154,1.616042049700355,0.0218139868353599,-0.0687836497593866,False
2021-10-25 14:17:00,689.7,619.6,260.2,721.6,716.2,32.8,58.6,2.0,2.6,0.4,293.0,9.9,975,0,0.0,54.2,54.6,,1.423563874575632,1.8662242858304048,0.9184457509312938,1.5612442944412646,1.612794581773246,-0.2516591941394772,-0.3343790484573945,False
2021-10-25 14:18:00,684.5,618.2,257.1,716.4,711.0,32.7,59.4,1.4,2.2,0.6,278.1,17.4,975,0,0.0,54.2,54.5,,1.4074414453019015,1.8606456347239864,0.898640046775577,1.5448584267364434,1.5959077485522788,-0.661868965601733,-0.5468553674158008,False
2021-10-25 14:19:00,680.6,617.8,255.1,712.5,707.2,32.8,59.9,2.6,4.0,0.6,291.7,12.6,975,0,0.0,54.4,54.6,,1.3953496233466045,1.859051734407867,0.8858621731267273,1.5325690259578275,1.5835673704292643,0.1585505773227787,0.4092880678970275,False
2021-10-25 14:20:00,676.6,615.1,254.4,707.8,702.6,32.7,59.8,3.4,4.4,0.6,290.2,11.2,975,0,0.0,54.1,54.5,,1.382947754674504,1.848292907274061,0.88138991734963,1.517758722455393,1.5686290179645628,0.7054969392724529,0.621764386855434,False
2021-10-25 14:21:00,673.0,615.9,251.4,703.7,698.6,32.7,60.6,2.6,3.1,0.4,281.0,8.3,975,0,0.0,53.6,54.1,,1.3717860728696138,1.8514807079063,0.8622231068763555,1.5048390959958229,1.5556391462561268,0.1585505773227787,-0.0687836497593866,False
2021-10-25 14:22:00,664.6,612.7,246.1,694.4,689.4,32.7,60.2,2.6,3.1,0.6,294.1,15.6,975,0,0.0,53.3,53.8,,1.3457421486582035,1.8387295053773447,0.8283617417069038,1.475533601831431,1.5257624413267237,0.1585505773227787,-0.0687836497593866,False
2021-10-25 14:23:00,660.2,611.3,243.9,689.5,684.5,32.8,61.1,2.4,3.1,0.4,295.8,9.8,975,0,0.0,53.0,53.5,,1.3321000931188938,1.8331508542709265,0.8143060806931691,1.460093072648042,1.5098498484838891,0.0218139868353599,-0.0687836497593866,False
2021-10-25 14:24:00,655.5,608.4,242.4,684.6,679.7,32.8,61.8,2.6,3.1,0.4,276.9,14.1,975,0,0.0,52.9,53.3,,1.317527897429176,1.8215950769790603,0.8047226754565319,1.4446525434646529,1.4942620024337658,0.1585505773227787,-0.0687836497593866,False
2021-10-25 14:25:00,650.2,604.8,241.1,679.4,674.5,32.9,60.9,3.0,3.9,0.5,297.9,18.1,975,0,0.0,52.8,53.3,,1.3010954214386434,1.8072499741339856,0.7964170575847795,1.4282666757598317,1.4773751692127988,0.4320237582976158,0.3561689881574258,False
2021-10-25 14:26:00,647.5,603.4,240.8,676.4,671.5,32.9,60.1,2.5,3.0,0.5,317.0,18.2,975,0,0.0,52.5,53.0,,1.2927241600849757,1.801671323027568,0.7945003765374522,1.4188132905455118,1.4676327654314716,0.0901822820790693,-0.1219027294989882,False
2021-10-25 14:27:00,646.4,603.9,241.5,675.5,670.6,32.9,61.0,2.2,2.9,0.4,306.6,8.0,975,0,0.0,52.4,52.9,,1.289313646200148,1.803663698422717,0.7989726323145495,1.4159772749812158,1.4647100442970735,-0.1149226036520584,-0.1750218092385899,False
2021-10-25 14:28:00,644.8,602.3,242.5,673.6,668.8,33.0,60.2,1.5,2.1,0.6,305.6,10.5,975,0,0.0,52.6,53.0,,1.2843528987313078,1.7972880971582392,0.8053615691389743,1.4099901310121463,1.4588646020282772,-0.5935006703580237,-0.5999744471554024,False
2021-10-25 14:29:00,641.8,599.3,243.2,670.3,665.5,33.0,59.0,0.4,1.6,0.6,353.8,17.9,975,0,0.0,52.8,53.2,,1.2750514972272329,1.7853338447873437,0.8098338249160716,1.3995914072763944,1.4481479578688174,-1.345551918038826,-0.8655698458534103,False
2021-10-25 14:30:00,640.4,598.4,244.8,669.3,664.4,33.1,60.4,0.8,1.4,0.5,30.8,17.9,975,0,0.0,53.2,53.5,,1.2707108431919978,1.7817475690760751,0.8200561238351515,1.3964402788716213,1.4445757431489974,-1.0720787370639886,-0.9718080053326136,False
2021-10-25 14:31:00,637.0,595.6,245.5,666.5,661.4,33.3,58.9,1.5,2.6,0.7,42.4,11.1,975,0,0.0,53.5,53.9,,1.2601692548207128,1.7705902668632394,0.8245283796122488,1.3876171193382565,1.4348333393676702,-0.5935006703580237,-0.3343790484573945,False
2021-10-25 14:32:00,631.6,594.1,242.5,661.1,655.8,33.5,55.4,1.3,2.4,0.6,43.5,7.7,975,0,0.0,53.0,53.4,,1.2434267321133776,1.7646131406777914,0.8053615691389743,1.3706010259524803,1.4166475189758596,-0.7302372608454422,-0.4406172079365978,False
2021-10-25 14:33:00,624.1,592.0,237.5,654.0,648.8,33.5,57.0,0.5,1.4,0.6,49.2,11.8,975,0,0.0,52.7,53.0,,1.22017322835319,1.7562451640181644,0.7734168850168501,1.34822801427859,1.3939152434860962,-1.2771836227951163,-0.9718080053326136,False
2021-10-25 14:34:00,617.8,590.1,234.4,648.1,643.1,33.6,58.8,0.0,0.0,0.0,0.0,0.0,975,0,0.0,53.2,53.1,,1.200640285194632,1.7486741375165973,0.7536111808611332,1.3296363566904277,1.375404676301575,-1.6190250990136632,-1.7154751216870356,False
2021-10-25 14:35:00,613.0,588.0,232.6,643.3,638.5,33.9,56.4,0.4,2.3,0.8,260.5,1.7,975,0,0.0,53.6,53.2,,1.185758042788112,1.74030616085697,0.7421110945771684,1.3145109403475157,1.3604663238368733,-1.345551918038826,-0.4937362876761994,False
2021-10-25 14:36:00,609.6,586.0,232.0,639.6,634.9,33.8,56.6,2.2,2.6,0.4,258.9,6.2,975,0,0.0,53.8,53.2,,1.1752164544168269,1.7323366592763731,0.7382777324825135,1.3028517652498546,1.3487754392992808,-0.1149226036520584,-0.3343790484573945,False
2021-10-25 14:37:00,606.5,584.5,231.3,636.0,631.3,33.7,56.5,1.5,2.4,0.4,223.0,14.8,975,0,0.0,53.6,53.1,,1.165605006195949,1.7263595330909252,0.7338054767054162,1.2915077029926707,1.337084554761688,-0.5935006703580237,-0.4406172079365978,False
2021-10-25 14:38:00,603.0,581.4,231.1,631.8,627.2,33.7,55.7,1.8,2.4,0.4,230.1,7.4,975,0,0.0,53.4,52.9,,1.1547533711078617,1.7140068056409996,0.7325276893405311,1.2782729636926229,1.3237699362605413,-0.3883957846268957,-0.4406172079365978,False
2021-10-25 14:39:00,599.4,577.9,231.0,627.7,623.1,33.6,55.4,1.2,1.6,0.4,220.0,8.1,975,0,0.0,53.2,52.8,,1.1435916893029714,1.700060177874955,0.7318887956580887,1.2653533372330523,1.3104553177593945,-0.7986055560891516,-0.8655698458534103,False
2021-10-25 14:40:00,596.3,575.3,231.4,624.8,620.1,33.6,55.7,0.1,1.1,0.3,216.8,0.1,975,0,0.0,53.0,52.8,,1.1339802410820938,1.6896998258201783,0.7344443703878587,1.2562150648592096,1.300712913978067,-1.5506568037699535,-1.1311652445514182,False
2021-10-25 14:41:00,591.9,571.6,230.3,620.9,616.2,33.7,56.2,0.4,1.4,0.6,227.1,17.4,975,0,0.0,53.3,53.1,,1.1203381855427836,1.674956247896074,0.7274165398809914,1.243925664080594,1.288047789062342,-1.345551918038826,-0.9718080053326136,False
2021-10-25 14:42:00,589.2,571.9,230.6,618.5,613.9,33.9,56.3,2.1,2.6,0.5,259.8,17.1,975,0,0.0,53.7,53.4,,1.1119669241891164,1.6761516731331634,0.7293332209283188,1.236362955909138,1.280578612829991,-0.1832908988957678,-0.3343790484573945,False
2021-10-25 14:43:00,587.6,571.5,231.0,616.7,612.2,33.7,56.0,1.9,2.6,0.6,245.3,11.8,975,0,0.0,53.6,53.4,,1.107006176720276,1.674557772817044,0.7318887956580887,1.2306909247805464,1.2750579173539058,-0.3200274893831865,-0.3343790484573945,False
2021-10-25 14:44:00,584.8,567.9,232.1,613.8,609.3,33.6,58.2,0.8,1.4,0.5,273.9,19.2,975,0,0.0,53.4,53.2,,1.098324868649806,1.6602126699719693,0.738916626164956,1.2215526524067035,1.2656402603652892,-1.0720787370639886,-0.9718080053326136,False
2021-10-25 14:45:00,582.1,565.9,232.2,610.9,606.7,33.5,57.7,1.1,2.1,0.7,275.4,16.0,975,0,0.0,53.5,53.2,,1.0899536072961384,1.652243168391372,0.7395555198473984,1.212414380032861,1.257196843754806,-0.8669738513328608,-0.5999744471554024,False
2021-10-25 14:46:00,579.4,561.8,233.6,607.9,603.7,33.5,59.1,1.6,2.1,0.4,274.9,17.3,975,0,0.0,53.5,53.3,,1.0815823459424707,1.635905690151148,0.7485000314015933,1.2029609948185411,1.2474544399734788,-0.5251323751143143,-0.5999744471554024,False
2021-10-25 14:47:00,576.0,558.1,234.0,604.0,599.9,33.5,58.6,2.4,3.1,0.5,338.5,31.1,975,0,0.0,53.5,53.2,,1.0710407575711858,1.6211621122270437,0.7510556061313632,1.1906715940399253,1.2351140618504644,0.0218139868353599,-0.0687836497593866,False
2021-10-25 14:48:00,572.9,554.6,234.4,600.3,596.3,33.5,57.8,3.0,3.4,0.4,344.5,5.5,975,0,0.0,53.1,52.9,,1.061429309350308,1.6072154844609987,0.7536111808611332,1.179012418942264,1.2234231773128716,0.4320237582976158,0.0905735894594179,False
2021-10-25 14:49:00,570.8,553.3,234.7,597.8,593.7,33.4,57.4,2.2,2.9,0.4,354.7,10.6,975,0,0.0,52.6,52.5,,1.0549183282974557,1.6020353084336103,0.7555278619084606,1.1711345979303307,1.2149797607023884,-0.1149226036520584,-0.1750218092385899,False
2021-10-25 14:50:00,567.7,549.0,235.8,594.4,590.3,33.3,55.9,2.0,2.6,0.5,355.5,15.1,975,0,0.0,52.2,51.8,,1.045306880076578,1.5849008800353266,0.762555692415328,1.1604207613541018,1.2039383697502175,-0.2516591941394772,-0.3343790484573945,False
2021-10-25 14:51:00,566.5,547.8,237.3,593.2,589.1,33.2,56.6,2.0,2.4,0.4,350.1,9.5,975,0,0.0,51.9,51.1,,1.041586319474948,1.5801191790869682,0.7721390976519652,1.156639407268374,1.200041408237687,-0.2516591941394772,-0.4406172079365978,False
2021-10-25 14:52:00,565.1,545.3,239.2,591.6,587.7,33.2,57.7,1.4,1.9,0.4,296.1,23.7,975,0,0.0,51.8,50.7,,1.0372456654397129,1.5701573021112218,0.7842780776183723,1.1515976018207366,1.1954949531397343,-0.661868965601733,-0.7062126066346057,False
2021-10-25 14:53:00,563.1,542.5,240.7,589.3,585.5,33.3,57.8,1.7,2.4,0.5,225.5,15.0,975,0,0.0,51.8,50.6,,1.0310447311036628,1.558999999898386,0.7938614828550096,1.1443500064897578,1.1883505237000942,-0.4567640798706051,-0.4406172079365978,False
2021-10-25 14:54:00,560.2,538.0,242.2,586.3,582.3,33.5,57.3,0.4,1.4,0.5,219.8,8.9,975,0,0.0,51.7,50.6,,1.0220533763163904,1.5410686213420426,0.8034448880916468,1.134896621275438,1.1779586263333452,-1.345551918038826,-0.9718080053326136,False
2021-10-25 14:55:00,557.0,536.0,242.1,582.9,579.0,33.6,56.5,1.2,1.9,0.6,316.0,21.1,975,0,0.0,51.8,50.7,,1.01213188137871,1.5330991197614454,0.8028059944092043,1.1241827846992087,1.1672419821738855,-0.7986055560891516,-0.7062126066346057,False
2021-10-25 14:56:00,554.2,535.0,241.4,579.7,575.9,33.6,55.4,1.8,3.5,0.8,322.2,15.6,975,0,0.0,51.9,50.9,,1.0034505733082402,1.5291143689711468,0.798333738632107,1.1140991738039343,1.1571748315998474,-0.3883957846268957,0.1436926691990196,False
2021-10-25 14:57:00,550.6,530.0,242.2,575.4,571.6,33.5,55.5,2.2,2.9,0.4,308.8,8.8,975,0,0.0,51.9,50.8,,0.99228889150335,1.509190615019654,0.8034448880916468,1.100549321663409,1.1432107195132786,-0.1149226036520584,-0.1750218092385899,False
2021-10-25 14:58:00,547.8,526.7,242.9,572.3,568.7,33.3,55.8,1.5,2.1,0.4,314.2,13.0,975,0,0.0,51.7,50.7,,0.9836075834328796,1.4960409374116692,0.8079171438687442,1.0907808236086118,1.1337930625246626,-0.5935006703580237,-0.5999744471554024,False
2021-10-25 14:59:00,545.7,523.7,244.5,570.3,566.7,33.3,57.0,2.1,3.4,0.8,298.1,12.2,975,0,0.0,51.8,50.8,,0.9770966023800272,1.4840866850407737,0.8181394427878239,1.0844785667990653,1.1272981266704445,-0.1832908988957678,0.0905735894594179,False
2021-10-25 15:00:00,543.0,522.3,244.4,567.4,563.9,33.3,55.2,2.2,2.9,0.6,300.9,10.8,975,0,0.0,51.7,50.9,,0.9687253410263597,1.478508033934355,0.8175005491053815,1.0753402944252228,1.1182052164745389,-0.1149226036520584,-0.1750218092385899,False
2021-10-25 15:01:00,540.4,520.7,244.5,564.7,561.3,33.3,56.9,2.3,3.4,0.7,302.4,12.5,975,0,0.0,51.6,50.9,,0.9606641263894944,1.4721324326698777,0.8181394427878239,1.066832247732335,1.1097617998640554,-0.0465543084083493,0.0905735894594179,False
2021-10-25 15:02:00,535.6,518.3,242.7,559.5,556.2,33.3,55.0,2.4,2.9,0.4,290.2,5.6,975,0,0.0,51.4,50.8,,0.9457818839829744,1.462569030773161,0.8066393565038592,1.050446380027514,1.0931997134357996,0.0218139868353599,-0.1750218092385899,False
2021-10-25 15:03:00,530.7,514.2,241.4,553.9,550.6,33.2,54.0,2.7,3.6,0.4,292.9,13.4,975,0,0.0,51.0,50.5,,0.930589594859652,1.4462315525329372,0.798333738632107,1.0328000609607833,1.0750138930439888,0.226918872566488,0.1968117489386212,False
2021-10-25 15:04:00,527.2,514.5,239.4,550.1,546.8,33.2,54.5,2.6,3.6,0.5,296.6,8.2,975,0,0.0,50.6,50.3,,0.9197379597715644,1.4474269777700266,0.7855558649832574,1.0208257730226449,1.0626735149209745,0.1585505773227787,0.1968117489386212,False
2021-10-25 15:05:00,523.8,513.3,238.3,546.5,543.2,33.1,54.9,1.8,2.4,0.5,285.1,9.1,975,0,0.0,50.3,50.1,,0.9091963714002788,1.4426452768216682,0.7785280344763901,1.009481710765461,1.050982630383382,-0.3883957846268957,-0.4406172079365978,False
2021-10-25 15:06:00,519.7,510.6,237.9,542.4,539.2,33.2,55.7,2.6,5.4,1.1,309.3,23.3,975,0,0.0,50.3,50.1,,0.8964844560113765,1.4318864496878625,0.7759724597466201,0.9965620843058904,1.0379927586749458,0.1585505773227787,1.1529551842514498,False
2021-10-25 15:07:00,515.5,506.4,237.5,537.8,534.5,33.2,56.1,1.7,3.1,0.8,17.1,17.4,975,0,0.0,50.0,49.9,,0.8834624939056712,1.4151504963686083,0.7734168850168501,0.9820668936439332,1.0227296594175332,-0.4567640798706051,-0.0687836497593866,False
2021-10-25 15:08:00,511.0,502.3,236.6,532.9,529.5,33.2,53.8,0.9,1.4,0.5,35.6,15.2,975,0,0.0,49.4,49.4,,0.8695103916495586,1.398813018128384,0.7676668418748678,0.9666263644605442,1.006492319781988,-1.0037104418202796,-0.9718080053326136,False
2021-10-25 15:09:00,507.2,501.6,235.2,529.4,525.9,33.3,55.6,2.1,3.1,0.7,358.4,11.5,975,0,0.0,49.0,49.0,,0.8577286164110636,1.3960236925751754,0.7587223303206729,0.9555974150438376,0.9948014352443952,-0.1832908988957678,-0.0687836497593866,False
2021-10-25 15:10:00,502.8,497.3,234.3,524.3,489.0,33.3,54.4,1.8,2.4,0.4,356.7,5.6,975,0,0.0,49.0,48.5,,0.8440865608717535,1.3788892641768913,0.7529722871786907,0.9395266601794938,0.8749698687340719,-0.3883957846268957,-0.4406172079365978,False
2021-10-25 15:11:00,499.4,493.7,234.3,520.5,517.1,33.2,53.6,1.7,2.1,0.3,356.9,7.2,975,0,0.0,49.0,48.2,,0.8335449725004681,1.3645441613318166,0.7529722871786907,0.9275523722413554,0.966223717485836,-0.4567640798706051,-0.5999744471554024,False
2021-10-25 15:12:00,497.8,492.0,235.1,518.4,515.2,33.2,56.8,2.1,2.9,0.4,0.3,25.8,975,0,0.0,49.0,48.1,,0.8285842250316283,1.3577700849883092,0.7580834366382305,0.9209350025913314,0.9600535284243288,-0.1832908988957678,-0.1750218092385899,False
2021-10-25 15:13:00,495.0,487.9,235.8,515.1,512.0,33.4,56.6,2.2,2.6,0.4,330.5,9.9,975,0,0.0,49.0,48.1,,0.819902916961158,1.341432606748085,0.762555692415328,0.9105362788555798,0.9496616310575798,-0.1149226036520584,-0.3343790484573945,False
2021-10-25 15:14:00,492.4,486.2,235.4,512.2,509.2,33.3,54.2,1.6,2.4,0.4,308.8,23.1,975,0,0.0,49.0,48.0,,0.8118417023242929,1.3346585304045773,0.760000117685558,0.9013980064817372,0.9405687208616744,-0.5251323751143143,-0.4406172079365978,False
2021-10-25 15:15:00,487.4,480.3,234.8,506.8,503.9,33.3,56.5,1.9,2.4,0.4,324.3,10.2,975,0,0.0,48.9,48.0,,0.7963393664841677,1.311148500741816,0.7561667555909032,0.8843819130959611,0.9233571408479966,-0.3200274893831865,-0.4406172079365978,False
2021-10-25 15:16:00,484.0,478.6,234.0,503.3,500.4,33.4,54.0,1.9,2.4,0.4,332.4,7.2,975,0,0.0,48.9,48.0,,0.7857977781128826,1.3043744243983086,0.7510556061313632,0.8733529636792546,0.9119910031031148,-0.3200274893831865,-0.4406172079365978,False
2021-10-25 15:17:00,428.7,380.0,228.8,444.6,442.1,33.3,54.6,2.4,3.1,0.6,340.9,12.4,975,0,0.0,48.6,47.9,,0.6143419437210983,0.9114779964748712,0.7178331346443542,0.6883817263190625,0.7226636229526581,0.0218139868353599,-0.0687836497593866,False
2021-10-25 15:18:00,405.3,344.6,226.0,421.4,419.0,33.3,53.4,2.4,3.1,0.4,356.6,7.7,975,0,0.0,48.2,47.5,,0.5417910119893126,0.7704178184983026,0.6999441115359645,0.6152755473283219,0.6476471138364391,0.0218139868353599,-0.0687836497593866,False
2021-10-25 15:19:00,427.8,390.9,227.6,445.6,443.1,33.3,54.3,2.0,2.6,0.4,348.4,13.3,975,0,0.0,47.7,47.1,,0.6115515232698758,0.9549117800891254,0.7101664104550443,0.6915328547238357,0.725911090879767,-0.2516591941394772,-0.3343790484573945,False
2021-10-25 15:20:00,426.7,387.4,227.2,442.7,440.2,33.3,55.2,1.8,2.2,0.4,341.4,14.6,975,0,0.0,47.5,46.9,,0.6081410093850482,0.9409651523230804,0.7076108357252743,0.6823945823499931,0.7164934338911507,-0.3883957846268957,-0.5468553674158008,False
2021-10-25 15:21:00,391.1,327.2,225.1,407.6,405.1,33.4,55.1,1.6,2.6,0.7,3.1,17.3,975,0,0.0,47.3,46.7,,0.4977643782033571,0.7010831547471076,0.6941940683939821,0.5717899753424507,0.6025073096496236,-0.5251323751143143,-0.3343790484573945,False
2021-10-25 15:22:00,456.8,454.7,227.6,474.4,471.6,33.5,53.2,1.7,2.2,0.4,0.6,16.7,975,0,0.0,46.8,46.1,,0.7014650711426018,1.2091388805101728,0.7101664104550443,0.7822853527813065,0.8184639268023747,-0.4567640798706051,-0.5468553674158008,False
2021-10-25 15:23:00,451.0,449.9,225.5,468.4,465.7,33.6,53.8,1.9,2.4,0.4,326.3,13.0,975,0,0.0,46.6,45.6,,0.6834823615680566,1.19001207671674,0.6967496431237521,0.7633785823526666,0.7993038660324313,-0.3200274893831865,-0.4406172079365978,False
2021-10-25 15:24:00,444.8,445.1,222.9,461.9,459.4,33.5,51.6,1.7,2.6,0.4,311.5,17.1,975,0,0.0,46.7,45.4,,0.6642594651263014,1.1708852729233072,0.6801384073802476,0.7428962477216403,0.7788448180916443,-0.4567640798706051,-0.3343790484573945,False
2021-10-25 15:25:00,437.1,438.3,219.9,453.9,451.6,33.4,51.7,1.2,1.8,0.4,345.8,26.6,975,0,0.0,46.7,45.4,,0.6403858679325087,1.1437889675492767,0.660971596906973,0.7176872204834539,0.7535145682601939,-0.7986055560891516,-0.7593316863742072,False
2021-10-25 15:26:00,412.4,400.3,214.1,428.3,426.1,33.4,52.1,2.1,3.4,0.6,18.0,14.5,975,0,0.0,46.9,45.5,,0.5638043288822903,0.992368437517932,0.623915763325309,0.6370183333212578,0.6707041361189134,-0.1832908988957678,0.0905735894594179,False
2021-10-25 15:27:00,327.2,246.8,204.4,340.8,338.9,33.5,51.3,2.5,3.4,0.5,35.9,10.6,975,0,0.0,46.5,45.3,,0.2996445261665574,0.3807091912071041,0.5619430761283881,0.3612945979035946,0.387524932875005,0.0901822820790693,0.0905735894594179,False
2021-10-25 15:28:00,275.8,164.8,195.3,289.3,287.5,33.5,51.3,1.9,2.6,0.5,29.0,7.8,975,0,0.0,45.4,44.4,,0.1402805137300707,0.0539596264026228,0.5038037510261221,0.19901148505777,0.2206050814216004,-0.3200274893831865,-0.3343790484573945,False
2021-10-25 15:29:00,277.6,184.2,188.7,292.2,290.4,33.6,50.0,1.3,2.8,0.8,19.4,11.9,975,0,0.0,44.5,43.4,,0.1458613546325158,0.1312637917344146,0.461636767984918,0.2081497574316125,0.2300227384102166,-0.7302372608454422,-0.2281408889781915,False
2021-10-25 15:30:00,282.8,211.4,180.9,297.9,295.9,33.6,51.9,2.8,3.6,0.5,36.9,10.5,975,0,0.0,43.8,42.7,,0.161983783906246,0.2396490132305353,0.4118030607544044,0.2261111893388203,0.2478838120093163,0.2952871678101971,0.1968117489386212,False
2021-10-25 15:31:00,235.7,132.1,170.7,247.3,245.7,33.6,52.7,2.0,2.9,0.5,34.9,5.1,975,0,0.0,42.9,41.9,,0.0159517802922668,-0.0763417244401399,0.346635905145271,0.0666640920572917,0.0848609220684425,-0.2516591941394772,-0.1750218092385899,False
2021-10-25 15:32:00,197.4,77.4,159.6,207.2,205.8,33.6,51.5,1.6,1.9,0.4,39.9,9.6,975,0,0.0,42.2,41.1,,-0.1027961122430919,-0.2943075926694707,0.2757187063941553,-0.0596961569741173,-0.044713048223208,-0.5251323751143143,-0.7062126066346057,False
2021-10-25 15:33:00,173.5,47.9,150.3,181.9,180.6,33.6,52.8,0.4,1.1,0.5,57.9,5.2,975,0,0.0,41.5,40.5,,-0.1768972775588902,-0.411857740983278,0.2163015939270045,-0.1394197056148816,-0.1265492399863559,-1.345551918038826,-1.1311652445514182,False
2021-10-25 15:34:00,162.1,37.2,144.3,170.0,168.8,33.6,50.6,0.2,0.9,0.4,96.4,3.4,975,0,0.0,41.0,40.0,,-0.2122426032743756,-0.4544945744394725,0.1779679729804554,-0.1769181336316838,-0.1648693615262425,-1.4822885085262445,-1.2374034040306214,False
2021-10-25 15:35:00,156.7,33.3,141.1,164.8,163.6,33.6,50.6,0.1,1.0,0.3,147.9,2.6,975,0,0.0,40.6,39.7,,-0.2289851259817108,-0.4700351025216369,0.1575233751422959,-0.1933040013365048,-0.1817561947472095,-1.5506568037699535,-1.18428432429102,False
2021-10-25 15:36:00,153.3,31.4,139.1,161.7,160.5,33.6,50.8,0.6,1.4,0.6,143.6,6.5,975,0,0.0,40.3,39.4,,-0.2395267143529958,-0.4776061290232041,0.1447455014934462,-0.2030724993913021,-0.1918233453212475,-1.2088153275514073,-0.9718080053326136,False
2021-10-25 15:37:00,151.0,30.6,137.0,159.2,158.0,33.6,49.2,0.0,0.0,0.0,0.0,0.0,975,0,0.0,40.0,39.1,,-0.2466577888394534,-0.480793929655443,0.1313287341621541,-0.2109503204032354,-0.1999420151390201,-1.6190250990136632,-1.7154751216870356,False
2021-10-25 15:38:00,146.1,26.5,134.2,154.0,152.8,33.6,49.8,0.2,1.1,0.4,149.0,0.4,975,0,0.0,39.8,39.0,,-0.2618500779627761,-0.497131407895667,0.1134397110537644,-0.2273361881080564,-0.2168288483599871,-1.4822885085262445,-1.1311652445514182,False
2021-10-25 15:39:00,142.7,23.5,132.4,150.3,149.1,33.7,49.6,0.0,0.0,0.0,0.0,0.0,975,0,0.0,39.7,38.9,,-0.2723916663340613,-0.5090856602665627,0.1019396247697998,-0.2389953632057176,-0.2288444796902906,-1.6190250990136632,-1.7154751216870356,False
2021-10-25 15:40:00,140.3,20.5,131.6,147.6,146.4,33.7,52.3,0.0,0.0,0.0,0.0,0.0,975,0,0.0,39.5,38.8,,-0.2798327875373212,-0.5210399126374583,0.0968284753102599,-0.2475034098986055,-0.237612643093485,-1.6190250990136632,-1.7154751216870356,False
2021-10-25 15:41:00,137.0,17.0,130.4,144.0,142.8,33.8,49.4,0.0,0.0,0.0,0.0,0.0,975,0,0.0,39.4,38.7,,-0.2900643291918039,-0.5349865404035032,0.0891617511209502,-0.2588474721557894,-0.2493035276310775,-1.6190250990136632,-1.7154751216870356,False
2021-10-25 15:42:00,136.8,17.5,130.3,143.5,142.4,33.8,52.7,0.0,0.0,0.0,0.0,0.0,975,0,0.0,39.2,38.6,,-0.2906844226254089,-0.532994165008354,0.0885228574385077,-0.260423036358176,-0.2506025148019212,-1.6190250990136632,-1.7154751216870356,False
2021-10-25 15:43:00,140.4,21.6,132.3,147.1,146.0,33.7,51.9,0.0,0.0,0.0,0.0,0.0,975,0,0.0,39.1,38.5,,-0.2795227408205188,-0.5166566867681299,0.1013007310873574,-0.2490789741009922,-0.2389116302643286,-1.6190250990136632,-1.7154751216870356,False
2021-10-25 15:44:00,140.8,20.4,133.3,147.2,146.1,33.6,51.0,0.3,1.1,0.5,289.2,5.4,975,0,0.0,39.0,38.4,,-0.2782825539533087,-0.5214383877164882,0.1076896679117822,-0.2487638612605149,-0.2385868834716177,-1.4139202132825353,-1.1311652445514182,False
2021-10-25 15:45:00,145.9,32.3,133.5,152.5,151.4,33.4,51.5,0.9,1.4,0.4,307.3,11.6,975,0,0.0,39.0,38.3,,-0.2624701713963811,-0.4740198533119354,0.1089674552766671,-0.2320628807152164,-0.2213753034579398,-1.0037104418202796,-0.9718080053326136,False
2021-10-25 15:46:00,147.2,33.7,133.9,153.6,152.4,33.3,53.4,1.0,1.4,0.5,320.9,6.0,975,0,0.0,38.9,38.2,,-0.2584395640779486,-0.4684412022055174,0.1115230300064371,-0.2285966394699658,-0.2181278355308308,-0.93534214657657,-0.9718080053326136,False
2021-10-25 15:47:00,150.8,42.3,134.1,157.3,156.2,33.2,52.6,1.3,1.6,0.3,318.3,3.2,975,0,0.0,38.8,38.2,,-0.2472778822730584,-0.4341723454089499,0.112800817371322,-0.2169374643723045,-0.2057874574078164,-0.7302372608454422,-0.8655698458534103,False
2021-10-25 15:48:00,149.8,39.8,134.2,155.9,154.8,33.1,51.3,1.2,1.6,0.3,329.7,6.9,975,0,0.0,38.7,38.1,,-0.2503783494410835,-0.4441342223846963,0.1134397110537644,-0.2213490441389872,-0.210333912505769,-0.7986055560891516,-0.8655698458534103,False
2021-10-25 15:49:00,159.1,62.0,135.2,166.1,165.0,33.1,53.9,1.3,2.1,0.6,3.2,21.6,975,0,0.0,38.6,38.0,,-0.2215440047784507,-0.3556727548400684,0.1198286478781893,-0.1892075344102996,-0.1772097396492569,-0.7302372608454422,-0.5999744471554024,False
2021-10-25 15:50:00,172.6,87.4,137.2,179.6,178.5,33.0,56.4,1.0,1.6,0.6,8.7,4.0,975,0,0.0,38.5,37.9,,-0.1796876980101127,-0.2544600847664852,0.1326065215270389,-0.1466673009458602,-0.1333689226332848,-0.93534214657657,-0.8655698458534103,False
2021-10-25 15:51:00,205.4,159.5,140.6,214.1,212.9,32.9,54.5,1.3,1.6,0.3,16.7,12.4,975,0,0.0,38.6,37.9,,-0.0779923748988916,0.0328404472140404,0.1543289067300834,-0.0379533709811815,-0.0216560259407338,-0.7302372608454422,-0.8655698458534103,False
2021-10-25 15:52:00,168.2,69.4,141.4,174.3,173.2,32.9,50.7,0.6,1.4,0.6,25.9,7.3,975,0,0.0,38.6,38.0,,-0.1933297535494229,-0.3261855989918591,0.1594400561896234,-0.1633682814911586,-0.1505805026469628,-1.2088153275514073,-0.9718080053326136,False
2021-10-25 15:53:00,199.1,138.4,147.5,208.3,207.3,32.9,49.5,0.0,0.0,0.0,0.0,0.0,975,0,0.0,38.6,37.9,,-0.0975253180574493,-0.051237794461259,0.1984125708186148,-0.0562299157288666,-0.0398418463325444,-1.6190250990136632,-1.7154751216870356,False
2021-10-25 15:54:00,270.4,287.6,156.7,278.9,277.7,33.0,49.7,0.1,1.1,0.3,4.2,1.4,975,0,0.0,38.8,37.9,,0.1235379910227354,0.5432870234512851,0.2571907896033233,0.1662397496481277,0.1887798957359318,-1.5506568037699535,-1.1311652445514182,False
2021-10-25 15:55:00,254.3,248.0,158.7,264.0,262.8,33.0,50.6,0.0,0.0,0.0,0.0,0.0,975,0,0.0,39.1,38.2,,0.0736204696175325,0.3854908921554623,0.2699686632521729,0.1192879364170057,0.1403926236220072,-1.6190250990136632,-1.7154751216870356,False
2021-10-25 15:56:00,242.6,216.0,159.8,251.8,250.5,33.0,51.3,0.0,0.0,0.0,0.0,0.0,975,0,0.0,39.4,38.5,,0.0373450037516395,0.2579788668659086,0.2769964937590404,0.0808441698787716,0.1004487681185659,-1.6190250990136632,-1.7154751216870356,False
2021-10-25 15:57:00,265.6,277.4,162.1,276.5,275.3,33.1,51.6,0.6,1.1,0.5,321.9,0.2,975,0,0.0,39.8,38.8,,0.1086557486162154,0.5026425653902397,0.2916910484552174,0.1586770414766719,0.1809859727108702,-1.2088153275514073,-1.1311652445514182,False
2021-10-25 15:58:00,284.5,322.6,163.5,294.5,293.2,33.1,49.7,1.1,2.1,0.7,327.7,6.2,975,0,0.0,40.1,39.2,,0.1672545780918885,0.6827533011117344,0.3006355600094123,0.2153973527625911,0.2391156486061219,-0.8669738513328608,-0.5999744471554024,False
2021-10-25 15:59:00,260.1,267.1,161.1,269.8,268.6,33.1,55.5,2.8,3.1,0.4,339.0,7.4,975,0,0.0,40.4,39.5,,0.0916031791920777,0.4615996322501647,0.2853021116307926,0.1375644811646908,0.1592279375992396,0.2952871678101971,-0.0687836497593866,False
2021-10-25 16:00:00,242.4,228.3,158.5,251.4,250.4,32.7,59.4,2.9,3.6,0.5,316.3,11.6,975,0,0.0,40.3,39.5,,0.0367249103180346,0.3069913015865809,0.268690875887288,0.0795837185168622,0.1001240213258551,0.3636554630539064,0.1968117489386212,False
2021-10-25 16:01:00,269.3,306.4,157.9,278.7,277.6,32.5,60.2,2.5,3.1,0.4,296.4,6.4,975,0,0.0,40.1,39.4,,0.120127477137908,0.6182003383088976,0.2648575137926332,0.1656095239671731,0.188455148943221,0.0901822820790693,-0.0687836497593866,False
2021-10-25 16:02:00,269.6,314.3,154.8,277.9,276.8,32.3,61.9,1.8,2.4,0.4,282.4,13.2,975,0,0.0,40.1,39.4,,0.1210576172883155,0.6496798695522563,0.2450518096369162,0.1630886212433544,0.1858571746015337,-0.3883957846268957,-0.4406172079365978,False
2021-10-25 16:03:00,259.3,299.8,151.0,267.5,266.4,32.3,61.7,1.6,2.3,0.4,306.2,12.1,975,0,0.0,40.1,39.5,,0.0891228054576576,0.5919009830929274,0.2207738497041018,0.1303168858337122,0.1520835081595996,-0.5251323751143143,-0.4937362876761994,False
2021-10-25 16:04:00,240.8,260.8,148.2,248.9,248.0,32.2,62.1,3.0,4.1,0.7,306.3,6.9,975,0,0.0,40.1,39.5,,0.0317641628491945,0.4364957022712838,0.2028848265957122,0.071705897504929,0.0923300983007933,0.4320237582976158,0.4624071476366289,False
2021-10-25 16:05:00,263.0,322.8,148.6,269.9,268.9,32.1,62.0,3.3,4.1,0.6,308.6,6.4,975,0,0.0,39.9,39.4,,0.1005945339793502,0.6835502512697941,0.2054404013254821,0.137879594005168,0.1602021779773722,0.6371286440287436,0.4624071476366289,False
2021-10-25 16:06:00,259.0,316.6,147.8,265.2,264.3,32.0,63.2,2.6,3.4,0.5,296.8,11.3,975,0,0.0,39.7,39.3,,0.0881926653072501,0.6588447963699431,0.2003292518659424,0.1230692905027336,0.1452638255126707,0.1585505773227787,0.0905735894594179,False
2021-10-25 16:07:00,252.3,305.0,146.4,258.3,257.4,32.0,62.6,2.9,3.4,0.4,294.8,8.3,975,0,0.0,39.6,39.2,,0.0674195352814824,0.6126216872024798,0.1913847403117476,0.101326504509798,0.1228562968156182,0.3636554630539064,0.0905735894594179,False
2021-10-25 16:08:00,232.6,257.7,144.8,238.8,238.0,32.0,63.1,2.7,3.6,0.6,299.9,10.4,975,0,0.0,39.5,39.1,,0.0063403320713892,0.4241429748213582,0.1811624413926678,0.0398795006167187,0.0598554190297029,0.226918872566488,0.1968117489386212,False
2021-10-25 16:09:00,231.7,263.8,143.4,238.0,237.2,32.0,63.7,2.5,3.1,0.4,294.0,12.1,975,0,0.0,39.4,39.1,,0.0035499116201666,0.4484499546421794,0.1722179298384731,0.0373585978929001,0.0572574446880157,0.0901822820790693,-0.0687836497593866,False
2021-10-25 16:10:00,216.4,227.3,141.0,221.9,221.1,32.0,63.0,2.5,2.6,0.3,304.8,9.8,975,0,0.0,39.3,39.0,,-0.0438872360506162,0.3030065507962823,0.1568844814598534,-0.0133745694239498,0.0049732110615602,0.0901822820790693,-0.3343790484573945,False
2021-10-25 16:11:00,184.4,151.4,136.7,190.9,190.2,32.0,62.9,2.4,3.1,0.5,304.2,8.3,975,0,0.0,39.1,38.8,,-0.1431021854274173,0.0005639658126221,0.1294120531148265,-0.1110595499719219,-0.0953735478861091,0.0218139868353599,-0.0687836497593866,False
2021-10-25 16:12:00,147.9,60.8,133.0,155.6,154.8,31.9,63.7,2.6,3.4,0.4,296.6,14.7,975,0,0.0,38.8,38.6,,-0.256269237060331,-0.3604544557884267,0.1057729868644547,-0.2222943826604192,-0.210333912505769,0.1585505773227787,0.0905735894594179,False
2021-10-25 16:13:00,161.5,104.1,133.5,169.9,169.2,31.9,64.2,2.2,2.9,0.4,301.6,12.7,975,0,0.0,38.5,38.2,,-0.2141028835751906,-0.1879147465684993,0.1089674552766671,-0.1772332464721611,-0.1635703743553989,-0.1149226036520584,-0.1750218092385899,False
2021-10-25 16:14:00,174.6,146.0,134.5,183.7,183.0,31.8,64.7,2.7,3.4,0.5,296.9,11.5,975,0,0.0,38.2,38.0,,-0.1734867636740627,-0.02095368845499,0.115356392101092,-0.1337476744862897,-0.1187553169612941,0.226918872566488,0.0905735894594179,False
2021-10-25 16:15:00,209.3,244.5,137.7,217.3,216.6,31.8,64.6,2.4,3.1,0.4,303.0,9.6,975,0,0.0,38.0,37.8,,-0.0659005529435939,0.3715442643894173,0.1358009899392514,-0.027869760085907,-0.0096403946104304,0.0218139868353599,-0.0687836497593866,False
2021-10-25 16:16:00,215.4,263.8,138.6,223.2,222.6,31.7,66.0,1.9,2.6,0.4,296.3,8.4,975,0,0.0,37.9,37.7,,-0.0469877032186413,0.4484499546421794,0.1415510330812338,-0.0092781024977446,0.0098444129522237,-0.3200274893831865,-0.3343790484573945,False
2021-10-25 16:17:00,213.5,263.2,138.1,221.3,220.7,31.7,65.1,2.3,3.1,0.7,296.1,10.1,975,0,0.0,37.9,37.7,,-0.0528785908378888,0.4460591041680002,0.1383565646690213,-0.0152652464668138,0.0036742238907165,-0.0465543084083493,-0.0687836497593866,False
2021-10-25 16:18:00,209.2,258.3,136.6,217.1,216.5,31.7,64.5,2.1,3.1,0.5,303.6,12.7,975,0,0.0,37.8,37.6,,-0.0662105996603965,0.4265338252955374,0.1287731594323841,-0.0284999857668617,-0.0099651414031413,-0.1832908988957678,-0.0687836497593866,False
2021-10-25 16:19:00,205.1,253.8,135.2,213.1,212.6,31.7,66.0,2.5,3.2,0.4,303.7,9.0,975,0,0.0,37.8,37.6,,-0.0789225150492991,0.4086024467391939,0.1198286478781893,-0.0411044993859548,-0.0226302663188666,0.0901822820790693,-0.015664570019785,False
2021-10-25 16:20:00,200.2,247.4,133.6,208.5,207.9,31.7,66.2,2.2,2.9,0.4,303.2,9.7,975,0,0.0,37.7,37.6,,-0.0941148041726218,0.3831000416812832,0.1096063489591096,-0.055599690047912,-0.037893365576279,-0.1149226036520584,-0.1750218092385899,False
2021-10-25 16:21:00,195.6,241.4,132.0,202.8,203.2,31.8,66.9,2.3,3.1,0.4,296.2,10.3,975,0,0.0,37.7,37.5,,-0.108376953145537,0.3591915369394919,0.0993840500400299,-0.0735611219551197,-0.0531564648336916,-0.0465543084083493,-0.0687836497593866,False
2021-10-25 16:22:00,191.0,237.3,130.5,196.3,196.9,31.8,65.4,2.5,3.6,0.7,300.4,11.7,975,0,0.0,37.7,37.5,,-0.1226391021184521,0.3428540586992678,0.0898006448033926,-0.0940434565861461,-0.0736155127744785,0.0901822820790693,0.1968117489386212,False
2021-10-25 16:23:00,178.6,233.7,128.7,192.8,191.9,31.7,63.5,3.6,4.1,0.4,293.0,6.5,975,0,0.0,37.6,37.4,,-0.1610848950019625,0.328508955854193,0.0783005585194278,-0.1050724060028526,-0.0898528524100237,0.8422335297598716,0.4624071476366289,False
2021-10-25 16:24:00,150.6,231.0,127.0,191.9,190.2,31.7,64.1,2.9,3.6,0.5,298.7,13.0,975,0,0.0,37.4,37.2,,-0.2478979757066635,0.3177501287203869,0.0674393659179057,-0.1079084215671486,-0.0953735478861091,0.3636554630539064,0.1968117489386212,False
2021-10-25 16:25:00,124.5,227.3,125.3,189.0,188.4,31.6,64.8,2.6,3.4,0.7,292.1,14.5,975,0,0.0,37.2,37.1,,-0.3288201687921168,0.3030065507962823,0.0565781733163834,-0.1170466939409912,-0.1012189901549053,0.1585505773227787,0.0905735894594179,False
2021-10-25 16:26:00,115.3,221.5,123.6,184.6,184.2,31.6,65.5,2.6,3.1,0.5,302.4,9.9,975,0,0.0,37.1,37.0,,-0.3573444667379472,0.2798949962125506,0.0457169807148612,-0.1309116589219937,-0.1148583554487633,0.1585505773227787,-0.0687836497593866,False
2021-10-25 16:27:00,112.7,217.0,121.6,180.6,180.2,31.6,65.1,2.4,2.9,0.4,292.5,11.8,975,0,0.0,37.0,36.9,,-0.3654056813748123,0.2619636176562072,0.0329391070660115,-0.1435161725410869,-0.1278482271571995,0.0218139868353599,-0.1750218092385899,False
2021-10-25 16:28:00,110.7,201.7,119.7,176.4,176.1,31.6,64.8,2.5,3.4,0.6,300.0,9.5,975,0,0.0,37.0,36.8,,-0.3716066157108623,0.2009969305646393,0.0208001270996044,-0.1567509118411346,-0.1411628456583465,0.0901822820790693,0.0905735894594179,False
2021-10-25 16:29:00,108.9,191.0,117.9,171.6,171.2,31.6,65.3,2.7,3.6,0.5,300.0,7.4,975,0,0.0,36.9,36.7,,-0.3771874566133074,0.1583600971084448,0.0093000408156397,-0.1718763281840465,-0.1570754385011809,0.226918872566488,0.1968117489386212,False
2021-10-25 16:30:00,107.3,191.8,116.6,166.5,166.2,31.6,64.6,2.6,3.6,0.6,301.5,9.0,975,0,0.0,36.8,36.6,,-0.3821482040821474,0.1615478977406837,0.0009944229438873,-0.1879470830483903,-0.173312778136726,0.1585505773227787,0.1968117489386212,False
2021-10-25 16:31:00,105.9,195.9,115.2,164.4,164.1,31.6,64.5,2.0,3.0,0.5,302.7,12.1,975,0,0.0,36.7,36.5,,-0.3864888581173825,0.1778853759809077,-0.0079500886103073,-0.1945644526984142,-0.180132460783655,-0.2516591941394772,-0.1219027294989882,False
2021-10-25 16:32:00,104.3,191.5,113.8,160.8,160.5,31.6,65.1,2.2,2.9,0.5,299.6,12.6,975,0,0.0,36.6,36.4,,-0.3914496055862225,0.1603524725035941,-0.0168946001645021,-0.205908514955598,-0.1918233453212475,-0.1149226036520584,-0.1750218092385899,False
2021-10-25 16:33:00,102.7,187.0,112.1,157.2,156.9,31.6,65.2,2.1,2.6,0.5,296.8,11.6,975,0,0.0,36.5,36.3,,-0.3964103530550625,0.1424210939472506,-0.0277557927660243,-0.2172525772127819,-0.2035142298588401,-0.1832908988957678,-0.3343790484573945,False
2021-10-25 16:34:00,100.9,181.2,110.4,153.2,153.0,31.6,66.8,1.4,1.9,0.4,290.0,12.5,975,0,0.0,36.4,36.2,,-0.4019911939575076,0.1193095393635189,-0.0386169853675465,-0.2298570908318751,-0.2161793547745653,-0.661868965601733,-0.7062126066346057,False
2021-10-25 16:35:00,99.1,174.9,108.6,149.1,148.9,31.5,65.6,1.9,2.5,0.4,281.9,11.1,975,0,0.0,36.3,36.1,,-0.4075720348599527,0.0942056093846381,-0.0501170716515113,-0.2427767172914456,-0.2294939732757124,-0.3200274893831865,-0.3874981281969962,False
2021-10-25 16:36:00,97.5,168.9,106.9,145.2,144.9,31.5,64.9,2.2,2.9,0.4,280.9,8.2,975,0,0.0,36.2,36.0,,-0.4125327823287927,0.0702971046428468,-0.0609782642530334,-0.2550661180700614,-0.2424838449841485,-0.1149226036520584,-0.1750218092385899,False
2021-10-25 16:37:00,96.2,163.3,105.3,141.5,141.2,31.5,65.7,2.4,3.1,0.4,288.0,8.6,975,0,0.0,36.1,35.9,,-0.4165633896472253,0.0479825002171749,-0.0712005631721132,-0.2667252931677226,-0.2544994763144521,0.0218139868353599,-0.0687836497593866,False
2021-10-25 16:38:00,94.9,157.3,103.8,137.9,137.7,31.5,65.2,2.0,2.6,0.4,286.1,10.6,975,0,0.0,36.0,35.8,,-0.4205939969656578,0.0240739954753836,-0.0807839684087504,-0.2780693554249064,-0.2658656140593337,-0.2516591941394772,-0.3343790484573945,False
2021-10-25 16:39:00,93.5,152.2,102.3,134.4,134.2,31.4,66.5,1.5,2.1,0.4,280.1,16.6,975,0,0.0,35.9,35.7,,-0.4249346510008929,0.0037517664448609,-0.0903673736453877,-0.289098304841613,-0.2772317518042153,-0.5935006703580237,-0.5999744471554024,False
2021-10-25 16:40:00,92.0,146.6,100.7,131.0,130.7,31.4,65.6,2.1,2.6,0.4,290.3,10.0,975,0,0.0,35.8,35.6,,-0.4295853517529304,-0.0185628379808109,-0.1005896725644674,-0.2998121414178422,-0.288597889549097,-0.1832908988957678,-0.3343790484573945,False
